,Date,weighted_High
0,Oct 02  2019,17.406728799446277
1,Oct 01  2019,17.495534207265766
2,Sep 30  2019,17.44008568610888
3,Sep 29  2019,18.151210499461673
4,Sep 28  2019,17.811111366210827
5,Sep 27  2019,17.2946427885084
6,Sep 26  2019,17.302421991436894
7,Sep 25  2019,17.740398368464284
8,Sep 24  2019,20.64394233359122
9,Sep 23  2019,21.887593309772285
10,Sep 22  2019,22.026423387510853
11,Sep 21  2019,22.82532968692476
12,Sep 20  2019,23.11626951021264
13,Sep 19  2019,23.15669927797692
14,Sep 18  2019,22.86895927544036
15,Sep 17  2019,22.243867663350393
16,Sep 16  2019,22.56899849114074
17,Sep 15  2019,22.996824045898734
18,Sep 14  2019,23.01678470590924
19,Sep 13  2019,23.111635159674673
20,Sep 12  2019,23.00838007006077
21,Sep 11  2019,22.706443672742367
22,Sep 10  2019,23.809153713730204
23,Sep 09  2019,24.638032074768287
24,Sep 08  2019,24.870296140190952
25,Sep 07  2019,24.245928436682323
26,Sep 06  2019,24.893811770687915
27,Sep 05  2019,24.612758812698434
28,Sep 04  2019,25.265892884948627
29,Sep 03  2019,25.560663072078835
30,Sep 02  2019,24.691885318094744
31,Sep 01  2019,23.80481154912128
32,Aug 31  2019,22.86451336601812
33,Aug 30  2019,22.776573939682258
34,Aug 29  2019,22.71654081183395
35,Aug 28  2019,24.115265318320308
36,Aug 27  2019,24.34461848123179
37,Aug 26  2019,24.316921116064634
38,Aug 25  2019,24.45179601597962
39,Aug 24  2019,24.700868082772608
40,Aug 23  2019,25.40559334864696
41,Aug 22  2019,25.725940925215358
42,Aug 21  2019,25.809816322023295
43,Aug 20  2019,26.1380622424202
44,Aug 19  2019,25.76228675006376
45,Aug 18  2019,25.25650098423769
46,Aug 17  2019,25.201724950517615
47,Aug 16  2019,24.923427416440045
48,Aug 15  2019,25.49635251836296
49,Aug 14  2019,25.78993024796738
50,Aug 13  2019,26.78475562394698
51,Aug 12  2019,27.17946567044383
52,Aug 11  2019,27.261560100624674
53,Aug 10  2019,27.075480355268397
54,Aug 09  2019,26.806425659839494
55,Aug 08  2019,29.319919595979066
56,Aug 07  2019,31.630335715170297
57,Aug 06  2019,32.07189657280901
58,Aug 05  2019,31.282365654434116
59,Aug 04  2019,27.798587943787822
60,Aug 03  2019,28.1224385828176
61,Aug 02  2019,27.675128883472997
62,Aug 01  2019,27.211890612570155
63,Jul 31  2019,26.242986024861324
64,Jul 30  2019,25.177471836270826
65,Jul 29  2019,25.498325581330878
66,Jul 28  2019,25.307800631221536
67,Jul 27  2019,27.32626628732203
68,Jul 26  2019,26.342245799097928
69,Jul 25  2019,27.264406849529237
70,Jul 24  2019,27.227069092716654
71,Jul 23  2019,28.1146734038037
72,Jul 22  2019,28.944235972094493
73,Jul 21  2019,29.49039209351844
74,Jul 20  2019,29.47388462582911
75,Jul 19  2019,28.846807103535166
76,Jul 18  2019,28.91259933826506
77,Jul 17  2019,28.414526715465858
78,Jul 16  2019,29.45079238701256
79,Jul 15  2019,29.734603051570808
80,Jul 14  2019,30.500873770829287
81,Jul 13  2019,30.74914887726185
82,Jul 12  2019,31.25820085612342
83,Jul 11  2019,31.513889481055486
84,Jul 10  2019,34.68497951329124
85,Jul 09  2019,32.95992925537412
86,Jul 08  2019,31.594587403503144
87,Jul 07  2019,31.06704381736413
88,Jul 06  2019,30.15514094275345
89,Jul 05  2019,29.791692779108278
90,Jul 04  2019,31.306531670893445
91,Jul 03  2019,31.03533127267364
92,Jul 02  2019,28.709056477120765
93,Jul 01  2019,30.595203176171555
94,Jun 30  2019,34.61830835905041
95,Jun 29  2019,34.223969728770044
96,Jun 28  2019,32.765523906074606
97,Jun 27  2019,35.77666103777361
98,Jun 26  2019,36.0733293595212
99,Jun 25  2019,31.50609502830599
100,Jun 24  2019,33.24033677580589
101,Jun 23  2019,33.19930787470193
102,Jun 22  2019,29.987931162088902
103,Jun 21  2019,28.89453894978935
104,Jun 20  2019,28.10135328974304
105,Jun 19  2019,27.860379478075032
106,Jun 18  2019,28.312750210650883
107,Jun 17  2019,28.27823638179362
108,Jun 16  2019,28.219030515287404
109,Jun 15  2019,26.57456878266032
110,Jun 14  2019,26.836505874092847
111,Jun 13  2019,27.281328902548488
112,Jun 12  2019,27.189660830373995
113,Jun 11  2019,26.81466297998249
114,Jun 10  2019,26.282290941836326
115,Jun 09  2019,26.21103875568502
116,Jun 08  2019,26.17302052261299
117,Jun 07  2019,25.728585356044764
118,Jun 06  2019,24.99885709362439
119,Jun 05  2019,25.19626563411954
120,Jun 04  2019,25.410994726571374
121,Jun 03  2019,27.60783320615817
122,Jun 02  2019,27.784400631172712
123,Jun 01  2019,27.828978583190985
124,May 31  2019,27.069893487817673
125,May 30  2019,30.034606106934014
126,May 29  2019,27.207992596564946
127,May 28  2019,27.616603628887397
128,May 27  2019,28.33217745063629
129,May 26  2019,26.924919263402174
130,May 25  2019,27.17705582955543
131,May 24  2019,27.4638213472491
132,May 23  2019,26.863869803710166
133,May 22  2019,28.355140821880443
134,May 21  2019,28.31837735421444
135,May 20  2019,28.528619293304438
136,May 19  2019,30.350549104734075
137,May 18  2019,27.81619570846929
138,May 17  2019,29.25950781030328
139,May 16  2019,33.29185835587685
140,May 15  2019,32.17782667475043
141,May 14  2019,38.09100420700828
142,May 13  2019,27.957342305745776
143,May 12  2019,28.149131728910785
144,May 11  2019,28.934313439527923
145,May 10  2019,24.87091226906494
146,May 09  2019,24.725808421693937
147,May 08  2019,24.45697346435859
148,May 07  2019,25.732875253895575
149,May 06  2019,25.16299344954516
150,May 05  2019,25.2678284682673
151,May 04  2019,25.583952760802156
152,May 03  2019,25.32375844726327
153,May 02  2019,23.54714382354124
154,May 01  2019,23.08944696714237
155,Apr 30  2019,22.511021752771022
156,Apr 29  2019,23.071559438409796
157,Apr 28  2019,23.176186171392533
158,Apr 27  2019,22.14291026920099
159,Apr 26  2019,22.595973799007684
160,Apr 25  2019,23.91956662819095
161,Apr 24  2019,24.559691001817743
162,Apr 23  2019,25.09262400282332
163,Apr 22  2019,24.550410336797405
164,Apr 21  2019,24.518523701744343
165,Apr 20  2019,24.248460075025438
166,Apr 19  2019,24.195204042703033
167,Apr 18  2019,24.043125933347945
168,Apr 17  2019,23.6502060958992
169,Apr 16  2019,23.463417924998026
170,Apr 15  2019,24.407011194068946
171,Apr 14  2019,24.463095166407633
172,Apr 13  2019,23.58561690006747
173,Apr 12  2019,23.242280907845718
174,Apr 11  2019,24.575895297916563
175,Apr 10  2019,24.80203422070513
176,Apr 09  2019,24.77739690252346
177,Apr 08  2019,25.535646170670187
178,Apr 07  2019,24.8193958638758
179,Apr 06  2019,25.110542805967476
180,Apr 05  2019,24.32389910638384
181,Apr 04  2019,23.079160960674624
182,Apr 03  2019,23.98750144788259
183,Apr 02  2019,21.935620899078728
184,Apr 01  2019,19.406584474557306
185,Mar 31  2019,19.305891816134665
186,Mar 30  2019,19.530967093020834
187,Mar 29  2019,18.65684049453513
188,Mar 28  2019,18.653292672385174
189,Mar 27  2019,18.541395604943606
190,Mar 26  2019,18.199586125519858
191,Mar 25  2019,18.23150435292594
192,Mar 24  2019,17.78062186130182
193,Mar 23  2019,17.960844634534254
194,Mar 22  2019,17.772551019375218
195,Mar 21  2019,18.139457229176784
196,Mar 20  2019,18.15191005452925
197,Mar 19  2019,18.304646347447807
198,Mar 18  2019,18.66109394329383
199,Mar 17  2019,18.52353732555717
200,Mar 16  2019,18.64985612089665
201,Mar 15  2019,18.7935770952973
202,Mar 14  2019,20.974096321099037
203,Mar 13  2019,18.308663140372406
204,Mar 12  2019,22.304113340191208
205,Mar 11  2019,16.251427829277077
206,Mar 10  2019,16.1004300285827
207,Mar 09  2019,15.866902208012702
208,Mar 08  2019,15.686495418427807
209,Mar 07  2019,15.872660731083782
210,Mar 06  2019,16.09912202852451
211,Mar 05  2019,16.20444467760137
212,Mar 04  2019,15.755097803519636
213,Mar 03  2019,15.96124871670084
214,Mar 02  2019,16.09873350834503
215,Mar 01  2019,15.963395652728206
216,Feb 28  2019,15.969747593014088
217,Feb 27  2019,15.978727784646223
218,Feb 26  2019,16.106651777841243
219,Feb 25  2019,15.525209682153548
220,Feb 24  2019,17.24443903719228
221,Feb 23  2019,16.830877772474615
222,Feb 22  2019,16.310155933218322
223,Feb 21  2019,16.341107346329643
224,Feb 20  2019,16.568155048554196
225,Feb 19  2019,17.08882459555978
226,Feb 18  2019,16.86310760842827
227,Feb 17  2019,16.113054557304558
228,Feb 16  2019,15.873982213474186
229,Feb 15  2019,15.806808376358303
230,Feb 14  2019,15.810060773567688
231,Feb 13  2019,16.047685448965336
232,Feb 12  2019,15.888990364855209
233,Feb 11  2019,16.038645215526415
234,Feb 10  2019,16.05481894344104
235,Feb 09  2019,15.68879282068378
236,Feb 08  2019,15.750521186419784
237,Feb 07  2019,14.50437658948449
238,Feb 06  2019,14.923390324476784
239,Feb 05  2019,15.003316253635314
240,Feb 04  2019,15.063435568704328
241,Feb 03  2019,15.150386157411953
242,Feb 02  2019,14.966088642430977
243,Feb 01  2019,15.104463756346167
244,Jan 31  2019,15.415437267282055
245,Jan 30  2019,15.395387252808849
246,Jan 29  2019,15.503182405623987
247,Jan 28  2019,16.076083173434462
248,Jan 27  2019,16.374125705274576
249,Jan 26  2019,16.20475486447831
250,Jan 25  2019,16.50835231572586
251,Jan 24  2019,16.381185869466815
252,Jan 23  2019,16.386497966640974
253,Jan 22  2019,16.45961592199072
254,Jan 21  2019,16.02798356464203
255,Jan 20  2019,16.448926306929817
256,Jan 19  2019,16.558837928515157
257,Jan 18  2019,16.106495249530937
258,Jan 17  2019,16.150297798274135
259,Jan 16  2019,15.850538633038486
260,Jan 15  2019,15.610508615715604
261,Jan 14  2019,15.72256536318592
262,Jan 13  2019,16.4313811498006
263,Jan 12  2019,16.573583288367207
264,Jan 11  2019,16.490427573677668
265,Jan 10  2019,18.094022862043328
266,Jan 09  2019,17.99748897835967
267,Jan 08  2019,18.050273933755665
268,Jan 07  2019,18.51327038272355
269,Jan 06  2019,18.66905257841933
270,Jan 05  2019,17.91118290279478
271,Jan 04  2019,17.538677485565664
272,Jan 03  2019,17.874919695903458
273,Jan 02  2019,17.348163161405125
274,Jan 01  2019,16.52402180914106
275,Dec 31  2018,17.813604752463295
276,Dec 30  2018,18.334820528621087
277,Dec 29  2018,19.570811362633396
278,Dec 28  2018,20.381719285907927
279,Dec 27  2018,16.97462002972803
280,Dec 26  2018,17.247464979076707
281,Dec 25  2018,18.496516627276197
282,Dec 24  2018,20.021834876077396
283,Dec 23  2018,18.437409491996387
284,Dec 22  2018,17.742844459564502
285,Dec 21  2018,18.77815122919131
286,Dec 20  2018,18.77718169503588
287,Dec 19  2018,17.91222831447254
288,Dec 18  2018,17.277462510927894
289,Dec 17  2018,15.303080915589083
290,Dec 16  2018,14.562874596409364
291,Dec 15  2018,14.382987569138354
292,Dec 14  2018,15.434304455038411
293,Dec 13  2018,13.965681277233468
294,Dec 12  2018,14.350228238213615
295,Dec 11  2018,14.550840725026731
296,Dec 10  2018,16.54189589630758
297,Dec 09  2018,16.916381004961277
298,Dec 08  2018,16.5747764192179
299,Dec 07  2018,17.216495260627916
300,Dec 06  2018,18.456090791351272
301,Dec 05  2018,18.660136814083053
302,Dec 04  2018,19.25734597472929
303,Dec 03  2018,19.3893526185603
304,Dec 02  2018,20.217796843138853
305,Dec 01  2018,20.02509408597805
306,Nov 30  2018,20.60483962388141
307,Nov 29  2018,21.18700693801906
308,Nov 28  2018,21.959345131406295
309,Nov 27  2018,18.993390743950282
310,Nov 26  2018,20.813282210683983
311,Nov 25  2018,20.90771290882598
312,Nov 24  2018,22.06998777861941
313,Nov 23  2018,23.008883232948875
314,Nov 22  2018,25.017913885389465
315,Nov 21  2018,24.847424021499876
316,Nov 20  2018,25.150153333486294
317,Nov 19  2018,31.92144405173239
318,Nov 18  2018,32.4613118717603
319,Nov 17  2018,31.63273196859296
320,Nov 16  2018,33.04720847222989
321,Nov 15  2018,33.315824951450466
322,Nov 14  2018,37.44332119143975
323,Nov 13  2018,38.132468874395705
324,Nov 12  2018,38.64997812274812
325,Nov 11  2018,38.66057342750945
326,Nov 10  2018,39.19352953466895
327,Nov 09  2018,39.15108353235544
328,Nov 08  2018,38.920338408583575
329,Nov 07  2018,39.75433379956793
330,Nov 06  2018,39.212365510991965
331,Nov 05  2018,38.56456335324048
332,Nov 04  2018,38.442666121741766
333,Nov 03  2018,39.98362531155825
334,Nov 02  2018,40.06643456644396
335,Nov 01  2018,39.23788547678667
336,Oct 31  2018,38.18954793985542
337,Oct 30  2018,39.09651685544705
338,Oct 29  2018,41.94417950897773
339,Oct 28  2018,44.87672935880536
340,Oct 27  2018,41.62222943462702
341,Oct 26  2018,42.25008444326682
342,Oct 25  2018,45.02944268353653
343,Oct 24  2018,50.397833772449
344,Oct 23  2018,51.85036933288806
345,Oct 22  2018,37.34587760528868
346,Oct 21  2018,36.88828884779576
347,Oct 20  2018,36.58080247096608
348,Oct 19  2018,36.87752888955387
349,Oct 18  2018,37.52225092616878
350,Oct 17  2018,38.05925812392513
351,Oct 16  2018,39.546190400536936
352,Oct 15  2018,39.74650379543417
353,Oct 14  2018,36.97869821377857
354,Oct 13  2018,36.63749907854024
355,Oct 12  2018,36.521523994042326
356,Oct 11  2018,39.550860075652885
357,Oct 10  2018,40.18986667685641
358,Oct 09  2018,43.97991640189524
359,Oct 08  2018,42.30103117733919
360,Oct 07  2018,38.529829967342096
361,Oct 06  2018,39.91777777110001
362,Oct 05  2018,40.13594497145072
363,Oct 04  2018,39.88595342138993
364,Oct 03  2018,36.94642466949651
365,Oct 02  2018,36.928059743496405
366,Oct 01  2018,37.56638753690179
367,Sep 30  2018,38.339324105909846
368,Sep 29  2018,37.05732115944504
369,Sep 28  2018,37.42785841409304
370,Sep 27  2018,36.781836374001635
371,Sep 26  2018,35.37367600772061
372,Sep 25  2018,35.680532562245155
373,Sep 24  2018,36.94512286651556
374,Sep 23  2018,36.73120175557609
375,Sep 22  2018,36.45730958270329
376,Sep 21  2018,36.139902672665166
377,Sep 20  2018,34.96518889371079
378,Sep 19  2018,34.46746794158561
379,Sep 18  2018,35.39920077106606
380,Sep 17  2018,35.97633146015307
381,Sep 16  2018,36.57293865256199
382,Sep 15  2018,36.920340241006265
383,Sep 14  2018,39.09005797842683
384,Sep 13  2018,35.331343031365996
385,Sep 12  2018,33.881481373554934
386,Sep 11  2018,35.72713982072328
387,Sep 10  2018,35.71922533131509
388,Sep 09  2018,36.31540032989231
389,Sep 08  2018,37.14392579749907
390,Sep 07  2018,38.42752027556698
391,Sep 06  2018,35.54268999634775
392,Sep 05  2018,41.037330315323366
393,Sep 04  2018,41.30604153778127
394,Sep 03  2018,42.17418484591038
395,Sep 02  2018,42.294515971629835
396,Sep 01  2018,42.682661875857804
397,Aug 31  2018,40.49282608445692
398,Aug 30  2018,41.49214935639467
399,Aug 29  2018,41.49344889082204
400,Aug 28  2018,39.33882954378503
401,Aug 27  2018,37.57114996458776
402,Aug 26  2018,37.43902549322978
403,Aug 25  2018,38.73609934696845
404,Aug 24  2018,38.76694012314489
405,Aug 23  2018,35.13588414713937
406,Aug 22  2018,37.53353173356407
407,Aug 21  2018,36.28488920901318
408,Aug 20  2018,38.512244580072675
409,Aug 19  2018,38.70645158799442
410,Aug 18  2018,41.22665680555901
411,Aug 17  2018,40.22850007894089
412,Aug 16  2018,36.459847081209986
413,Aug 15  2018,38.41032847421174
414,Aug 14  2018,37.86577736355097
415,Aug 13  2018,39.001349065889194
416,Aug 12  2018,40.30994614049933
417,Aug 11  2018,41.83876015275615
418,Aug 10  2018,44.885211456044274
419,Aug 09  2018,45.28679795524547
420,Aug 08  2018,45.25950012463657
421,Aug 07  2018,48.08660939040034
422,Aug 06  2018,48.71741996204403
423,Aug 05  2018,48.76700673264754
424,Aug 04  2018,53.52641911127472
425,Aug 03  2018,53.0172389710972
426,Aug 02  2018,55.76240600898699
427,Aug 01  2018,53.663669085618665
428,Jul 31  2018,56.16135173188117
429,Jul 30  2018,59.73496561993933
430,Jul 29  2018,61.915054949650056
431,Jul 28  2018,61.19814671461041
432,Jul 27  2018,61.42000696988437
433,Jul 26  2018,63.00133177221424
434,Jul 25  2018,64.13687522820467
435,Jul 24  2018,66.84615080124797
436,Jul 23  2018,67.59062446703105
437,Jul 22  2018,69.13376854031337
438,Jul 21  2018,69.8028606289665
439,Jul 20  2018,69.83890361356364
440,Jul 19  2018,72.27763826584183
441,Jul 18  2018,72.77366286211483
442,Jul 17  2018,72.91749066450164
443,Jul 16  2018,67.68676923107881
444,Jul 15  2018,60.371344854099526
445,Jul 14  2018,54.575955359053275
446,Jul 13  2018,54.066946380753855
447,Jul 12  2018,55.47541787021985
448,Jul 11  2018,56.144959819730225
449,Jul 10  2018,58.17057612848383
450,Jul 09  2018,59.41628065673191
451,Jul 08  2018,60.81789572251542
452,Jul 07  2018,62.20344782706816
453,Jul 06  2018,63.71902803976105
454,Jul 05  2018,65.45015083927814
455,Jul 04  2018,66.76552439376391
456,Jul 03  2018,67.06840050787429
457,Jul 02  2018,67.68103981186691
458,Jul 01  2018,64.91309334988196
459,Jun 30  2018,65.14324670260538
460,Jun 29  2018,67.70096500362737
461,Jun 28  2018,65.38661968083562
462,Jun 27  2018,67.4146886569033
463,Jun 26  2018,70.7616052615865
464,Jun 25  2018,72.00466422405646
465,Jun 24  2018,70.94899670133869
466,Jun 23  2018,75.21862890645947
467,Jun 22  2018,86.45119901995818
468,Jun 21  2018,88.3418680907682
469,Jun 20  2018,87.86966962345466
470,Jun 19  2018,90.39592153583042
471,Jun 18  2018,91.20903519984348
472,Jun 17  2018,92.26093482594463
473,Jun 16  2018,87.82095979724808
474,Jun 15  2018,94.82898410227054
475,Jun 14  2018,94.81798887625537
476,Jun 13  2018,90.03704610264029
477,Jun 12  2018,90.10794931539019
478,Jun 11  2018,91.12695322370885
479,Jun 10  2018,98.33706818198004
480,Jun 09  2018,104.1325588175628
481,Jun 08  2018,103.34066707660412
482,Jun 07  2018,102.2981159345468
483,Jun 06  2018,96.50523951965995
484,Jun 05  2018,97.36539677751814
485,Jun 04  2018,95.8997773158421
486,Jun 03  2018,96.71471968929335
487,Jun 02  2018,98.52245435137141
488,Jun 01  2018,92.76152370882221
489,May 31  2018,88.64877457265558
490,May 30  2018,88.56621987965497
491,May 29  2018,90.55532083357939
492,May 28  2018,88.6776196238957
493,May 27  2018,91.65320243925939
494,May 26  2018,96.6319871159056
495,May 25  2018,99.80732233483805
496,May 24  2018,104.58125729020688
497,May 23  2018,108.35197657108142
498,May 22  2018,111.34792951805977
499,May 21  2018,113.70437802878156
500,May 20  2018,112.9271426663108
501,May 19  2018,104.6555530816378
502,May 18  2018,101.97080432055773
503,May 17  2018,94.62234778971435
504,May 16  2018,93.65616581645216
505,May 15  2018,98.0149170015813
506,May 14  2018,98.97606060266642
507,May 13  2018,88.75199501262908
508,May 12  2018,84.38807032288418
509,May 11  2018,91.2297655967303
510,May 10  2018,85.5529759617501
511,May 09  2018,83.83894594838016
512,May 08  2018,83.68224484196875
513,May 07  2018,86.6688221902416
514,May 06  2018,83.91986594817286
515,May 05  2018,86.80405774077185
516,May 04  2018,107.60891511466377
517,May 03  2018,79.85077006100454
518,May 02  2018,77.39650068299622
519,May 01  2018,80.10560714347355
520,Apr 30  2018,79.07074317080432
521,Apr 29  2018,83.91208740684016
522,Apr 28  2018,82.68227914727
523,Apr 27  2018,85.12575235138287
524,Apr 26  2018,79.47424777387623
525,Apr 25  2018,130.879427268289
526,Apr 24  2018,71.66318866188229
527,Apr 23  2018,62.33415164473708
528,Apr 22  2018,62.89989696310987
529,Apr 21  2018,63.145369743826826
530,Apr 20  2018,61.986027813104116
531,Apr 19  2018,57.61435992479541
532,Apr 18  2018,58.43074788798755
533,Apr 17  2018,57.71877504746456
534,Apr 16  2018,58.843693598973346
535,Apr 15  2018,60.456877229910525
536,Apr 14  2018,54.99495141812687
537,Apr 13  2018,56.418674893610834
538,Apr 12  2018,56.14694014943946
539,Apr 11  2018,48.495375332877074
540,Apr 10  2018,46.619253875737975
541,Apr 09  2018,48.03599772389564
542,Apr 08  2018,47.096743747598005
543,Apr 07  2018,46.52641295803497
544,Apr 06  2018,41.340756632532596
545,Apr 05  2018,40.278410945489746
546,Apr 04  2018,43.07762319253517
547,Apr 03  2018,43.15821010427811
548,Apr 02  2018,38.1991883232633
549,Apr 01  2018,36.76503951224845
550,Mar 31  2018,37.51847868054344
551,Mar 30  2018,37.71668019491184
552,Mar 29  2018,43.11545956089597
553,Mar 28  2018,44.09396871725119
554,Mar 27  2018,45.25145968099948
555,Mar 26  2018,47.613336988163994
556,Mar 25  2018,49.924280281609484
557,Mar 24  2018,51.580717736972304
558,Mar 23  2018,48.79020144700935
559,Mar 22  2018,50.58832442143648
560,Mar 21  2018,51.32245017762699
561,Mar 20  2018,51.21136956189498
562,Mar 19  2018,50.45201405682098
563,Mar 18  2018,48.79642322432935
564,Mar 17  2018,51.55306399195153
565,Mar 16  2018,52.3880725881945
566,Mar 15  2018,51.46488930851351
567,Mar 14  2018,55.74373720448764
568,Mar 13  2018,57.12101955864727
569,Mar 12  2018,60.641810015119134
570,Mar 11  2018,59.85269542236135
571,Mar 10  2018,59.81353764335286
572,Mar 09  2018,56.6598892046744
573,Mar 08  2018,62.35051806328544
574,Mar 07  2018,69.78010864965314
575,Mar 06  2018,74.91680899241291
576,Mar 05  2018,76.47173119883469
577,Mar 04  2018,74.86742917809768
578,Mar 03  2018,75.75046981742769
579,Mar 02  2018,77.08501964968757
580,Mar 01  2018,74.47421166807766
581,Feb 28  2018,74.73176881677956
582,Feb 27  2018,72.65021895830489
583,Feb 26  2018,70.37027573591448
584,Feb 25  2018,76.18396659732332
585,Feb 24  2018,71.85026474125333
586,Feb 23  2018,72.26336813476289
587,Feb 22  2018,72.21199966716834
588,Feb 21  2018,75.83397048338415
589,Feb 20  2018,82.69719707347694
590,Feb 19  2018,86.49862958127159
591,Feb 18  2018,90.36479424301017
592,Feb 17  2018,91.6683592158399
593,Feb 16  2018,84.82498986874504
594,Feb 15  2018,84.08709069814702
595,Feb 14  2018,75.61058485157227
596,Feb 13  2018,72.25820175035294
597,Feb 12  2018,73.83614329508057
598,Feb 11  2018,70.99985574214853
599,Feb 10  2018,76.99014192721806
600,Feb 09  2018,75.84986661202716
601,Feb 08  2018,72.9262915442951
602,Feb 07  2018,72.61107109875438
603,Feb 06  2018,69.10085733092949
604,Feb 05  2018,68.94318507628505
605,Feb 04  2018,82.99472292764426
606,Feb 03  2018,84.00551884523902
607,Feb 02  2018,78.72375773494969
608,Feb 01  2018,92.43294590492967
609,Jan 31  2018,93.43754960494714
610,Jan 30  2018,95.02173032074468
611,Jan 29  2018,91.26656653054407
612,Jan 28  2018,88.3189248338217
613,Jan 27  2018,87.15791498728092
614,Jan 26  2018,89.36286060335092
615,Jan 25  2018,90.50007258716983
616,Jan 24  2018,89.91654082962188
617,Jan 23  2018,87.9296424767112
618,Jan 22  2018,98.02243537671204
619,Jan 21  2018,108.69321950234205
620,Jan 20  2018,109.88387942274467
621,Jan 19  2018,102.66110236712913
622,Jan 18  2018,84.91597851623625
623,Jan 17  2018,78.39493528791971
624,Jan 16  2018,95.04376951422309
625,Jan 15  2018,101.63794583193754
626,Jan 14  2018,110.01545348879606
627,Jan 13  2018,114.0400557988904
628,Jan 12  2018,102.10728704914635
629,Jan 11  2018,99.52171469545685
630,Jan 10  2018,103.33332956060514
631,Jan 09  2018,110.13343761243915
632,Jan 08  2018,98.1258942763984
633,Jan 07  2018,106.61876850312538
634,Jan 06  2018,105.4440140767549
635,Jan 05  2018,105.4601592404365
636,Jan 04  2018,100.68365047536217
637,Jan 03  2018,99.53546383938367
638,Jan 02  2018,103.24853055999834
639,Jan 01  2018,99.51057137870208
640,Dec 31  2017,89.92088814167668
641,Dec 30  2017,89.06601940767467
642,Dec 29  2017,90.91317992635695
643,Dec 28  2017,86.28795023942565
644,Dec 27  2017,93.11558545455992
645,Dec 26  2017,87.59105111303785
646,Dec 25  2017,84.90419136544088
647,Dec 24  2017,80.29414348969652
648,Dec 23  2017,79.99551882187208
649,Dec 22  2017,84.48162726284437
650,Dec 21  2017,99.81649143264525
651,Dec 20  2017,89.04720795111763
652,Dec 19  2017,86.62582012466319
653,Dec 18  2017,83.45200140654167
654,Dec 17  2017,84.09704442973884
655,Dec 16  2017,80.73831600677318
656,Dec 15  2017,64.21440046727939
657,Dec 14  2017,65.49066216465707
658,Dec 13  2017,73.31985643813508
659,Dec 12  2017,63.80174335918926
660,Dec 11  2017,54.6685254949166
661,Dec 10  2017,52.75126715460957
662,Dec 09  2017,48.81365716249088
663,Dec 08  2017,48.19307796656592
664,Dec 07  2017,42.744751557483724
665,Dec 06  2017,46.898681209768746
666,Dec 05  2017,50.37369765174339
667,Dec 04  2017,48.726840976522176
668,Dec 03  2017,48.6151141551518
669,Dec 02  2017,49.43408390030626
670,Dec 01  2017,49.3017264174459
671,Nov 30  2017,56.898469296622736
672,Nov 29  2017,60.05114066138942
673,Nov 28  2017,50.12064208790499
674,Nov 27  2017,59.08026401448895
675,Nov 26  2017,55.608893429326535
676,Nov 25  2017,43.255553606944204
677,Nov 24  2017,42.6551129873657
678,Nov 23  2017,37.919873400931834
679,Nov 22  2017,33.360115791212536
680,Nov 21  2017,27.847801871085046
681,Nov 20  2017,27.892624062333248
682,Nov 19  2017,28.9088018380973
683,Nov 18  2017,28.345670138664133
684,Nov 17  2017,27.022626641543617
685,Nov 16  2017,26.56648043835459
686,Nov 15  2017,28.120694184505204
687,Nov 14  2017,27.410836115065443
688,Nov 13  2017,26.467325074494315
689,Nov 12  2017,24.95608591801737
690,Nov 11  2017,24.659492878209377
691,Nov 10  2017,26.526880712207166
692,Nov 09  2017,26.205396009236193
693,Nov 08  2017,24.90683615250822
694,Nov 07  2017,23.332744971016385
695,Nov 06  2017,23.231120618545457
696,Nov 05  2017,23.33979591789742
697,Nov 04  2017,23.70168447424392
698,Nov 03  2017,20.850981136689505
699,Nov 02  2017,19.380267326996584
700,Nov 01  2017,21.071490616688003
701,Oct 31  2017,23.01997380060726
702,Oct 30  2017,23.65011271161949
703,Oct 29  2017,26.333868634902668
704,Oct 28  2017,25.72662309622864
705,Oct 27  2017,25.950919836035382
706,Oct 26  2017,28.262066045489366
707,Oct 25  2017,30.604977815295474
708,Oct 24  2017,22.849466034485243
709,Oct 23  2017,20.70502522909085
710,Oct 22  2017,21.01933935303841
711,Oct 21  2017,21.343089873041524
712,Oct 20  2017,22.581448337753137
713,Oct 19  2017,21.938831214900727
714,Oct 18  2017,22.800210568648478
715,Oct 17  2017,24.16585009112828
716,Oct 16  2017,22.39434605729606
717,Oct 15  2017,23.35047209361074
718,Oct 14  2017,24.02686240201485
719,Oct 13  2017,23.355265026633628
720,Oct 12  2017,22.956147883976296
721,Oct 11  2017,22.9259214100887
722,Oct 10  2017,23.574607994408083
723,Oct 09  2017,22.788365292956154
724,Oct 08  2017,23.891634720499937
725,Oct 07  2017,25.198378431215264
726,Oct 06  2017,25.020719884608805
727,Oct 05  2017,26.105272674722126
728,Oct 04  2017,27.262345225252222
729,Oct 03  2017,27.54231307136144
730,Oct 02  2017,29.43012533172443
731,Oct 01  2017,27.881417763423254
732,Sep 30  2017,28.66069235825742
733,Sep 29  2017,28.37251053346201
734,Sep 28  2017,29.254382357916693
735,Sep 27  2017,29.946195128114397
736,Sep 26  2017,28.397071022345173
737,Sep 25  2017,29.13495751199869
738,Sep 24  2017,30.64104053021845
739,Sep 23  2017,31.57947072160709
740,Sep 22  2017,28.592852625964653
741,Sep 21  2017,31.1443490894439
742,Sep 20  2017,32.7652743074727
743,Sep 19  2017,27.405508187141063
744,Sep 18  2017,25.71824702400489
745,Sep 17  2017,25.01666475821231
746,Sep 16  2017,26.806151769218918
747,Sep 15  2017,24.491770557923548
748,Sep 14  2017,21.135129687207208
749,Sep 13  2017,22.460470876939254
750,Sep 12  2017,23.976456664020947
751,Sep 11  2017,23.721803182684315
752,Sep 10  2017,24.382275417794453
753,Sep 09  2017,25.053392617507182
754,Sep 08  2017,29.012675898864554
755,Sep 07  2017,28.328807469104742
756,Sep 06  2017,28.582500162833384
757,Sep 05  2017,27.888174777781245
758,Sep 04  2017,29.5167288098918
759,Sep 03  2017,32.177478368715924
760,Sep 02  2017,34.639477361024255
761,Sep 01  2017,34.6354212808444
762,Aug 31  2017,31.87478881036379
763,Aug 30  2017,32.378985655945925
764,Aug 29  2017,31.731596220964523
765,Aug 28  2017,34.62256351988644
766,Aug 27  2017,35.94717580608364
767,Aug 26  2017,34.398985607462016
768,Aug 25  2017,27.62787471326934
769,Aug 24  2017,24.926291127870805
770,Aug 23  2017,21.161741330004954
771,Aug 22  2017,21.038846773471782
772,Aug 21  2017,21.860032644058716
773,Aug 20  2017,20.863397193966385
774,Aug 19  2017,22.001905215756945
775,Aug 18  2017,20.356759785772994
776,Aug 17  2017,20.913090845384502
777,Aug 16  2017,23.31023739958291
778,Aug 15  2017,24.872391991005962
779,Aug 14  2017,20.381858834688757
780,Aug 13  2017,21.810787565322478
781,Aug 12  2017,23.24027010193009
782,Aug 11  2017,22.694884892686886
783,Aug 10  2017,24.087349969585386
784,Aug 09  2017,25.893648638100608
785,Aug 08  2017,26.086475516362658
786,Aug 07  2017,24.923173720266348
787,Aug 06  2017,24.99766409770719
788,Aug 05  2017,24.69766220659068
789,Aug 04  2017,23.086046002249375
790,Aug 03  2017,23.815020353527697
791,Aug 02  2017,25.98638758923527
792,Aug 01  2017,26.494621061491408
793,Jul 31  2017,24.973172771116733
794,Jul 30  2017,26.08691142864681
795,Jul 29  2017,26.020530561940717
796,Jul 28  2017,20.6901599089582
797,Jul 27  2017,21.166881782459615
798,Jul 26  2017,21.43372984060013
799,Jul 25  2017,23.71678868264765
800,Jul 24  2017,22.87168390055078
801,Jul 23  2017,23.877489675597836
802,Jul 22  2017,23.960637246502035
803,Jul 21  2017,22.85603738897268
804,Jul 20  2017,23.889677730871
805,Jul 19  2017,23.07179415614565
806,Jul 18  2017,23.437489181233865
807,Jul 17  2017,21.891071407036655
808,Jul 16  2017,18.59559390957909
809,Jul 15  2017,20.53214930729386
810,Jul 14  2017,23.190152852333206
811,Jul 13  2017,26.3079948715932
812,Jul 12  2017,26.217045651283158
813,Jul 11  2017,28.566117936542668
814,Jul 10  2017,30.203185045346583
815,Jul 09  2017,34.10818550636725
816,Jul 08  2017,34.91749752365041
817,Jul 07  2017,33.872971609320636
818,Jul 06  2017,34.63150896610683
819,Jul 05  2017,36.94681042414823
820,Jul 04  2017,34.59906336530682
821,Jul 03  2017,29.98867263130947
822,Jul 02  2017,28.138280378863033
823,Jul 01  2017,31.618274763059343
824,Jun 30  2017,32.223825760334684
825,Jun 29  2017,34.430177903950636
826,Jun 28  2017,35.16936843116236
827,Jun 27  2017,34.35200327487512
828,Jun 26  2017,38.79275844379208
829,Jun 25  2017,41.684979117655644
830,Jun 24  2017,46.35407740793717
831,Jun 23  2017,45.45512726537558
832,Jun 22  2017,43.31008383041046
833,Jun 21  2017,37.174700400345955
834,Jun 20  2017,38.39831360290514
835,Jun 19  2017,41.13832084480222
836,Jun 18  2017,44.698104444653865
837,Jun 17  2017,31.539513823785896
838,Jun 16  2017,31.954477998762446
839,Jun 15  2017,30.829677188707084
840,Jun 14  2017,36.50686416774964
841,Jun 13  2017,36.5372053391141
842,Jun 12  2017,41.872910468067346
843,Jun 11  2017,42.88770382504915
844,Jun 10  2017,43.91019606523614
845,Jun 09  2017,41.048268050480246
846,Jun 08  2017,34.63494901070142
847,Jun 07  2017,37.75993878312737
848,Jun 06  2017,35.047999345563895
849,Jun 05  2017,34.25901496615991
850,Jun 04  2017,34.314840782316054
851,Jun 03  2017,36.95088608476415
852,Jun 02  2017,30.39609529866893
853,Jun 01  2017,25.50660559602726
854,May 31  2017,21.720989769067288
855,May 30  2017,22.241462880176606
856,May 29  2017,20.592278087014545
857,May 28  2017,21.177520141416096
858,May 27  2017,21.236163243878686
859,May 26  2017,25.342479881543294
860,May 25  2017,26.288144011716707
861,May 24  2017,27.141503095320726
862,May 23  2017,22.09947238515182
863,May 22  2017,20.867422748490736
864,May 21  2017,20.719823590106397
865,May 20  2017,20.889218476183096
866,May 19  2017,20.502907590507057
867,May 18  2017,22.57965185767634
868,May 17  2017,26.716077688975712
869,May 16  2017,15.187394193116264
870,May 15  2017,16.778166774815453
871,May 14  2017,18.205953256862472
872,May 13  2017,19.578725415085586
873,May 12  2017,15.654090499843129
874,May 11  2017,15.87918106341832
875,May 10  2017,15.980807657532218
876,May 09  2017,17.025594858424412
877,May 08  2017,18.45981841966669
878,May 07  2017,18.60474410829355
879,May 06  2017,16.370434478421355
880,May 05  2017,16.57429803360476
881,May 04  2017,15.022369818850727
882,May 03  2017,14.59257891300959
883,May 02  2017,15.297753903112028
884,May 01  2017,15.393576815757019
885,Apr 30  2017,16.009144021775878
886,Apr 29  2017,15.356545494694105
887,Apr 28  2017,15.491177930111283
888,Apr 27  2017,15.900593841307822
889,Apr 26  2017,16.812029852332017
890,Apr 25  2017,17.29831383633405
891,Apr 24  2017,17.779459530338432
892,Apr 23  2017,16.391719140054743
893,Apr 22  2017,14.593858086494997
894,Apr 21  2017,14.407794982814048
895,Apr 20  2017,14.707571441967993
896,Apr 19  2017,15.265987021032778
897,Apr 18  2017,11.910874850505332
898,Apr 17  2017,12.075013908257446
899,Apr 16  2017,12.295539880276039
900,Apr 15  2017,12.446739090458085
901,Apr 14  2017,11.03196396355222
902,Apr 13  2017,11.359418096911496
903,Apr 12  2017,11.170254213541655
904,Apr 11  2017,11.829251614743823
905,Apr 10  2017,12.98141012537102
906,Apr 09  2017,13.149678339120092
907,Apr 08  2017,11.85164586995597
908,Apr 07  2017,9.292500293155452
909,Apr 06  2017,10.088953287089588
910,Apr 05  2017,10.234370122609493
911,Apr 04  2017,10.8233878981735
912,Apr 03  2017,11.861588915685195
913,Apr 02  2017,12.693239619312418
914,Apr 01  2017,12.868806649244748
915,Mar 31  2017,12.877645367695637
916,Mar 30  2017,13.52231103103338
917,Mar 29  2017,12.811792306090442
918,Mar 28  2017,14.431359177518802
919,Mar 27  2017,17.180378720321805
920,Mar 26  2017,20.56227922725617
921,Mar 25  2017,9.849529463810926
922,Mar 24  2017,7.342708820022392
923,Mar 23  2017,7.839197252411587
924,Mar 22  2017,5.714989490466574
925,Mar 21  2017,5.944937465844345
926,Mar 20  2017,6.288724056435264
927,Mar 19  2017,7.090450351770871
928,Mar 18  2017,5.995697598286997
929,Mar 17  2017,4.903116334889378
930,Mar 16  2017,5.777417643960024
931,Mar 15  2017,5.323848236256582
932,Mar 14  2017,4.942657878271225
933,Mar 13  2017,5.460254998262465
934,Mar 12  2017,4.662106896551385
935,Mar 11  2017,3.098963990387586
936,Mar 10  2017,3.1679330386999043
937,Mar 09  2017,2.9530369256491054
938,Mar 08  2017,3.0735814213276402
939,Mar 07  2017,3.195633895835339
940,Mar 06  2017,1.9946469529394344
941,Mar 05  2017,1.811249802804685
942,Mar 04  2017,1.8852739266641374
943,Mar 03  2017,1.9683662549705607
944,Mar 02  2017,1.8048686220777415
945,Mar 01  2017,1.9022945798775461
946,Feb 28  2017,2.0404721870995157
947,Feb 27  2017,2.1735358734675474
948,Feb 26  2017,2.266302460043769
949,Feb 25  2017,2.1608379077806044
950,Feb 24  2017,2.079474715183324
951,Feb 23  2017,2.0006688113215145
952,Feb 22  2017,1.8690621773204819
953,Feb 21  2017,1.628747251366856
954,Feb 20  2017,1.7222427917348502
955,Feb 19  2017,1.8496994866767351
956,Feb 18  2017,1.8436303418860982
957,Feb 17  2017,1.9221594698932416
958,Feb 16  2017,2.1772337570844047
959,Feb 15  2017,2.3326662114730436
960,Feb 14  2017,2.3961426201897096
961,Feb 13  2017,2.4262820553985227
962,Feb 12  2017,2.239709222476589
963,Feb 11  2017,2.4051259980841313
964,Feb 10  2017,2.4810434735563898
965,Feb 09  2017,2.5542241043665426
966,Feb 08  2017,2.625143083066407
967,Feb 07  2017,2.3292287648795864
968,Feb 06  2017,2.7302062467031174
969,Feb 05  2017,3.1153685762094074
970,Feb 04  2017,3.132504386074336
971,Feb 03  2017,2.3858993361288334
972,Feb 02  2017,2.3660537574673524
973,Feb 01  2017,2.4174713788879134
974,Jan 31  2017,2.0965891616270698
975,Jan 30  2017,1.8104166511084014
976,Jan 29  2017,1.8935437905270183
977,Jan 28  2017,1.3437973903979634
978,Jan 27  2017,1.3645045555320416
979,Jan 26  2017,1.4229339030868744
980,Jan 25  2017,0.8230924976698373
981,Jan 24  2017,0.84212475355765
982,Jan 23  2017,0.8144640279990791
983,Jan 22  2017,0.7594592192897739
984,Jan 21  2017,0.7125285916258562
985,Jan 20  2017,0.8177176656636805
986,Jan 19  2017,0.8470843500842913
987,Jan 18  2017,0.6950931445570111
988,Jan 17  2017,0.7349061550602586
989,Jan 16  2017,0.7736589381638236
990,Jan 15  2017,0.8334181417262249
991,Jan 14  2017,0.981445995080322
992,Jan 13  2017,0.9264597195255365
993,Jan 12  2017,0.6412397772962809
994,Jan 11  2017,0.5404621350648732
995,Jan 10  2017,0.5997442842756527
996,Jan 09  2017,0.6382999886853532
997,Jan 08  2017,0.6134980481153953
998,Jan 07  2017,0.5694705033278198
999,Jan 06  2017,0.36172617071852137
1000,Jan 05  2017,0.4316937034850938
1001,Jan 04  2017,0.4411474393757786
1002,Jan 03  2017,0.26189624723607224
1003,Jan 02  2017,0.2742280145391478
1004,Jan 01  2017,0.2825949480162229
1005,Dec 31  2016,0.2549781744431619
1006,Dec 30  2016,0.26444128426786956
1007,Dec 29  2016,0.2893936274330265
1008,Dec 28  2016,0.3017921035423899
1009,Dec 27  2016,0.2419744905769861
1010,Dec 26  2016,0.2561994564218833
1011,Dec 25  2016,0.2598722143623499
1012,Dec 24  2016,0.45372994413550055
1013,Dec 23  2016,0.303117041092176
1014,Dec 22  2016,0.3029416591893784
1015,Dec 21  2016,0.33931737464498707
1016,Dec 20  2016,0.33353547020261076
1017,Dec 19  2016,0.3376529266810278
1018,Dec 18  2016,0.3520734178727786
1019,Dec 17  2016,0.3593335212861591
1020,Dec 16  2016,0.34692605805909815
1021,Dec 15  2016,0.36160978610874994
1022,Dec 14  2016,0.36377541597558544
1023,Dec 13  2016,0.3993512825239139
1024,Dec 12  2016,0.37856272466093194
1025,Dec 11  2016,0.34402158179385
1026,Dec 10  2016,0.36085162333840126
1027,Dec 09  2016,0.3373895408204404
1028,Dec 08  2016,0.29634488975840134
1029,Dec 07  2016,0.32505500616740346
1030,Dec 06  2016,0.32465913226479914
1031,Dec 05  2016,0.37111964093855115
1032,Dec 04  2016,0.3829848409732233
1033,Dec 03  2016,0.40193178039631283
1034,Dec 02  2016,0.4066447486681684
1035,Dec 01  2016,0.4226068380248596
1036,Nov 30  2016,0.44519160685159015
1037,Nov 29  2016,0.39231722422994975
1038,Nov 28  2016,0.41197453927872457
1039,Nov 27  2016,0.3794942497200269
1040,Nov 26  2016,0.40123067362609516
1041,Nov 25  2016,0.41392884572667765
1042,Nov 24  2016,0.4212882983199855
1043,Nov 23  2016,0.4295944120708661
1044,Nov 22  2016,0.4505701827841194
1045,Nov 21  2016,0.4630778169259971
1046,Nov 20  2016,0.4642057285948299
1047,Nov 19  2016,0.5377443970779676
1048,Nov 18  2016,0.4719660888158802
1049,Nov 17  2016,0.48548582359628384
1050,Nov 16  2016,0.5024016240795575
1051,Nov 15  2016,0.46933251549916805
1052,Nov 14  2016,0.40370724102677236
1053,Nov 13  2016,0.4155513769811992
1054,Nov 12  2016,0.40491724362892856
1055,Nov 11  2016,0.42864099051500293
1056,Nov 10  2016,0.47379969780604503
1057,Nov 09  2016,0.5447081574368162
1058,Nov 08  2016,0.3855924976056961
1059,Nov 07  2016,0.39132671608927055
1060,Nov 06  2016,0.37668229062192976
1061,Nov 05  2016,0.4015405365441761
1062,Nov 04  2016,0.41155364398539906
1063,Nov 03  2016,0.44173334018817934
1064,Nov 02  2016,0.4365214876817698
1065,Nov 01  2016,0.4475768050926952
1066,Oct 31  2016,0.5083767144380509
1067,Oct 30  2016,0.5510769893616083
1068,Oct 29  2016,0.6167761426384372
1069,Oct 28  2016,0.5236008234343763
1070,Oct 27  2016,0.5663809721123324
1071,Oct 26  2016,0.571433317055004
1072,Oct 25  2016,0.5919370369177536
1073,Oct 24  2016,0.6296086615041627
1074,Oct 23  2016,0.6380147233736906
1075,Oct 22  2016,0.641142930726445
1076,Oct 21  2016,0.6412270395512629
1077,Oct 20  2016,0.6216998698742117
1078,Oct 19  2016,0.6258806406698929
1079,Oct 18  2016,0.6914693606250221
1080,Oct 17  2016,0.6795771828698846
1081,Oct 16  2016,0.6353246337111309
1082,Oct 15  2016,0.6559607816291415
1083,Oct 14  2016,0.6728760703303244
1084,Oct 13  2016,0.6709648008103258
1085,Oct 12  2016,0.6722160806807714
1086,Oct 11  2016,0.6879030311888342
1087,Oct 10  2016,0.723224034730126
1088,Oct 09  2016,0.7631867123957071
1089,Oct 08  2016,0.7894130851564908
1090,Oct 07  2016,0.8392146129738653
1091,Oct 06  2016,0.8249373633565025
1092,Oct 05  2016,0.8359263578030828
1093,Oct 04  2016,0.770564345825647
1094,Oct 03  2016,0.8409676157481154
1095,Oct 02  2016,0.7249032456774971
1096,Oct 01  2016,0.7350017502332022
1097,Sep 30  2016,0.7304218462453568
1098,Sep 29  2016,0.7642035210102748
1099,Sep 28  2016,0.7695421486548688
1100,Sep 27  2016,0.8549554063457864
1101,Sep 26  2016,0.9065348724493899
1102,Sep 25  2016,0.9346784906007103
1103,Sep 24  2016,0.9542533433277346
1104,Sep 23  2016,0.9196912672088531
1105,Sep 22  2016,0.9249470735827396
1106,Sep 21  2016,0.9641699813535077
1107,Sep 20  2016,1.0287732519025403
1108,Sep 19  2016,1.0305667989670104
1109,Sep 18  2016,1.1046641921864373
1110,Sep 17  2016,1.149454850132502
1111,Sep 16  2016,1.182117451372826
1112,Sep 15  2016,1.185387958956959
1113,Sep 14  2016,1.196863895118825
1114,Sep 13  2016,1.1732192619824928
1115,Sep 12  2016,1.181437373273168
1116,Sep 11  2016,1.2253558923062131
1117,Sep 10  2016,1.2428289831484551
1118,Sep 09  2016,1.2280101103560126
1119,Sep 08  2016,1.208693794337263
1120,Sep 07  2016,1.225714684735623
1121,Sep 06  2016,1.2330150079388646
1122,Sep 05  2016,1.2286419819131598
1123,Sep 04  2016,1.219356335592831
1124,Sep 03  2016,1.207011474102618
1125,Sep 02  2016,1.2058211208521197
1126,Sep 01  2016,1.2697603818453786
1127,Aug 31  2016,1.2272580696632012
1128,Aug 30  2016,1.2315698545768252
1129,Aug 29  2016,1.2626578989631168
1130,Aug 28  2016,1.225982120164653
1131,Aug 27  2016,1.2369171821631935
1132,Aug 26  2016,1.3403851771186388
1133,Aug 25  2016,1.2771540009264433
1134,Aug 24  2016,1.2906948763344914
1135,Aug 23  2016,1.2602197977122318
1136,Aug 22  2016,1.2557074029757664
1137,Aug 21  2016,1.3082697016169047
1138,Aug 20  2016,1.2923079490526475
1139,Aug 19  2016,1.2927402813033102
1140,Aug 18  2016,1.317934683788413
1141,Aug 17  2016,1.3253841819532441
1142,Aug 16  2016,1.3215998898642303
1143,Aug 15  2016,1.425915837461046
1144,Aug 14  2016,1.4174076884720663
1145,Aug 13  2016,1.567082119775383
1146,Aug 12  2016,1.4364259328945115
1147,Aug 11  2016,1.3501718105954015
1148,Aug 10  2016,1.2858494507895548
1149,Aug 09  2016,1.2789928626903457
1150,Aug 08  2016,1.2668350284853827
1151,Aug 07  2016,1.297640132816796
1152,Aug 06  2016,1.3354048492965336
1153,Aug 05  2016,1.343390069944168
1154,Aug 04  2016,1.3333125681237215
1155,Aug 03  2016,1.2736118820567697
1156,Aug 02  2016,1.465594300757945
1157,Aug 01  2016,1.4637917717191353
1158,Jul 31  2016,1.7764194422453474
1159,Jul 30  2016,1.4068679644228543
1160,Jul 29  2016,1.3583524977477288
1161,Jul 28  2016,1.3804041503179543
1162,Jul 27  2016,1.4258626457771402
1163,Jul 26  2016,1.5014982070520555
1164,Jul 25  2016,1.5668024087187709
1165,Jul 24  2016,1.5408399817333145
1166,Jul 23  2016,1.40012847045031
1167,Jul 22  2016,1.4815448035309606
1168,Jul 21  2016,1.4370447109877391
1169,Jul 20  2016,1.503104951011936
1170,Jul 19  2016,1.5309492590815093
1171,Jul 18  2016,1.5278373489925652
1172,Jul 17  2016,1.5309050158852784
1173,Jul 16  2016,1.5755590944385733
1174,Jul 15  2016,1.644933286669149
1175,Jul 14  2016,1.4833567934996543
1176,Jul 13  2016,1.4481146550073511
1177,Jul 12  2016,1.4846065159152302
1178,Jul 11  2016,1.532051833658073
1179,Jul 10  2016,1.5310810519860174
1180,Jul 09  2016,1.533402458794548
1181,Jul 08  2016,1.5683439788209437
1182,Jul 07  2016,1.6142142439483065
1183,Jul 06  2016,1.71764941703221
1184,Jul 05  2016,1.719522978098378
1185,Jul 04  2016,1.806139936753897
1186,Jul 03  2016,1.8380477433939721
1187,Jul 02  2016,1.8788920180549629
1188,Jul 01  2016,1.9111695799259887
1189,Jun 30  2016,2.050539756040444
1190,Jun 29  2016,1.8383489478793922
1191,Jun 28  2016,1.7464051008320416
1192,Jun 27  2016,1.6546844985199116
1193,Jun 26  2016,1.4345892861072058
1194,Jun 25  2016,1.4115449817905288
1195,Jun 24  2016,1.4374981325728569
1196,Jun 23  2016,1.3847597284949202
1197,Jun 22  2016,1.5205846672685497
1198,Jun 21  2016,1.6560172707161622
1199,Jun 20  2016,1.7903185710137317
1200,Jun 19  2016,1.7854537401146149
1201,Jun 18  2016,1.6573418787229972
1202,Jun 17  2016,1.6879633592814298
1203,Jun 16  2016,1.5948899849993443
1204,Jun 15  2016,1.3007091998359686
1205,Jun 14  2016,1.2671119734230776
1206,Jun 13  2016,1.2849881436283896
1207,Jun 12  2016,1.2435360436159884
1208,Jun 11  2016,1.273202856686994
1209,Jun 10  2016,1.3021229861722414
1210,Jun 09  2016,1.2877761190952435
1211,Jun 08  2016,1.3059655089660138
1212,Jun 07  2016,1.3083956641271108
1213,Jun 06  2016,1.277252018626615
1214,Jun 05  2016,1.3546865451664503
1215,Jun 04  2016,1.3924227191587604
1216,Jun 03  2016,1.410722755134906
1217,Jun 02  2016,1.4348765201750449
1218,Jun 01  2016,1.4067134329619013
1219,May 31  2016,1.2410956240244833
1220,May 30  2016,1.1655027272231937
1221,May 29  2016,1.1893895599602795
1222,May 28  2016,1.2353187776752017
1223,May 27  2016,1.0600426848625333
1224,May 26  2016,1.04237954980863
1225,May 25  2016,1.144613926291431
1226,May 24  2016,1.2641928084427516
1227,May 23  2016,1.2761183622858094
1228,May 22  2016,1.1958269149362277
1229,May 21  2016,1.2155432731675508
1230,May 20  2016,1.2299864316845532
1231,May 19  2016,1.3807385561745968
1232,May 18  2016,1.4196030786311764
1233,May 17  2016,1.598735177751865
1234,May 16  2016,1.9679233212277936
1235,May 15  2016,1.0691776580706178
1236,May 14  2016,1.085030640473083
1237,May 13  2016,0.9775236819531916
1238,May 12  2016,1.0464580701282518
1239,May 11  2016,1.100431674160023
1240,May 10  2016,1.1220850788375145
1241,May 09  2016,1.1983567971077713
1242,May 08  2016,1.2511531355963794
1243,May 07  2016,1.2383985522562586
1244,May 06  2016,1.1847281982689313
1245,May 05  2016,1.1942971917572773
1246,May 04  2016,1.2708374473034494
1247,May 03  2016,1.2008925044808152
1248,May 02  2016,1.2218179586526396
1249,May 01  2016,1.2370369762974138
1250,Apr 30  2016,1.2555916320230593
1251,Apr 29  2016,1.1950827920467206
1252,Apr 28  2016,1.1686060242358636
1253,Apr 27  2016,1.2246171194623876
1254,Apr 26  2016,1.2662212505309607
1255,Apr 25  2016,1.2160781815026234
1256,Apr 24  2016,1.2649570712595088
1257,Apr 23  2016,1.2539920145585786
1258,Apr 22  2016,1.2849055763374377
1259,Apr 21  2016,1.2752792032290214
1260,Apr 20  2016,1.1473320621407133
1261,Apr 19  2016,1.3109275789472215
1262,Apr 18  2016,1.3409082015607963
1263,Apr 17  2016,1.0374295372260978
1264,Apr 16  2016,1.0504935835563374
1265,Apr 15  2016,1.081132149192445
1266,Apr 14  2016,1.2245513683240878
1267,Apr 13  2016,1.240029557519609
1268,Apr 12  2016,1.281353283031179
1269,Apr 11  2016,1.186777311836619
1270,Apr 10  2016,1.2320058454816736
1271,Apr 09  2016,1.3232800972930217
1272,Apr 08  2016,1.3791420225171858
1273,Apr 07  2016,1.4377111674935523
1274,Apr 06  2016,1.4519829051788455
1275,Apr 05  2016,1.3840776735097633
1276,Apr 04  2016,1.504823242092438
1277,Apr 03  2016,1.5246466016517044
1278,Apr 02  2016,1.508934175437431
1279,Apr 01  2016,1.5281324776628034
1280,Mar 31  2016,1.6396324013371213
1281,Mar 30  2016,1.6983707722794839
1282,Mar 29  2016,1.731257726245142
1283,Mar 28  2016,1.6770142808433948
1284,Mar 27  2016,1.8210199222566574
1285,Mar 26  2016,1.85121839052736
1286,Mar 25  2016,1.700561622087487
1287,Mar 24  2016,1.5686720958501779
1288,Mar 23  2016,1.6605731652916584
1289,Mar 22  2016,1.7730633935864994
1290,Mar 21  2016,1.7639822275953936
1291,Mar 20  2016,1.8835786787116149
1292,Mar 19  2016,1.9594302284665495
1293,Mar 18  2016,2.0745230340574925
1294,Mar 17  2016,2.097224281266448
1295,Mar 16  2016,2.1136413005021044
1296,Mar 15  2016,2.0853210569393825
1297,Mar 14  2016,1.9764484438345609
1298,Mar 13  2016,1.907776965046845
1299,Mar 12  2016,2.006265451243787
1300,Mar 11  2016,1.96976078096594
1301,Mar 10  2016,1.9843129896828273
1302,Mar 09  2016,2.133256210183772
1303,Mar 08  2016,1.8566073807213406
1304,Mar 07  2016,1.7080411688270065
1305,Mar 06  2016,1.5004177265307574
1306,Mar 05  2016,1.292549215254974
1307,Mar 04  2016,1.2918106700099883
1308,Mar 03  2016,1.402382516273067
1309,Mar 02  2016,1.3768704270321692
1310,Mar 01  2016,1.6321442913385196
1311,Feb 29  2016,1.926272942438598
1312,Feb 28  2016,1.9177705382239234
1313,Feb 27  2016,2.0038322021174877
1314,Feb 26  2016,2.170004251180365
1315,Feb 25  2016,2.2669148943561184
1316,Feb 24  2016,2.4320582607225187
1317,Feb 23  2016,1.691476301387487
1318,Feb 22  2016,1.4008121567213236
1319,Feb 21  2016,0.016677
1320,Feb 20  2016,0.016794999999999997
1321,Feb 19  2016,0.015643999999999998
1322,Feb 18  2016,0.015742
1323,Feb 17  2016,0.013562000000000001
1324,Feb 16  2016,0.016604
1325,Feb 15  2016,0.016745
1326,Feb 14  2016,0.011281
1327,Feb 13  2016,0.010966
1328,Feb 12  2016,0.011801
1329,Feb 11  2016,0.012256
1330,Feb 10  2016,0.011413
1331,Feb 09  2016,0.010734999999999998
1332,Feb 08  2016,0.009021
1333,Feb 07  2016,0.008676
1334,Feb 06  2016,0.008838
1335,Feb 05  2016,0.008944
1336,Feb 04  2016,0.010345999999999998
1337,Feb 03  2016,0.010361
1338,Feb 02  2016,0.010418
1339,Feb 01  2016,0.010541
1340,Jan 31  2016,0.010625
1341,Jan 30  2016,0.010816
1342,Jan 29  2016,0.011425
1343,Jan 28  2016,0.011609999999999999
1344,Jan 27  2016,0.011868
1345,Jan 26  2016,0.014495
1346,Jan 25  2016,0.023015
1347,Jan 24  2016,0.023116
1348,Jan 23  2016,0.023661
1349,Jan 22  2016,0.018397
1350,Jan 21  2016,0.019266
1351,Jan 20  2016,0.018877
1352,Jan 19  2016,0.015016
1353,Jan 18  2016,0.011371
1354,Jan 17  2016,0.008589
1355,Jan 16  2016,0.008514
1356,Jan 15  2016,0.009036
1357,Jan 14  2016,0.009079
1358,Jan 13  2016,0.007842
1359,Jan 12  2016,0.008072
1360,Jan 11  2016,0.008518000000000001
1361,Jan 10  2016,0.005828
1362,Jan 09  2016,0.006138
1363,Jan 08  2016,0.008167
1364,Jan 07  2016,0.005051
1365,Jan 06  2016,0.006389
1366,Jan 05  2016,0.007692000000000001
1367,Jan 04  2016,0.0077
1368,Jan 03  2016,0.006246
1369,Jan 02  2016,0.006894
1370,Jan 01  2016,0.008251999999999999
1371,Dec 31  2015,0.006961000000000001
1372,Dec 30  2015,0.006125
1373,Dec 29  2015,0.006092
1374,Dec 28  2015,0.006047
1375,Dec 27  2015,0.007692
1376,Dec 26  2015,0.007945
1377,Dec 25  2015,0.00868
1378,Dec 24  2015,0.00866
1379,Dec 23  2015,0.007965999999999999
1380,Dec 22  2015,0.007871
1381,Dec 21  2015,0.006266
1382,Dec 20  2015,0.006648
1383,Dec 19  2015,0.006810999999999999
1384,Dec 18  2015,0.006795000000000001
1385,Dec 17  2015,0.006885
1386,Dec 16  2015,0.0073430000000000014
1387,Dec 15  2015,0.00784
1388,Dec 14  2015,0.008314
1389,Dec 13  2015,0.008264
1390,Dec 12  2015,0.006097999999999999
1391,Dec 11  2015,0.009179999999999999
1392,Dec 10  2015,0.00907
1393,Dec 09  2015,0.006347000000000001
1394,Dec 08  2015,0.006161
1395,Dec 07  2015,0.006324000000000001
1396,Dec 06  2015,0.0068319999999999995
1397,Dec 05  2015,0.0066110000000000006
1398,Dec 04  2015,0.007234999999999999
1399,Dec 03  2015,0.006854000000000001
1400,Dec 02  2015,0.0068
1401,Dec 01  2015,0.007679000000000001
1402,Nov 30  2015,0.007686
1403,Nov 29  2015,0.008979000000000001
1404,Nov 28  2015,0.011704
1405,Nov 27  2015,0.011637999999999999
1406,Nov 26  2015,0.012055
1407,Nov 25  2015,0.011177
1408,Nov 24  2015,0.010968
1409,Nov 23  2015,0.011038
1410,Nov 22  2015,0.011099
1411,Nov 21  2015,0.011144
1412,Nov 20  2015,0.011087
1413,Nov 19  2015,0.011087
1414,Nov 18  2015,0.010721
1415,Nov 17  2015,0.01014
1416,Nov 16  2015,0.009939
1417,Nov 15  2015,0.010001000000000001
1418,Nov 14  2015,0.007492000000000001
1419,Nov 13  2015,0.010817
1420,Nov 12  2015,0.011356
1421,Nov 11  2015,0.011045999999999999
1422,Nov 10  2015,0.011413
1423,Nov 09  2015,0.009585
1424,Nov 08  2015,0.013244999999999998
1425,Nov 07  2015,0.013264
1426,Nov 06  2015,0.012702999999999999
1427,Nov 05  2015,0.015203999999999999
1428,Nov 04  2015,0.017274
1429,Nov 03  2015,0.016248
1430,Nov 02  2015,0.011334
1431,Nov 01  2015,0.012523000000000001
1432,Oct 31  2015,0.012974999999999999
1433,Oct 30  2015,0.012828999999999998
1434,Oct 29  2015,0.011977
1435,Oct 28  2015,0.011784999999999999
1436,Oct 27  2015,0.011322
1437,Oct 26  2015,0.010203
1438,Oct 25  2015,0.011316
1439,Oct 24  2015,0.00924
1440,Oct 23  2015,0.010865999999999999
1441,Oct 22  2015,0.010784
1442,Oct 21  2015,0.010698000000000001
1443,Oct 20  2015,0.010701
1444,Oct 19  2015,0.010577
1445,Oct 18  2015,0.010515
1446,Oct 17  2015,0.008206999999999999
1447,Oct 16  2015,0.010832
1448,Oct 15  2015,0.010388000000000001
1449,Oct 14  2015,0.010348
1450,Oct 13  2015,0.010490000000000001
1451,Oct 12  2015,0.010851000000000001
1452,Oct 11  2015,0.010922
1453,Oct 10  2015,0.011064000000000001
1454,Oct 09  2015,0.011002
1455,Oct 08  2015,0.011078
1456,Oct 07  2015,0.011286
1457,Oct 06  2015,0.011297
1458,Oct 05  2015,0.011109
1459,Oct 04  2015,0.011129
1460,Oct 03  2015,0.012570999999999999
1461,Oct 02  2015,0.012624
1462,Oct 01  2015,0.012618
1463,Sep 30  2015,0.013430000000000001
1464,Sep 29  2015,0.013445
1465,Sep 28  2015,0.009567
1466,Sep 27  2015,0.012133000000000001
1467,Sep 26  2015,0.011679
1468,Sep 25  2015,0.012342
1469,Sep 24  2015,0.012357
1470,Sep 23  2015,0.012140999999999999
1471,Sep 22  2015,0.012182
1472,Sep 21  2015,0.011958
1473,Sep 20  2015,0.011616
1474,Sep 19  2015,0.012435
1475,Sep 18  2015,0.012496
1476,Sep 17  2015,0.008181
1477,Sep 16  2015,0.013005000000000001
1478,Sep 15  2015,0.014766999999999999
1479,Sep 14  2015,0.013713999999999997
1480,Sep 13  2015,0.013694999999999999
1481,Sep 12  2015,0.012559
1482,Sep 11  2015,0.014423
1483,Sep 10  2015,0.014513999999999999
1484,Sep 09  2015,0.01815
1485,Sep 08  2015,0.018209
1486,Sep 07  2015,0.018153
1487,Sep 06  2015,0.018319
1488,Sep 05  2015,0.017493
1489,Sep 04  2015,0.017537
1490,Sep 03  2015,0.017337
1491,Sep 02  2015,0.017524
1492,Sep 01  2015,0.017715
1493,Aug 31  2015,0.017494
1494,Aug 30  2015,0.016653
1495,Aug 29  2015,0.018613
1496,Aug 28  2015,0.018772999999999998
1497,Aug 27  2015,0.018057
1498,Aug 26  2015,0.016059
1499,Aug 25  2015,0.01264
1500,Aug 24  2015,0.013812999999999999
1501,Aug 23  2015,0.013826
1502,Aug 22  2015,0.013624999999999998
1503,Aug 21  2015,0.014478999999999999
1504,Aug 20  2015,0.018599
1505,Aug 19  2015,0.018544
1506,Aug 18  2015,0.017556
1507,Aug 17  2015,0.020822
1508,Aug 16  2015,0.021861000000000002
1509,Aug 15  2015,0.021535
1510,Aug 14  2015,0.022276
1511,Aug 13  2015,0.022361000000000002
1512,Aug 12  2015,0.02267
1513,Aug 11  2015,0.023916
1514,Aug 10  2015,0.020108
1515,Aug 09  2015,0.018613
1516,Aug 08  2015,0.013800999999999999
1517,Aug 07  2015,0.014094999999999998
1518,Aug 06  2015,0.012918
1519,Aug 05  2015,0.013555000000000001
1520,Aug 04  2015,0.012827000000000002
1521,Aug 03  2015,0.014255999999999998
1522,Aug 02  2015,0.016896
1523,Aug 01  2015,0.016931
1524,Jul 31  2015,0.01497
1525,Jul 30  2015,0.014871
1526,Jul 29  2015,0.015781
1527,Jul 28  2015,0.01769
1528,Jul 27  2015,0.01672
1529,Jul 26  2015,0.016845
1530,Jul 25  2015,0.018228
1531,Jul 24  2015,0.01829
1532,Jul 23  2015,0.017099
1533,Jul 22  2015,0.020462
1534,Jul 21  2015,0.020772
1535,Jul 20  2015,0.023555
1536,Jul 19  2015,0.023338
1537,Jul 18  2015,0.02174
1538,Jul 17  2015,0.021422
1539,Jul 16  2015,0.022905000000000002
1540,Jul 15  2015,0.032922
1541,Jul 14  2015,0.035169
1542,Jul 13  2015,0.022169
1543,Jul 12  2015,0.027748000000000002
1544,Jul 11  2015,0.037226
1545,Jul 10  2015,0.037469
1546,Jul 09  2015,0.035292000000000004
1547,Jul 08  2015,0.03559
1548,Jul 07  2015,0.039
1549,Jul 06  2015,0.039892000000000004
1550,Jul 05  2015,0.03926
1551,Jul 04  2015,0.036891
1552,Jul 03  2015,0.036646
1553,Jul 02  2015,0.035791
1554,Jul 01  2015,0.033477999999999994
1555,Jun 30  2015,0.032136
1556,Jun 29  2015,0.032227
1557,Jun 28  2015,0.031334
1558,Jun 27  2015,0.031355
1559,Jun 26  2015,0.03157
1560,Jun 25  2015,0.033572000000000005
1561,Jun 24  2015,0.039258
1562,Jun 23  2015,0.034737
1563,Jun 22  2015,0.035155
1564,Jun 21  2015,0.035935
1565,Jun 20  2015,0.035983
1566,Jun 19  2015,0.038127999999999995
1567,Jun 18  2015,0.039687
1568,Jun 17  2015,0.047941000000000004
1569,Jun 16  2015,0.049727
1570,Jun 15  2015,0.05764299999999999
1571,Jun 14  2015,0.040456
1572,Jun 13  2015,0.030027999999999996
1573,Jun 12  2015,0.023295
1574,Jun 11  2015,0.029798
1575,Jun 10  2015,0.042095
1576,Jun 09  2015,0.0438
1577,Jun 08  2015,0.043252
1578,Jun 07  2015,0.042960000000000005
1579,Jun 06  2015,0.052003
1580,Jun 05  2015,0.053479
1581,Jun 04  2015,0.054188
1582,Jun 03  2015,0.05373099999999999
1583,Jun 02  2015,0.055916999999999994
1584,Jun 01  2015,0.048645999999999995
1585,May 31  2015,0.065775
1586,May 30  2015,0.069825
1587,May 29  2015,0.071257
1588,May 28  2015,0.073723
1589,May 27  2015,0.07356199999999999
1590,May 26  2015,0.080951
1591,May 25  2015,0.077037
1592,May 24  2015,0.088357
1593,May 23  2015,0.090379
1594,May 22  2015,0.08906499999999999
1595,May 21  2015,0.079815
1596,May 20  2015,0.081974
1597,May 19  2015,0.051328
1598,May 18  2015,0.044819
1599,May 17  2015,0.044763
1600,May 16  2015,0.041175
1601,May 15  2015,0.040456
1602,May 14  2015,0.035051
1603,May 13  2015,0.026560000000000004
1604,May 12  2015,0.024852000000000003
1605,May 11  2015,0.024429
1606,May 10  2015,0.024651
1607,May 09  2015,0.024562
1608,May 08  2015,0.022136000000000003
1609,May 07  2015,0.021214
1610,May 06  2015,0.020803
1611,May 05  2015,0.020274
1612,May 04  2015,0.021412999999999998
1613,May 03  2015,0.020852000000000002
1614,May 02  2015,0.020663000000000004
1615,May 01  2015,0.021065
1616,Apr 30  2015,0.020988
1617,Apr 29  2015,0.020197
1618,Apr 28  2015,0.020224000000000002
1619,Apr 27  2015,0.020203999999999996
1620,Apr 26  2015,0.020380000000000002
1621,Apr 25  2015,0.020856
1622,Apr 24  2015,0.023405000000000002
1623,Apr 23  2015,0.025691000000000002
1624,Apr 22  2015,0.021075
1625,Apr 21  2015,0.016422
1626,Apr 20  2015,0.016374
1627,Apr 19  2015,0.017453
1628,Apr 18  2015,0.017915
1629,Apr 17  2015,0.017925
1630,Apr 16  2015,0.017646000000000002
1631,Apr 15  2015,0.014348
1632,Apr 14  2015,0.013521
1633,Apr 13  2015,0.012874000000000002
1634,Apr 12  2015,0.012572
1635,Apr 11  2015,0.012808000000000002
1636,Apr 10  2015,0.012819
1637,Apr 09  2015,0.011534
1638,Apr 08  2015,0.011391
1639,Apr 07  2015,0.011446
1640,Apr 06  2015,0.011606
1641,Apr 05  2015,0.011713
1642,Apr 04  2015,0.010936
1643,Apr 03  2015,0.0114
1644,Apr 02  2015,0.011816
1645,Apr 01  2015,0.012195000000000001
1646,Mar 31  2015,0.012217
1647,Mar 30  2015,0.011143
1648,Mar 29  2015,0.011013
1649,Mar 28  2015,0.008897
1650,Mar 27  2015,0.008709
1651,Mar 26  2015,0.007175
1652,Mar 25  2015,0.006984999999999999
1653,Mar 24  2015,0.006881
1654,Mar 23  2015,0.006901999999999998
1655,Mar 22  2015,0.006406000000000001
1656,Mar 21  2015,0.007622
1657,Mar 20  2015,0.009169
1658,Mar 19  2015,0.007001999999999999
1659,Mar 18  2015,0.00642
1660,Mar 17  2015,0.006663
1661,Mar 16  2015,0.006698999999999999
1662,Mar 15  2015,0.006529999999999999
1663,Mar 14  2015,0.006586
1664,Mar 13  2015,0.007182999999999999
1665,Mar 12  2015,0.007245999999999999
1666,Mar 11  2015,0.006831999999999999
1667,Mar 10  2015,0.007051000000000001
1668,Mar 09  2015,0.006779000000000001
1669,Mar 08  2015,0.00643
1670,Mar 07  2015,0.006559000000000001
1671,Mar 06  2015,0.006784999999999999
1672,Mar 05  2015,0.006884
1673,Mar 04  2015,0.006241
1674,Mar 03  2015,0.006285
1675,Mar 02  2015,0.00554
1676,Mar 01  2015,0.005442
1677,Feb 28  2015,0.005068
1678,Feb 27  2015,0.0051
1679,Feb 26  2015,0.004949
1680,Feb 25  2015,0.004956
1681,Feb 24  2015,0.004789
1682,Feb 23  2015,0.0048
1683,Feb 22  2015,0.004925
1684,Feb 21  2015,0.005104
1685,Feb 20  2015,0.005082
1686,Feb 19  2015,0.004824
1687,Feb 18  2015,0.003472
1688,Feb 17  2015,0.005603
1689,Feb 16  2015,0.0058119999999999995
1690,Feb 15  2015,0.004731
1691,Feb 14  2015,0.005452
1692,Feb 13  2015,0.005398
1693,Feb 12  2015,0.005111
1694,Feb 11  2015,0.005138
1695,Feb 10  2015,0.005306
1696,Feb 09  2015,0.005286
1697,Feb 08  2015,0.004947
1698,Feb 07  2015,0.005527000000000001
1699,Feb 06  2015,0.0055320000000000005
1700,Feb 05  2015,0.005983
1701,Feb 04  2015,0.005751
1702,Feb 03  2015,0.005843
1703,Feb 02  2015,0.005691
1704,Feb 01  2015,0.005674
1705,Jan 31  2015,0.005804999999999999
1706,Jan 30  2015,0.006071
1707,Jan 29  2015,0.005939
1708,Jan 28  2015,0.006661
1709,Jan 27  2015,0.006881000000000001
1710,Jan 26  2015,0.007382
1711,Jan 25  2015,0.0069489999999999994
1712,Jan 24  2015,0.006144
1713,Jan 23  2015,0.005371
1714,Jan 22  2015,0.00564
1715,Jan 21  2015,0.005919
1716,Jan 20  2015,0.005874
1717,Jan 19  2015,0.005184
1718,Jan 18  2015,0.0049039999999999995
1719,Jan 17  2015,0.005592
1720,Jan 16  2015,0.0054210000000000005
1721,Jan 15  2015,0.005654
1722,Jan 14  2015,0.005392
1723,Jan 13  2015,0.004961
1724,Jan 12  2015,0.00463
1725,Jan 11  2015,0.005543
1726,Jan 10  2015,0.004118999999999999
1727,Jan 09  2015,0.004014
1728,Jan 08  2015,0.005141
1729,Jan 07  2015,0.006626000000000001
1730,Jan 06  2015,0.0065819999999999984
1731,Jan 05  2015,0.006085
1732,Jan 04  2015,0.005727
1733,Jan 03  2015,0.006168
1734,Jan 02  2015,0.006313999999999999
1735,Jan 01  2015,0.003909
1736,Dec 31  2014,0.0047
1737,Dec 30  2014,0.005037
1738,Dec 29  2014,0.005579
1739,Dec 28  2014,0.005531
1740,Dec 27  2014,0.005984000000000001
1741,Dec 26  2014,0.006564
1742,Dec 25  2014,0.006558
1743,Dec 24  2014,0.006815000000000001
1744,Dec 23  2014,0.007454
1745,Dec 22  2014,0.007671
1746,Dec 21  2014,0.008449
1747,Dec 20  2014,0.00882
1748,Dec 19  2014,0.008522
1749,Dec 18  2014,0.008883
1750,Dec 17  2014,0.008865999999999999
1751,Dec 16  2014,0.010015999999999999
1752,Dec 15  2014,0.010041
1753,Dec 14  2014,0.010273000000000001
1754,Dec 13  2014,0.009665
1755,Dec 12  2014,0.008791
1756,Dec 11  2014,0.009034
1757,Dec 10  2014,0.009792
1758,Dec 09  2014,0.009718999999999998
1759,Dec 08  2014,0.009183
1760,Dec 07  2014,0.00809
1761,Dec 06  2014,0.009082999999999999
1762,Dec 05  2014,0.009101
1763,Dec 04  2014,0.007573000000000001
1764,Dec 03  2014,0.0075840000000000005
1765,Dec 01  2014,0.007673000000000001
1766,Nov 30  2014,0.007651000000000001
1767,Nov 29  2014,0.007751999999999999
1768,Oct 02  2014,0.0057399999999999994
1769,Oct 01  2014,0.005734
1770,Sep 30  2014,0.005388000000000001
1771,Sep 29  2014,0.0051270000000000005
1772,Sep 28  2014,0.005698
1773,Sep 27  2014,0.005782
1774,Sep 26  2014,0.005778
1775,Sep 25  2014,0.005788000000000001
1776,Sep 24  2014,0.005953
1777,Sep 23  2014,0.005556
1778,Sep 22  2014,0.005520000000000001
1779,Sep 21  2014,0.005639
1780,Sep 20  2014,0.005887
1781,Sep 19  2014,0.006186
1782,Sep 18  2014,0.006814
1783,Sep 17  2014,0.006753
1784,Sep 16  2014,0.0056170000000000005
1785,Sep 15  2014,0.00476
1786,Sep 14  2014,0.003965
1787,Sep 13  2014,0.0039840000000000006
1788,Sep 12  2014,0.004
1789,Sep 11  2014,0.00409
1790,Sep 10  2014,0.0041140000000000005
1791,Sep 09  2014,0.0040939999999999995
1792,Sep 08  2014,0.004839
1793,Sep 07  2014,0.005311
1794,Sep 06  2014,0.002439
1795,Sep 05  2014,0.0024430000000000003
1796,Sep 04  2014,0.002225
1797,Sep 03  2014,0.0017010000000000003
1798,Sep 02  2014,0.0017870000000000002
1799,Sep 01  2014,0.001802
1800,Aug 31  2014,0.001434
1801,Aug 30  2014,0.0011279999999999999
1802,Aug 29  2014,0.001125
1803,Aug 28  2014,0.001131
1804,Aug 27  2014,0.0009270000000000001
1805,Aug 26  2014,0.000767
1806,Aug 25  2014,0.0007570000000000001
1807,Aug 24  2014,0.0006839999999999999
1808,Aug 23  2014,0.000677
1809,Aug 22  2014,0.00061
1810,Aug 21  2014,0.000594
1811,Aug 20  2014,0.000484
1812,Aug 19  2014,0.000463
1813,Aug 18  2014,0.00047599999999999997
1814,Aug 17  2014,0.00042699999999999997
1815,Aug 16  2014,0.000428
1816,Aug 15  2014,0.00046599999999999994
1817,Aug 14  2014,0.000592
1818,Aug 13  2014,0.000797
1819,Aug 12  2014,0.000795
1820,Aug 11  2014,0.0008869999999999999
1821,Aug 10  2014,0.000951
1822,Aug 09  2014,0.0007700000000000001
1823,Aug 08  2014,0.000772
1824,Aug 07  2014,0.000709
1825,Aug 06  2014,0.000637
1826,Aug 05  2014,0.0006190000000000001
1827,Aug 04  2014,0.000621
1828,Aug 03  2014,0.000582
1829,Aug 02  2014,0.0005610000000000001
1830,Aug 01  2014,0.000592
1831,Jul 31  2014,0.000668
1832,Jul 30  2014,0.000468
1833,Jul 29  2014,0.000655
1834,Jul 28  2014,0.000648
1835,Jul 27  2014,0.000718
1836,Jul 26  2014,0.000482
1837,Jul 25  2014,0.000698
1838,Jul 24  2014,0.0006940000000000001
1839,Jul 23  2014,0.0006219999999999998
1840,Jul 22  2014,0.000655
1841,Jul 21  2014,0.00116
1842,Jul 20  2014,0.001184
1843,Jul 19  2014,0.001353
1844,Jul 18  2014,0.001425
1845,Jul 17  2014,0.0017920000000000002
1846,Jul 16  2014,0.0017890000000000002
1847,Jul 15  2014,0.0014990000000000001
1848,Jul 14  2014,0.0014960000000000002
1849,Jul 13  2014,0.001504
1850,Jul 12  2014,0.001458
1851,Jul 11  2014,0.00125
1852,Jul 10  2014,0.0012490000000000001
1853,Jul 09  2014,0.000999
1854,Jul 08  2014,0.000932
1855,Jul 07  2014,0.000956
1856,Jul 06  2014,0.0009539999999999999
1857,Jul 05  2014,0.0008230000000000002
1858,Jul 04  2014,0.000822
1859,Jul 03  2014,0.000787
1860,Jul 02  2014,0.000901
1861,Jul 01  2014,0.001164
1862,Jun 30  2014,0.001147
1863,Jun 29  2014,0.001078
1864,Jun 28  2014,0.0011380000000000001
1865,Jun 27  2014,0.001117
1866,Jun 26  2014,0.001145
1867,Jun 25  2014,0.001056
1868,Jun 24  2014,0.00101
1869,Jun 23  2014,0.001126
1870,Jun 22  2014,0.00109
1871,Jun 21  2014,0.001051
1872,Jun 19  2014,0.001102
1873,Jun 18  2014,0.00123
1874,Jun 17  2014,0.001275
1875,Jun 16  2014,0.0014550000000000001
1876,Jun 15  2014,0.0013369999999999999
1877,Jun 14  2014,0.0012050000000000001
1878,Jun 13  2014,0.001119
1879,Jun 12  2014,0.001158
1880,Jun 11  2014,0.001185
1881,Jun 10  2014,0.0012169999999999998
1882,Jun 09  2014,0.001228
1883,Jun 08  2014,0.0012490000000000001
1884,Jun 07  2014,0.0012259999999999999
1885,Jun 06  2014,0.001251
1886,Jun 05  2014,0.001684
1887,Jun 04  2014,0.001971
1888,Jun 03  2014,0.001924
1889,Jun 02  2014,0.00193
1890,Jun 01  2014,0.001994
1891,May 31  2014,0.002262
1892,May 30  2014,0.002352
1893,May 29  2014,0.002216
1894,May 28  2014,0.002076
1895,May 27  2014,0.002364
1896,May 26  2014,0.002234
1897,May 25  2014,0.0024460000000000003
1898,May 24  2014,0.002088
1899,May 23  2014,0.0020399999999999997
1900,May 22  2014,0.002188
1901,May 21  2014,0.0024690000000000003
1902,May 20  2014,0.0026149999999999997
1903,May 19  2014,0.001946
1904,May 18  2014,0.002154
1905,May 17  2014,0.002501
1906,May 16  2014,0.0026579999999999998
1907,May 15  2014,0.002966
1908,May 14  2014,0.0030800000000000003
1909,May 13  2014,0.0033020000000000002
1910,May 12  2014,0.0035399999999999997
1911,May 11  2014,0.003722
1912,May 10  2014,0.004693999999999999
1913,May 09  2014,0.006157
1914,May 08  2014,0.007782
1915,May 07  2014,0.002448
1916,May 06  2014,0.002459
1917,May 05  2014,0.0024219999999999997
1918,May 04  2014,0.002745
1919,May 03  2014,0.002921
1920,May 02  2014,0.003179
1921,May 01  2014,0.0034119999999999997
1922,Apr 30  2014,0.0038420000000000004
1923,Apr 29  2014,0.003465999999999999
1924,Apr 28  2014,0.0035340000000000002
1925,Apr 27  2014,0.005012
1926,Apr 26  2014,0.004982
1927,Apr 25  2014,0.006281999999999999
1928,Apr 24  2014,0.007609
1929,Apr 23  2014,0.008322
1930,Apr 22  2014,0.009817
1931,Apr 21  2014,0.015027
1932,Apr 20  2014,0.020572
1933,Apr 19  2014,0.016113
1934,Apr 18  2014,0.01925
1935,Apr 17  2014,0.02037
1936,Apr 16  2014,0.018084
1937,Apr 15  2014,0.021643
1938,Apr 14  2014,0.02743
1939,Apr 13  2014,0.028760000000000004
1940,Apr 12  2014,0.012737
1941,Apr 11  2014,0.009175
1942,Apr 10  2014,0.010487
1943,Apr 09  2014,0.011897
1944,Apr 08  2014,0.008875
1945,Apr 07  2014,0.003628
1946,Apr 06  2014,0.0036619999999999995
1947,Apr 05  2014,0.002718
1948,Apr 04  2014,0.0026280000000000006
1949,Apr 03  2014,0.0022
1950,Apr 02  2014,0.0038799999999999998
1951,Apr 01  2014,0.004589
1952,Mar 31  2014,0.00325
1953,Mar 30  2014,0.0037609999999999996
1954,Mar 29  2014,0.0038799999999999998
1955,Mar 28  2014,0.0018149999999999996
1956,Mar 27  2014,0.004975
1957,Mar 26  2014,0.0047350000000000005
1958,Mar 25  2014,0.004953
1959,Mar 24  2014,0.0048590000000000005
1960,Mar 23  2014,0.0050810000000000004
1961,Mar 22  2014,0.00557
