,Date,weighted_market
0,Oct 02  2019,45827508.0
1,Oct 01  2019,46807431.0
2,Sep 30  2019,46384983.0
3,Sep 29  2019,46906206.0
4,Sep 28  2019,47820687.75
5,Sep 27  2019,46574186.5
6,Sep 26  2019,44704946.5
7,Sep 25  2019,46161821.0
8,Sep 24  2019,47415145.0
9,Sep 23  2019,54822699.75
10,Sep 22  2019,59122893.5
11,Sep 21  2019,59626185.5
12,Sep 20  2019,61305301.5
13,Sep 19  2019,61940866.25
14,Sep 18  2019,60805974.5
15,Sep 17  2019,58841472.75
16,Sep 16  2019,57992676.5
17,Sep 15  2019,60212563.5
18,Sep 14  2019,61096729.75
19,Sep 13  2019,61312433.0
20,Sep 12  2019,61772953.0
21,Sep 11  2019,59794856.0
22,Sep 10  2019,60559237.0
23,Sep 09  2019,63820214.5
24,Sep 08  2019,65709649.25
25,Sep 07  2019,64206222.0
26,Sep 06  2019,62892765.5
27,Sep 05  2019,64759575.0
28,Sep 04  2019,65135154.75
29,Sep 03  2019,67005672.75
30,Sep 02  2019,65164659.5
31,Sep 01  2019,62912164.0
32,Aug 31  2019,59846576.25
33,Aug 30  2019,59987026.75
34,Aug 29  2019,59609287.25
35,Aug 28  2019,60610046.5
36,Aug 27  2019,63977005.25
37,Aug 26  2019,66001942.25
38,Aug 25  2019,65072853.5
39,Aug 24  2019,65251154.25
40,Aug 23  2019,66514542.0
41,Aug 22  2019,65509875.0
42,Aug 21  2019,65566340.5
43,Aug 20  2019,69675019.75
44,Aug 19  2019,70390476.25
45,Aug 18  2019,67802977.0
46,Aug 17  2019,66914037.75
47,Aug 16  2019,67067720.5
48,Aug 15  2019,66820472.75
49,Aug 14  2019,68020710.75
50,Aug 13  2019,69084743.25
51,Aug 12  2019,71794070.5
52,Aug 11  2019,72991470.75
53,Aug 10  2019,71356530.0
54,Aug 09  2019,71048833.25
55,Aug 08  2019,72359480.5
56,Aug 07  2019,79066841.0
57,Aug 06  2019,80770800.25
58,Aug 05  2019,80936920.0
59,Aug 04  2019,74135854.5
60,Aug 03  2019,73456802.75
61,Aug 02  2019,73987739.0
62,Aug 01  2019,72437842.5
63,Jul 31  2019,70038109.75
64,Jul 30  2019,65762745.75
65,Jul 29  2019,66680527.0
66,Jul 28  2019,67265861.5
67,Jul 27  2019,66859335.5
68,Jul 26  2019,69554002.75
69,Jul 25  2019,70372995.75
70,Jul 24  2019,71422838.75
71,Jul 23  2019,72903489.0
72,Jul 22  2019,75038309.5
73,Jul 21  2019,77082281.0
74,Jul 20  2019,77318128.25
75,Jul 19  2019,74758829.5
76,Jul 18  2019,75716655.0
77,Jul 17  2019,72318609.5
78,Jul 16  2019,68113609.75
79,Jul 15  2019,78518062.5
80,Jul 14  2019,73711261.5
81,Jul 13  2019,80232809.0
82,Jul 12  2019,81762014.0
83,Jul 11  2019,78461905.25
84,Jul 10  2019,84560457.5
85,Jul 09  2019,86595745.5
86,Jul 08  2019,84194076.25
87,Jul 07  2019,82151972.75
88,Jul 06  2019,78475053.5
89,Jul 05  2019,76967800.25
90,Jul 04  2019,78943965.75
91,Jul 03  2019,82362320.75
92,Jul 02  2019,75629550.75
93,Jul 01  2019,76246814.75
94,Jun 30  2019,78857865.5
95,Jun 29  2019,90652041.25
96,Jun 28  2019,87603388.25
97,Jun 27  2019,80171787.75
98,Jun 26  2019,90745784.5
99,Jun 25  2019,83523195.25
100,Jun 24  2019,84995417.75
101,Jun 23  2019,89584392.25
102,Jun 22  2019,80457268.75
103,Jun 21  2019,77247197.0
104,Jun 20  2019,76404532.5
105,Jun 19  2019,74287650.5
106,Jun 18  2019,75176522.75
107,Jun 17  2019,76050507.5
108,Jun 16  2019,73216284.25
109,Jun 15  2019,72745524.25
110,Jun 14  2019,70180565.5
111,Jun 13  2019,72964739.0
112,Jun 12  2019,74093979.75
113,Jun 11  2019,73622851.25
114,Jun 10  2019,71990418.75
115,Jun 09  2019,69811287.0
116,Jun 08  2019,69185225.5
117,Jun 07  2019,69987921.75
118,Jun 06  2019,67061294.75
119,Jun 05  2019,68288380.0
120,Jun 04  2019,66402699.5
121,Jun 03  2019,70169425.25
122,Jun 02  2019,75951647.5
123,Jun 01  2019,73545543.75
124,May 31  2019,73113076.0
125,May 30  2019,71919145.0
126,May 29  2019,73573811.75
127,May 28  2019,73918476.5
128,May 27  2019,76287567.25
129,May 26  2019,74740542.25
130,May 25  2019,72725520.75
131,May 24  2019,71949520.75
132,May 23  2019,71273932.5
133,May 22  2019,72686344.5
134,May 21  2019,76989074.25
135,May 20  2019,76771442.0
136,May 19  2019,78295011.5
137,May 18  2019,74740035.75
138,May 17  2019,74030958.5
139,May 16  2019,79431184.5
140,May 15  2019,86077530.25
141,May 14  2019,73177886.75
142,May 13  2019,73491825.75
143,May 12  2019,69012111.5
144,May 11  2019,74857624.5
145,May 10  2019,65967164.25
146,May 09  2019,66093256.25
147,May 08  2019,65490286.5
148,May 07  2019,65211220.25
149,May 06  2019,66178516.5
150,May 05  2019,67122249.75
151,May 04  2019,66992239.5
152,May 03  2019,67137225.75
153,May 02  2019,63586025.75
154,May 01  2019,62306056.0
155,Apr 30  2019,60739742.75
156,Apr 29  2019,59346505.0
157,Apr 28  2019,61793345.75
158,Apr 27  2019,59316983.0
159,Apr 26  2019,58603071.75
160,Apr 25  2019,59055114.5
161,Apr 24  2019,64802435.75
162,Apr 23  2019,64038489.5
163,Apr 22  2019,65203261.5
164,Apr 21  2019,64992420.5
165,Apr 20  2019,65119623.25
166,Apr 19  2019,63880745.0
167,Apr 18  2019,63576251.25
168,Apr 17  2019,62845228.5
169,Apr 16  2019,62396077.25
170,Apr 15  2019,60979815.25
171,Apr 14  2019,63666231.5
172,Apr 13  2019,61281427.25
173,Apr 12  2019,60309674.5
174,Apr 11  2019,60158735.25
175,Apr 10  2019,64292675.25
176,Apr 09  2019,64009064.75
177,Apr 08  2019,65426980.75
178,Apr 07  2019,64853722.5
179,Apr 06  2019,62944638.75
180,Apr 05  2019,64215705.25
181,Apr 04  2019,58959014.75
182,Apr 03  2019,60194443.75
183,Apr 02  2019,58679357.5
184,Apr 01  2019,50570328.75
185,Mar 31  2019,50941918.0
186,Mar 30  2019,48943517.25
187,Mar 29  2019,49673988.25
188,Mar 28  2019,49893923.75
189,Mar 27  2019,49290719.75
190,Mar 26  2019,47436763.5
191,Mar 25  2019,48405463.75
192,Mar 24  2019,47751874.25
193,Mar 23  2019,48183795.75
194,Mar 22  2019,48044128.75
195,Mar 21  2019,47633239.25
196,Mar 20  2019,48692729.5
197,Mar 19  2019,48721270.5
198,Mar 18  2019,49395142.25
199,Mar 17  2019,50012543.25
200,Mar 16  2019,49189670.25
201,Mar 15  2019,49686420.75
202,Mar 14  2019,49002425.5
203,Mar 13  2019,46871534.25
204,Mar 12  2019,46744425.25
205,Mar 11  2019,41917202.25
206,Mar 10  2019,42085716.75
207,Mar 09  2019,41550497.75
208,Mar 08  2019,40490715.0
209,Mar 07  2019,41419371.25
210,Mar 06  2019,41680468.5
211,Mar 05  2019,41834169.25
212,Mar 04  2019,40274406.25
213,Mar 03  2019,41889355.0
214,Mar 02  2019,42310936.75
215,Mar 01  2019,41454198.0
216,Feb 28  2019,41564427.5
217,Feb 27  2019,41645468.0
218,Feb 26  2019,41938796.25
219,Feb 25  2019,41328253.5
220,Feb 24  2019,40397686.0
221,Feb 23  2019,44865593.5
222,Feb 22  2019,43177054.25
223,Feb 21  2019,41815261.0
224,Feb 20  2019,43047236.75
225,Feb 19  2019,43763865.25
226,Feb 18  2019,44330010.75
227,Feb 17  2019,42157000.25
228,Feb 16  2019,41516810.25
229,Feb 15  2019,41493411.0
230,Feb 14  2019,41404260.75
231,Feb 13  2019,41448498.5
232,Feb 12  2019,41642295.75
233,Feb 11  2019,41314426.25
234,Feb 10  2019,42234673.0
235,Feb 09  2019,41111067.75
236,Feb 08  2019,41055726.5
237,Feb 07  2019,37739995.0
238,Feb 06  2019,37083220.75
239,Feb 05  2019,39419470.0
240,Feb 04  2019,39024349.75
241,Feb 03  2019,39389635.75
242,Feb 02  2019,39202885.25
243,Feb 01  2019,39174513.5
244,Jan 31  2019,38871140.5
245,Jan 30  2019,40190159.0
246,Jan 29  2019,39798731.75
247,Jan 28  2019,40623454.5
248,Jan 27  2019,41917692.25
249,Jan 26  2019,42349236.5
250,Jan 25  2019,42012503.75
251,Jan 24  2019,42752366.5
252,Jan 23  2019,42384976.75
253,Jan 22  2019,42294571.5
254,Jan 21  2019,41726553.25
255,Jan 20  2019,41172707.75
256,Jan 19  2019,43497222.25
257,Jan 18  2019,42550433.5
258,Jan 17  2019,42770977.75
259,Jan 16  2019,41780593.75
260,Jan 15  2019,40719334.25
261,Jan 14  2019,40594394.0
262,Jan 13  2019,39650434.0
263,Jan 12  2019,42447370.25
264,Jan 11  2019,41471112.75
265,Jan 10  2019,40215957.0
266,Jan 09  2019,46137804.25
267,Jan 08  2019,44693252.0
268,Jan 07  2019,46256893.75
269,Jan 06  2019,47365685.75
270,Jan 05  2019,44526353.5
271,Jan 04  2019,44779636.5
272,Jan 03  2019,43999149.0
273,Jan 02  2019,44520817.5
274,Jan 01  2019,42167288.75
275,Dec 31  2018,40139094.75
276,Dec 30  2018,44780647.25
277,Dec 29  2018,43764507.75
278,Dec 28  2018,47715524.0
279,Dec 27  2018,39344362.0
280,Dec 26  2018,43412300.75
281,Dec 25  2018,43471657.75
282,Dec 24  2018,47559348.5
283,Dec 23  2018,45990050.75
284,Dec 22  2018,45010328.75
285,Dec 21  2018,43470751.0
286,Dec 20  2018,47151086.75
287,Dec 19  2018,43743037.75
288,Dec 18  2018,44005785.5
289,Dec 17  2018,38429300.0
290,Dec 16  2018,35968804.75
291,Dec 15  2018,34611919.25
292,Dec 14  2018,36143648.0
293,Dec 13  2018,34951913.75
294,Dec 12  2018,35749424.0
295,Dec 11  2018,35598063.0
296,Dec 10  2018,37531621.25
297,Dec 09  2018,41979220.75
298,Dec 08  2018,40598493.0
299,Dec 07  2018,40806749.25
300,Dec 06  2018,43401606.0
301,Dec 05  2018,44777734.0
302,Dec 04  2018,46654328.0
303,Dec 03  2018,45617167.0
304,Dec 02  2018,48720229.5
305,Dec 01  2018,49010291.5
306,Nov 30  2018,47014812.0
307,Nov 29  2018,50635276.75
308,Nov 28  2018,50947587.0
309,Nov 27  2018,46348818.25
310,Nov 26  2018,46111679.75
311,Nov 25  2018,50069793.25
312,Nov 24  2018,48119704.0
313,Nov 23  2018,54134703.25
314,Nov 22  2018,57322823.0
315,Nov 21  2018,61060581.25
316,Nov 20  2018,56593574.5
317,Nov 19  2018,60190764.75
318,Nov 18  2018,77197445.75
319,Nov 17  2018,75738098.0
320,Nov 16  2018,76443634.5
321,Nov 15  2018,79935796.5
322,Nov 14  2018,79906867.75
323,Nov 13  2018,90261529.5
324,Nov 12  2018,92125176.5
325,Nov 11  2018,90658525.0
326,Nov 10  2018,93035988.5
327,Nov 09  2018,93717193.0
328,Nov 08  2018,90144446.25
329,Nov 07  2018,94440921.75
330,Nov 06  2018,93571709.0
331,Nov 05  2018,90895593.25
332,Nov 04  2018,92822123.0
333,Nov 03  2018,93410307.5
334,Nov 02  2018,97001307.25
335,Nov 01  2018,92669774.25
336,Oct 31  2018,91558399.5
337,Oct 30  2018,91892024.5
338,Oct 29  2018,91835946.0
339,Oct 28  2018,101353965.5
340,Oct 27  2018,98331408.5
341,Oct 26  2018,99753029.25
342,Oct 25  2018,99317533.75
343,Oct 24  2018,108807176.25
344,Oct 23  2018,116444162.25
345,Oct 22  2018,88277352.0
346,Oct 21  2018,87627768.5
347,Oct 20  2018,88331115.75
348,Oct 19  2018,87978837.25
349,Oct 18  2018,89382306.75
350,Oct 17  2018,90304688.5
351,Oct 16  2018,92147674.5
352,Oct 15  2018,90090042.0
353,Oct 14  2018,84319661.75
354,Oct 13  2018,86013479.0
355,Oct 12  2018,82241314.75
356,Oct 11  2018,83005362.25
357,Oct 10  2018,93257100.0
358,Oct 09  2018,92302197.75
359,Oct 08  2018,99896027.0
360,Oct 07  2018,92098409.5
361,Oct 06  2018,92498852.25
362,Oct 05  2018,95225481.25
363,Oct 04  2018,91620449.25
364,Oct 03  2018,87612303.25
365,Oct 02  2018,88133469.5
366,Oct 01  2018,87734825.25
367,Sep 30  2018,87383148.5
368,Sep 29  2018,88440841.0
369,Sep 28  2018,87840748.5
370,Sep 27  2018,87574234.0
371,Sep 26  2018,83542481.0
372,Sep 25  2018,83502544.75
373,Sep 24  2018,85580884.75
374,Sep 23  2018,87633085.25
375,Sep 22  2018,86021895.75
376,Sep 21  2018,87352707.0
377,Sep 20  2018,83165222.25
378,Sep 19  2018,82569890.25
379,Sep 18  2018,81230153.5
380,Sep 17  2018,81331131.0
381,Sep 16  2018,84869034.25
382,Sep 15  2018,86169270.25
383,Sep 14  2018,85426791.25
384,Sep 13  2018,83447952.5
385,Sep 12  2018,77924434.0
386,Sep 11  2018,80026422.0
387,Sep 10  2018,81374198.0
388,Sep 09  2018,82750499.75
389,Sep 08  2018,79216695.25
390,Sep 07  2018,85427520.75
391,Sep 06  2018,83907598.0
392,Sep 05  2018,83343527.5
393,Sep 04  2018,95969059.25
394,Sep 03  2018,94965895.0
395,Sep 02  2018,98685853.75
396,Sep 01  2018,99422196.25
397,Aug 31  2018,94778505.0
398,Aug 30  2018,93872403.0
399,Aug 29  2018,92464216.5
400,Aug 28  2018,91823276.5
401,Aug 27  2018,90379812.25
402,Aug 26  2018,85425791.0
403,Aug 25  2018,88411897.75
404,Aug 24  2018,90252721.25
405,Aug 23  2018,82738720.75
406,Aug 22  2018,80234859.0
407,Aug 21  2018,83303074.75
408,Aug 20  2018,81572809.5
409,Aug 19  2018,88067380.5
410,Aug 18  2018,85857736.75
411,Aug 17  2018,93241524.0
412,Aug 16  2018,83443698.0
413,Aug 15  2018,82344327.5
414,Aug 14  2018,86311452.25
415,Aug 13  2018,85324973.25
416,Aug 12  2018,90912551.0
417,Aug 11  2018,92711926.75
418,Aug 10  2018,92371954.0
419,Aug 09  2018,103030701.5
420,Aug 08  2018,96610142.75
421,Aug 07  2018,102244291.75
422,Aug 06  2018,107176012.0
423,Aug 05  2018,107171778.5
424,Aug 04  2018,106584915.0
425,Aug 03  2018,118763386.5
426,Aug 02  2018,116276621.5
427,Aug 01  2018,124685931.0
428,Jul 31  2018,122793772.75
429,Jul 30  2018,131145972.5
430,Jul 29  2018,136900731.75
431,Jul 28  2018,139384901.25
432,Jul 27  2018,137573140.0
433,Jul 26  2018,138410641.75
434,Jul 25  2018,143678177.75
435,Jul 24  2018,145307013.0
436,Jul 23  2018,146477986.0
437,Jul 22  2018,150697168.75
438,Jul 21  2018,154444857.5
439,Jul 20  2018,156579861.0
440,Jul 19  2018,157458234.5
441,Jul 18  2018,154500488.75
442,Jul 17  2018,165134721.75
443,Jul 16  2018,153417318.0
444,Jul 15  2018,135037246.75
445,Jul 14  2018,123789956.25
446,Jul 13  2018,118044478.25
447,Jul 12  2018,117758470.75
448,Jul 11  2018,122951479.75
449,Jul 10  2018,122922492.0
450,Jul 09  2018,129395600.0
451,Jul 08  2018,131451923.25
452,Jul 07  2018,135076150.25
453,Jul 06  2018,138887558.5
454,Jul 05  2018,135237896.5
455,Jul 04  2018,132374669.75
456,Jul 03  2018,133638381.75
457,Jul 02  2018,134797143.5
458,Jul 01  2018,130639588.25
459,Jun 30  2018,128872919.25
460,Jun 29  2018,132069813.5
461,Jun 28  2018,115269760.75
462,Jun 27  2018,132528972.25
463,Jun 26  2018,135864137.0
464,Jun 25  2018,141770953.5
465,Jun 24  2018,139256284.0
466,Jun 23  2018,136710305.5
467,Jun 22  2018,145816139.0
468,Jun 21  2018,169750392.0
469,Jun 20  2018,172758022.0
470,Jun 19  2018,174392461.0
471,Jun 18  2018,176200799.5
472,Jun 17  2018,171503053.75
473,Jun 16  2018,169350849.25
474,Jun 15  2018,170664549.25
475,Jun 14  2018,185640210.75
476,Jun 13  2018,162187913.5
477,Jun 12  2018,163958494.75
478,Jun 11  2018,180300291.5
479,Jun 10  2018,176072257.75
480,Jun 09  2018,195249913.75
481,Jun 08  2018,204939347.25
482,Jun 07  2018,201920835.75
483,Jun 06  2018,190202948.75
484,Jun 05  2018,189977237.75
485,Jun 04  2018,188610809.0
486,Jun 03  2018,187077945.75
487,Jun 02  2018,193398014.75
488,Jun 01  2018,182302061.5
489,May 31  2018,177316079.0
490,May 30  2018,170799559.75
491,May 29  2018,176494476.75
492,May 28  2018,169463550.25
493,May 27  2018,173787257.5
494,May 26  2018,174453987.0
495,May 25  2018,191082350.0
496,May 24  2018,192942197.75
497,May 23  2018,193764474.75
498,May 22  2018,205899472.5
499,May 21  2018,218166984.25
500,May 20  2018,207505030.5
501,May 19  2018,200900267.5
502,May 18  2018,196236107.0
503,May 17  2018,175792451.5
504,May 16  2018,171741811.0
505,May 15  2018,180734248.0
506,May 14  2018,188823693.25
507,May 13  2018,170036715.5
508,May 12  2018,159490583.0
509,May 11  2018,161599589.5
510,May 10  2018,162994657.25
511,May 09  2018,158965338.0
512,May 08  2018,160928703.0
513,May 07  2018,163849448.0
514,May 06  2018,161651307.75
515,May 05  2018,165757476.25
516,May 04  2018,172601854.25
517,May 03  2018,158231290.0
518,May 02  2018,154729087.75
519,May 01  2018,153147232.75
520,Apr 30  2018,159168926.75
521,Apr 29  2018,158477850.25
522,Apr 28  2018,164860578.0
523,Apr 27  2018,157949693.0
524,Apr 26  2018,162570058.0
525,Apr 25  2018,148085975.25
526,Apr 24  2018,146901704.75
527,Apr 23  2018,126158248.25
528,Apr 22  2018,123361449.75
529,Apr 21  2018,129572182.25
530,Apr 20  2018,128080973.25
531,Apr 19  2018,121581617.5
532,Apr 18  2018,118870753.0
533,Apr 17  2018,118224537.5
534,Apr 16  2018,121876793.0
535,Apr 15  2018,124607430.0
536,Apr 14  2018,116139916.75
537,Apr 13  2018,113695296.0
538,Apr 12  2018,119054043.25
539,Apr 11  2018,102598479.25
540,Apr 10  2018,99512998.5
541,Apr 09  2018,93444615.25
542,Apr 08  2018,96220125.5
543,Apr 07  2018,96329353.0
544,Apr 06  2018,85172796.25
545,Apr 05  2018,84479924.25
546,Apr 04  2018,81952953.0
547,Apr 03  2018,90627555.0
548,Apr 02  2018,80845908.5
549,Apr 01  2018,76187142.25
550,Mar 31  2018,77023010.0
551,Mar 30  2018,74439836.75
552,Mar 29  2018,77397345.25
553,Mar 28  2018,88850641.75
554,Mar 27  2018,86917263.0
555,Mar 26  2018,90966498.5
556,Mar 25  2018,95315953.0
557,Mar 24  2018,97110919.25
558,Mar 23  2018,99752545.75
559,Mar 22  2018,94615940.0
560,Mar 21  2018,96241340.75
561,Mar 20  2018,97527468.75
562,Mar 19  2018,96986595.75
563,Mar 18  2018,93708670.25
564,Mar 17  2018,89647930.5
565,Mar 16  2018,101122148.75
566,Mar 15  2018,103773452.0
567,Mar 14  2018,99963127.5
568,Mar 13  2018,112505865.0
569,Mar 12  2018,112881001.75
570,Mar 11  2018,120147626.5
571,Mar 10  2018,114912258.75
572,Mar 09  2018,114780386.75
573,Mar 08  2018,110733701.75
574,Mar 07  2018,125440345.75
575,Mar 06  2018,137043173.5
576,Mar 05  2018,154994565.25
577,Mar 04  2018,152155978.25
578,Mar 03  2018,151822758.5
579,Mar 02  2018,150304282.75
580,Mar 01  2018,147870767.5
581,Feb 28  2018,138404276.5
582,Feb 27  2018,145361268.5
583,Feb 26  2018,140669568.5
584,Feb 25  2018,133851934.75
585,Feb 24  2018,133522973.0
586,Feb 23  2018,141340902.75
587,Feb 22  2018,134574258.0
588,Feb 21  2018,140646318.75
589,Feb 20  2018,150945255.0
590,Feb 19  2018,161566523.5
591,Feb 18  2018,155029296.25
592,Feb 17  2018,174496205.75
593,Feb 16  2018,163667676.75
594,Feb 15  2018,158867578.0
595,Feb 14  2018,147671078.25
596,Feb 13  2018,133422555.25
597,Feb 12  2018,140542766.25
598,Feb 11  2018,125973885.25
599,Feb 10  2018,140694710.25
600,Feb 09  2018,148200151.25
601,Feb 08  2018,132254520.5
602,Feb 07  2018,124735329.5
603,Feb 06  2018,131329519.5
604,Feb 05  2018,107274723.75
605,Feb 04  2018,134670495.25
606,Feb 03  2018,160043231.75
607,Feb 02  2018,146184130.0
608,Feb 01  2018,149141455.5
609,Jan 31  2018,175277485.25
610,Jan 30  2018,161035671.5
611,Jan 29  2018,177765443.5
612,Jan 28  2018,168888699.75
613,Jan 27  2018,166692781.5
614,Jan 26  2018,163219964.25
615,Jan 25  2018,165018374.0
616,Jan 24  2018,171231189.75
617,Jan 23  2018,167270822.75
618,Jan 22  2018,164125628.0
619,Jan 21  2018,182251775.75
620,Jan 20  2018,213779162.0
621,Jan 19  2018,186778762.5
622,Jan 18  2018,154736608.0
623,Jan 17  2018,158219158.0
624,Jan 16  2018,152354398.75
625,Jan 15  2018,192124494.25
626,Jan 14  2018,207021069.5
627,Jan 13  2018,222464839.0
628,Jan 12  2018,217676050.0
629,Jan 11  2018,192372399.25
630,Jan 10  2018,211461501.0
631,Jan 09  2018,219548183.0
632,Jan 08  2018,209366093.75
633,Jan 07  2018,210994372.75
634,Jan 06  2018,210138751.75
635,Jan 05  2018,200196967.25
636,Jan 04  2018,200821275.25
637,Jan 03  2018,193726336.25
638,Jan 02  2018,194705707.5
639,Jan 01  2018,194434931.5
640,Dec 31  2017,172563281.75
641,Dec 30  2017,153573307.0
642,Dec 29  2017,178921219.75
643,Dec 28  2017,160955614.75
644,Dec 27  2017,175193979.5
645,Dec 26  2017,171251060.75
646,Dec 25  2017,164650426.25
647,Dec 24  2017,161150593.25
648,Dec 23  2017,154704209.5
649,Dec 22  2017,138303707.25
650,Dec 21  2017,165128984.5
651,Dec 20  2017,167628389.5
652,Dec 19  2017,162303357.0
653,Dec 18  2017,165588035.0
654,Dec 17  2017,152712033.75
655,Dec 16  2017,150668210.75
656,Dec 15  2017,133106448.5
657,Dec 14  2017,133078701.75
658,Dec 13  2017,130719441.75
659,Dec 12  2017,129699312.0
660,Dec 11  2017,108383515.0
661,Dec 10  2017,105946580.5
662,Dec 09  2017,101247005.0
663,Dec 08  2017,107568124.25
664,Dec 07  2017,97755892.5
665,Dec 06  2017,97566380.75
666,Dec 05  2017,106550222.25
667,Dec 04  2017,110160222.5
668,Dec 03  2017,102875599.5
669,Dec 02  2017,104056731.0
670,Dec 01  2017,108933485.25
671,Nov 30  2017,105380559.5
672,Nov 29  2017,89409793.5
673,Nov 28  2017,103278036.5
674,Nov 27  2017,108999659.25
675,Nov 26  2017,110221740.25
676,Nov 25  2017,91969674.75
677,Nov 24  2017,88622883.5
678,Nov 23  2017,80274594.5
679,Nov 22  2017,77070479.75
680,Nov 21  2017,67137835.5
681,Nov 20  2017,67294411.5
682,Nov 19  2017,68449366.0
683,Nov 18  2017,68115809.75
684,Nov 17  2017,64399881.25
685,Nov 16  2017,66141171.25
686,Nov 15  2017,67789345.0
687,Nov 14  2017,66613329.5
688,Nov 13  2017,62636379.0
689,Nov 12  2017,57348030.75
690,Nov 11  2017,60478296.75
691,Nov 10  2017,60867863.5
692,Nov 09  2017,65627820.25
693,Nov 08  2017,63658936.0
694,Nov 07  2017,57727011.5
695,Nov 06  2017,57482569.25
696,Nov 05  2017,58513545.0
697,Nov 04  2017,58413259.25
698,Nov 03  2017,57613718.5
699,Nov 02  2017,53806785.0
700,Nov 01  2017,55960590.5
701,Oct 31  2017,57064059.0
702,Oct 30  2017,59594703.5
703,Oct 29  2017,57273081.0
704,Oct 28  2017,58888906.25
705,Oct 27  2017,55951590.0
706,Oct 26  2017,57064114.0
707,Oct 25  2017,63752836.5
708,Oct 24  2017,52192368.0
709,Oct 23  2017,45192733.5
710,Oct 22  2017,49310562.0
711,Oct 21  2017,47261050.25
712,Oct 20  2017,48283375.5
713,Oct 19  2017,51159450.0
714,Oct 18  2017,52142678.0
715,Oct 17  2017,52988031.75
716,Oct 16  2017,51485347.75
717,Oct 15  2017,51985676.75
718,Oct 14  2017,51587675.25
719,Oct 13  2017,51397348.75
720,Oct 12  2017,54303797.0
721,Oct 11  2017,52408091.25
722,Oct 10  2017,51882297.5
723,Oct 09  2017,50379173.75
724,Oct 08  2017,50992534.5
725,Oct 07  2017,55328406.25
726,Oct 06  2017,55525964.0
727,Oct 05  2017,55495757.5
728,Oct 04  2017,55967791.5
729,Oct 03  2017,57924287.5
730,Oct 02  2017,62426287.0
731,Oct 01  2017,60707722.5
732,Sep 30  2017,63017962.5
733,Sep 29  2017,61706513.0
734,Sep 28  2017,63313652.25
735,Sep 27  2017,66096783.0
736,Sep 26  2017,60873987.0
737,Sep 25  2017,62706300.0
738,Sep 24  2017,60603297.0
739,Sep 23  2017,66150298.25
740,Sep 22  2017,56514044.0
741,Sep 21  2017,57360023.75
742,Sep 20  2017,64135577.75
743,Sep 19  2017,58296090.5
744,Sep 18  2017,56726521.0
745,Sep 17  2017,54195580.25
746,Sep 16  2017,55712223.25
747,Sep 15  2017,54744083.5
748,Sep 14  2017,44466715.25
749,Sep 13  2017,50233155.25
750,Sep 12  2017,51018231.5
751,Sep 11  2017,52855570.75
752,Sep 10  2017,52919631.0
753,Sep 09  2017,55602370.25
754,Sep 08  2017,57011559.25
755,Sep 07  2017,59833350.5
756,Sep 06  2017,61568158.5
757,Sep 05  2017,60321388.75
758,Sep 04  2017,57469300.5
759,Sep 03  2017,63693549.5
760,Sep 02  2017,63113533.5
761,Sep 01  2017,70728671.5
762,Aug 31  2017,65978735.5
763,Aug 30  2017,66657683.75
764,Aug 29  2017,63026881.25
765,Aug 28  2017,68522314.0
766,Aug 27  2017,69981240.5
767,Aug 26  2017,66386118.5
768,Aug 25  2017,60812327.0
769,Aug 24  2017,56108298.5
770,Aug 23  2017,49000886.0
771,Aug 22  2017,48094105.25
772,Aug 21  2017,49353711.0
773,Aug 20  2017,48193152.75
774,Aug 19  2017,49539217.5
775,Aug 18  2017,43800651.75
776,Aug 17  2017,45036819.75
777,Aug 16  2017,47445585.0
778,Aug 15  2017,52100807.0
779,Aug 14  2017,42233773.25
780,Aug 13  2017,45125260.75
781,Aug 12  2017,46197556.75
782,Aug 11  2017,47274739.5
783,Aug 10  2017,49338962.0
784,Aug 09  2017,50772519.0
785,Aug 08  2017,54245817.0
786,Aug 07  2017,52635850.25
787,Aug 06  2017,52712725.0
788,Aug 05  2017,53430087.75
789,Aug 04  2017,49972175.25
790,Aug 03  2017,48602967.0
791,Aug 02  2017,47922398.5
792,Aug 01  2017,47500505.5
793,Jul 31  2017,46767894.25
794,Jul 30  2017,43185837.75
795,Jul 29  2017,48029675.75
796,Jul 28  2017,39424018.5
797,Jul 27  2017,41889923.5
798,Jul 26  2017,43377178.75
799,Jul 25  2017,43832341.5
800,Jul 24  2017,49140117.5
801,Jul 23  2017,49471834.75
802,Jul 22  2017,51181975.5
803,Jul 21  2017,45808130.0
804,Jul 20  2017,42209321.0
805,Jul 19  2017,35131936.5
806,Jul 18  2017,37168149.75
807,Jul 17  2017,36810651.25
808,Jul 16  2017,28949554.75
809,Jul 15  2017,30009314.5
810,Jul 14  2017,33262834.75
811,Jul 13  2017,37271071.0
812,Jul 12  2017,40703833.5
813,Jul 11  2017,37004052.25
814,Jul 10  2017,36629053.5
815,Jul 09  2017,47473619.75
816,Jul 08  2017,52518832.75
817,Jul 07  2017,43075609.75
818,Jul 06  2017,49872363.75
819,Jul 05  2017,52316544.5
820,Jul 04  2017,50807298.75
821,Jul 03  2017,45508709.0
822,Jul 02  2017,42618937.0
823,Jul 01  2017,42179817.5
824,Jun 30  2017,45175364.5
825,Jun 29  2017,48108373.5
826,Jun 28  2017,49980948.5
827,Jun 27  2017,49807826.0
828,Jun 26  2017,48268161.5
829,Jun 25  2017,52486594.75
830,Jun 24  2017,58740983.25
831,Jun 23  2017,61397587.5
832,Jun 22  2017,57635365.75
833,Jun 21  2017,49826983.75
834,Jun 20  2017,48698140.5
835,Jun 19  2017,52724403.25
836,Jun 18  2017,55138491.25
837,Jun 17  2017,42110851.75
838,Jun 16  2017,43047742.25
839,Jun 15  2017,39726612.75
840,Jun 14  2017,41065182.0
841,Jun 13  2017,48354491.5
842,Jun 12  2017,44190226.75
843,Jun 11  2017,53601222.75
844,Jun 10  2017,53562201.25
845,Jun 09  2017,54851507.0
846,Jun 08  2017,45331653.75
847,Jun 07  2017,42569013.5
848,Jun 06  2017,45259487.5
849,Jun 05  2017,45700895.0
850,Jun 04  2017,41615083.75
851,Jun 03  2017,45441933.75
852,Jun 02  2017,39726551.5
853,Jun 01  2017,32388123.0
854,May 31  2017,28237303.5
855,May 30  2017,26209309.5
856,May 29  2017,26935548.25
857,May 28  2017,25924291.0
858,May 27  2017,24212561.75
859,May 26  2017,27407401.75
860,May 25  2017,28171061.25
861,May 24  2017,31096846.0
862,May 23  2017,28581176.5
863,May 22  2017,25492318.5
864,May 21  2017,25902403.5
865,May 20  2017,25768401.0
866,May 19  2017,25366273.5
867,May 18  2017,26682955.5
868,May 17  2017,26718248.0
869,May 16  2017,19429470.5
870,May 15  2017,19775553.0
871,May 14  2017,21732595.5
872,May 13  2017,23667487.0
873,May 12  2017,19383118.75
874,May 11  2017,19455032.25
875,May 10  2017,20866548.75
876,May 09  2017,19642867.5
877,May 08  2017,21724457.75
878,May 07  2017,21397295.0
879,May 06  2017,21383719.25
880,May 05  2017,20033233.75
881,May 04  2017,19173132.5
882,May 03  2017,18110824.0
883,May 02  2017,17316267.0
884,May 01  2017,18943252.25
885,Apr 30  2017,19733671.75
886,Apr 29  2017,19413507.0
887,Apr 28  2017,18882365.5
888,Apr 27  2017,18045217.0
889,Apr 26  2017,20296795.25
890,Apr 25  2017,18748059.5
891,Apr 24  2017,20269602.5
892,Apr 23  2017,20200883.5
893,Apr 22  2017,18048610.5
894,Apr 21  2017,18080843.0
895,Apr 20  2017,17284015.75
896,Apr 19  2017,16333149.5
897,Apr 18  2017,14768490.0
898,Apr 17  2017,14625037.25
899,Apr 16  2017,14766887.5
900,Apr 15  2017,14676811.25
901,Apr 14  2017,13408443.0
902,Apr 13  2017,13319787.5
903,Apr 12  2017,13905063.25
904,Apr 11  2017,13753893.75
905,Apr 10  2017,13890207.75
906,Apr 09  2017,14395581.75
907,Apr 08  2017,13428286.5
908,Apr 07  2017,10732296.5
909,Apr 06  2017,11685875.75
910,Apr 05  2017,12367619.25
911,Apr 04  2017,12007984.25
912,Apr 03  2017,12925132.25
913,Apr 02  2017,13202257.5
914,Apr 01  2017,15157073.75
915,Mar 31  2017,14960074.25
916,Mar 30  2017,14443858.75
917,Mar 29  2017,13116315.25
918,Mar 28  2017,13703130.25
919,Mar 27  2017,11636347.75
920,Mar 26  2017,16125685.25
921,Mar 25  2017,10787917.5
922,Mar 24  2017,7945491.25
923,Mar 23  2017,8504306.5
924,Mar 22  2017,6411086.75
925,Mar 21  2017,6210640.5
926,Mar 20  2017,6548410.0
927,Mar 19  2017,6737202.25
928,Mar 18  2017,6558014.0
929,Mar 17  2017,5184298.5
930,Mar 16  2017,5558252.25
931,Mar 15  2017,5708282.25
932,Mar 14  2017,5038537.5
933,Mar 13  2017,5459745.0
934,Mar 12  2017,4987089.5
935,Mar 11  2017,3617717.75
936,Mar 10  2017,3483729.5
937,Mar 09  2017,3410752.5
938,Mar 08  2017,3151764.5
939,Mar 07  2017,3687527.0
940,Mar 06  2017,2684572.5
941,Mar 05  2017,2464341.0
942,Mar 04  2017,2461091.25
943,Mar 03  2017,2360649.0
944,Mar 02  2017,2396626.5
945,Mar 01  2017,2310381.75
946,Feb 28  2017,2414967.5
947,Feb 27  2017,2578036.25
948,Feb 26  2017,2652590.0
949,Feb 25  2017,2507639.5
950,Feb 24  2017,2552175.0
951,Feb 23  2017,2346112.75
952,Feb 22  2017,2399418.25
953,Feb 21  2017,2010590.25
954,Feb 20  2017,2128757.5
955,Feb 19  2017,2244823.25
956,Feb 18  2017,2042049.25
957,Feb 17  2017,2285442.0
958,Feb 16  2017,2389059.25
959,Feb 15  2017,2551419.75
960,Feb 14  2017,2580554.75
961,Feb 13  2017,2804966.5
962,Feb 12  2017,2545862.25
963,Feb 11  2017,2674113.5
964,Feb 10  2017,2747473.75
965,Feb 09  2017,2929966.75
966,Feb 08  2017,2759963.5
967,Feb 07  2017,2788043.75
968,Feb 06  2017,2772884.5
969,Feb 05  2017,3209226.5
970,Feb 04  2017,3491352.25
971,Feb 03  2017,2771060.25
972,Feb 02  2017,2750054.5
973,Feb 01  2017,2609851.0
974,Jan 31  2017,2441051.5
975,Jan 30  2017,2007180.75
976,Jan 29  2017,2101160.0
977,Jan 28  2017,1705414.25
978,Jan 27  2017,1512109.0
979,Jan 26  2017,1679052.75
980,Jan 25  2017,1190367.5
981,Jan 24  2017,1172895.0
982,Jan 23  2017,1128331.75
983,Jan 22  2017,1082296.25
984,Jan 21  2017,1070909.5
985,Jan 20  2017,1099716.0
986,Jan 19  2017,1213353.5
987,Jan 18  2017,1036719.0
988,Jan 17  2017,1055035.0
989,Jan 16  2017,1119320.5
990,Jan 15  2017,1133939.75
991,Jan 14  2017,1197537.75
992,Jan 13  2017,1228524.5
993,Jan 12  2017,979584.0
994,Jan 11  2017,879814.25
995,Jan 10  2017,910859.75
996,Jan 09  2017,1019696.0
997,Jan 08  2017,1006471.0
998,Jan 07  2017,869525.75
999,Jan 06  2017,784280.75
1000,Jan 05  2017,822452.75
1001,Jan 04  2017,935245.0
1002,Jan 03  2017,795426.0
1003,Jan 02  2017,803761.0
1004,Jan 01  2017,822660.5
1005,Dec 31  2016,824959.25
1006,Dec 30  2016,802278.5
1007,Dec 29  2016,806531.5
1008,Dec 28  2016,766587.0
1009,Dec 27  2016,733284.5
1010,Dec 26  2016,700629.75
1011,Dec 25  2016,703467.75
1012,Dec 24  2016,663775.75
1013,Dec 23  2016,635254.75
1014,Dec 22  2016,655719.0
1015,Dec 21  2016,653673.5
1016,Dec 20  2016,681553.0
1017,Dec 19  2016,679145.5
1018,Dec 18  2016,681701.5
1019,Dec 17  2016,713333.25
1020,Dec 16  2016,706426.75
1021,Dec 15  2016,682933.5
1022,Dec 14  2016,700894.5
1023,Dec 13  2016,710519.5
1024,Dec 12  2016,695472.5
1025,Dec 11  2016,653466.0
1026,Dec 10  2016,696373.75
1027,Dec 09  2016,714348.0
1028,Dec 08  2016,753998.5
1029,Dec 07  2016,692106.5
1030,Dec 06  2016,691898.0
1031,Dec 05  2016,675988.75
1032,Dec 04  2016,712128.5
1033,Dec 03  2016,708178.0
1034,Dec 02  2016,756993.25
1035,Dec 01  2016,729355.75
1036,Nov 30  2016,737755.75
1037,Nov 29  2016,773456.0
1038,Nov 28  2016,755453.5
1039,Nov 27  2016,761010.25
1040,Nov 26  2016,757749.0
1041,Nov 25  2016,785764.5
1042,Nov 24  2016,808058.5
1043,Nov 23  2016,859988.0
1044,Nov 22  2016,887738.5
1045,Nov 21  2016,915627.0
1046,Nov 20  2016,923941.5
1047,Nov 19  2016,950605.5
1048,Nov 18  2016,952169.25
1049,Nov 17  2016,921424.75
1050,Nov 16  2016,916644.75
1051,Nov 15  2016,910565.0
1052,Nov 14  2016,852146.0
1053,Nov 13  2016,868792.0
1054,Nov 12  2016,873979.75
1055,Nov 11  2016,876805.75
1056,Nov 10  2016,934727.5
1057,Nov 09  2016,936355.0
1058,Nov 08  2016,849777.25
1059,Nov 07  2016,843413.0
1060,Nov 06  2016,853464.5
1061,Nov 05  2016,831370.5
1062,Nov 04  2016,846660.5
1063,Nov 03  2016,859525.75
1064,Nov 02  2016,925518.5
1065,Nov 01  2016,921084.0
1066,Oct 31  2016,890180.75
1067,Oct 30  2016,964173.0
1068,Oct 29  2016,962643.75
1069,Oct 28  2016,958775.25
1070,Oct 27  2016,978631.5
1071,Oct 26  2016,1013648.25
1072,Oct 25  2016,972784.0
1073,Oct 24  2016,952154.25
1074,Oct 23  2016,969691.75
1075,Oct 22  2016,992824.75
1076,Oct 21  2016,935425.25
1077,Oct 20  2016,965967.25
1078,Oct 19  2016,924595.5
1079,Oct 18  2016,950414.5
1080,Oct 17  2016,1030579.75
1081,Oct 16  2016,993477.5
1082,Oct 15  2016,1025755.0
1083,Oct 14  2016,1042505.5
1084,Oct 13  2016,1014653.5
1085,Oct 12  2016,1004830.5
1086,Oct 11  2016,1034841.5
1087,Oct 10  2016,1024269.25
1088,Oct 09  2016,1062392.0
1089,Oct 08  2016,1063665.25
1090,Oct 07  2016,1075543.0
1091,Oct 06  2016,1058155.0
1092,Oct 05  2016,1033061.25
1093,Oct 04  2016,994998.5
1094,Oct 03  2016,1054967.5
1095,Oct 02  2016,984152.0
1096,Oct 01  2016,995648.75
1097,Sep 30  2016,979710.25
1098,Sep 29  2016,1013664.75
1099,Sep 28  2016,1022186.5
1100,Sep 27  2016,1018542.0
1101,Sep 26  2016,1063103.5
1102,Sep 25  2016,1088619.5
1103,Sep 24  2016,1101591.75
1104,Sep 23  2016,1097193.25
1105,Sep 22  2016,1087609.0
1106,Sep 21  2016,1080551.75
1107,Sep 20  2016,1140810.25
1108,Sep 19  2016,1086893.75
1109,Sep 18  2016,1125331.75
1110,Sep 17  2016,1196587.0
1111,Sep 16  2016,1213017.75
1112,Sep 15  2016,1189349.0
1113,Sep 14  2016,1209616.5
1114,Sep 13  2016,1220478.5
1115,Sep 12  2016,1203794.0
1116,Sep 11  2016,1222041.25
1117,Sep 10  2016,1262273.0
1118,Sep 09  2016,1264919.75
1119,Sep 08  2016,1257978.25
1120,Sep 07  2016,1238869.75
1121,Sep 06  2016,1228324.25
1122,Sep 05  2016,1233493.5
1123,Sep 04  2016,1231984.75
1124,Sep 03  2016,1206391.25
1125,Sep 02  2016,1123879.75
1126,Sep 01  2016,1100893.25
1127,Aug 31  2016,1097250.75
1128,Aug 30  2016,1140323.75
1129,Aug 29  2016,1138532.25
1130,Aug 28  2016,1162080.5
1131,Aug 27  2016,1141266.5
1132,Aug 26  2016,1160630.25
1133,Aug 25  2016,1163050.25
1134,Aug 24  2016,1178117.5
1135,Aug 23  2016,1149286.0
1136,Aug 22  2016,1180149.75
1137,Aug 21  2016,1158850.0
1138,Aug 20  2016,1178864.0
1139,Aug 19  2016,1210049.75
1140,Aug 18  2016,1203873.5
1141,Aug 17  2016,1195744.0
1142,Aug 16  2016,1205589.25
1143,Aug 15  2016,1198131.25
1144,Aug 14  2016,1229886.5
1145,Aug 13  2016,1309563.75
1146,Aug 12  2016,1277891.0
1147,Aug 11  2016,1235611.5
1148,Aug 10  2016,1174443.25
1149,Aug 09  2016,1196654.75
1150,Aug 08  2016,1160507.5
1151,Aug 07  2016,1149771.75
1152,Aug 06  2016,1188436.5
1153,Aug 05  2016,1163177.75
1154,Aug 04  2016,1161172.25
1155,Aug 03  2016,1125191.75
1156,Aug 02  2016,1059905.5
1157,Aug 01  2016,1214289.25
1158,Jul 31  2016,1272845.5
1159,Jul 30  2016,1213307.0
1160,Jul 29  2016,1188023.0
1161,Jul 28  2016,1199189.75
1162,Jul 27  2016,1190644.5
1163,Jul 26  2016,1198608.0
1164,Jul 25  2016,1264834.25
1165,Jul 24  2016,1072581.0
1166,Jul 23  2016,1211654.0
1167,Jul 22  2016,1179282.5
1168,Jul 21  2016,1207548.25
1169,Jul 20  2016,1174061.5
1170,Jul 19  2016,1217274.25
1171,Jul 18  2016,1177904.75
1172,Jul 17  2016,1197996.0
1173,Jul 16  2016,1095744.0
1174,Jul 15  2016,1176346.5
1175,Jul 14  2016,1167953.25
1176,Jul 13  2016,1100000.25
1177,Jul 12  2016,1079005.75
1178,Jul 11  2016,1068035.0
1179,Jul 10  2016,1088566.75
1180,Jul 09  2016,1040120.25
1181,Jul 08  2016,1164830.0
1182,Jul 07  2016,1041175.5
1183,Jul 06  2016,1147434.75
1184,Jul 05  2016,1188793.25
1185,Jul 04  2016,1137975.25
1186,Jul 03  2016,1119962.0
1187,Jul 02  2016,1175784.75
1188,Jul 01  2016,1140434.75
1189,Jun 30  2016,1256519.75
1190,Jun 29  2016,1219556.0
1191,Jun 28  2016,1120526.75
1192,Jun 27  2016,1137854.25
1193,Jun 26  2016,900310.25
1194,Jun 25  2016,1019771.5
1195,Jun 24  2016,1027951.75
1196,Jun 23  2016,932247.75
1197,Jun 22  2016,901753.5
1198,Jun 21  2016,967511.5
1199,Jun 20  2016,1169126.0
1200,Jun 19  2016,1134756.0
1201,Jun 18  2016,1080992.25
1202,Jun 17  2016,989102.75
1203,Jun 16  2016,1199714.25
1204,Jun 15  2016,1081499.5
1205,Jun 14  2016,1058822.75
1206,Jun 13  2016,1061639.0
1207,Jun 12  2016,1037807.5
1208,Jun 11  2016,1037435.5
1209,Jun 10  2016,1005477.5
1210,Jun 09  2016,1007884.5
1211,Jun 08  2016,1011793.0
1212,Jun 07  2016,1022258.75
1213,Jun 06  2016,1017737.25
1214,Jun 05  2016,998722.5
1215,Jun 04  2016,1046265.5
1216,Jun 03  2016,1005033.0
1217,Jun 02  2016,1027965.5
1218,Jun 01  2016,1041890.75
1219,May 31  2016,865567.0
1220,May 30  2016,874977.25
1221,May 29  2016,857747.0
1222,May 28  2016,923703.75
1223,May 27  2016,776852.25
1224,May 26  2016,786826.5
1225,May 25  2016,808318.5
1226,May 24  2016,808137.0
1227,May 23  2016,835515.75
1228,May 22  2016,798424.5
1229,May 21  2016,829228.25
1230,May 20  2016,787461.0
1231,May 19  2016,825335.25
1232,May 18  2016,824657.0
1233,May 17  2016,903464.5
1234,May 16  2016,982917.75
1235,May 15  2016,726380.25
1236,May 14  2016,725750.25
1237,May 13  2016,702726.75
1238,May 12  2016,680478.25
1239,May 11  2016,721939.5
1240,May 10  2016,742254.5
1241,May 09  2016,758792.0
1242,May 08  2016,761864.0
1243,May 07  2016,803243.5
1244,May 06  2016,780182.75
1245,May 05  2016,771777.75
1246,May 04  2016,720656.75
1247,May 03  2016,771623.0
1248,May 02  2016,757436.5
1249,May 01  2016,769473.0
1250,Apr 30  2016,776771.5
1251,Apr 29  2016,764502.25
1252,Apr 28  2016,747796.75
1253,Apr 27  2016,707796.0
1254,Apr 26  2016,721569.5
1255,Apr 25  2016,743127.0
1256,Apr 24  2016,752152.25
1257,Apr 23  2016,755516.75
1258,Apr 22  2016,743123.25
1259,Apr 21  2016,741432.0
1260,Apr 20  2016,741703.75
1261,Apr 19  2016,715720.25
1262,Apr 18  2016,751283.25
1263,Apr 17  2016,642063.0
1264,Apr 16  2016,670671.75
1265,Apr 15  2016,688900.5
1266,Apr 14  2016,740910.0
1267,Apr 13  2016,713476.25
1268,Apr 12  2016,724919.25
1269,Apr 11  2016,661031.25
1270,Apr 10  2016,718222.25
1271,Apr 09  2016,732606.5
1272,Apr 08  2016,778627.5
1273,Apr 07  2016,761492.0
1274,Apr 06  2016,730491.0
1275,Apr 05  2016,789019.0
1276,Apr 04  2016,824645.75
1277,Apr 03  2016,814885.5
1278,Apr 02  2016,842947.25
1279,Apr 01  2016,839463.0
1280,Mar 31  2016,823074.25
1281,Mar 30  2016,868916.0
1282,Mar 29  2016,866572.75
1283,Mar 28  2016,826220.25
1284,Mar 27  2016,828765.5
1285,Mar 26  2016,892549.5
1286,Mar 25  2016,801530.75
1287,Mar 24  2016,756472.25
1288,Mar 23  2016,787843.75
1289,Mar 22  2016,814991.75
1290,Mar 21  2016,832727.75
1291,Mar 20  2016,801802.25
1292,Mar 19  2016,837902.75
1293,Mar 18  2016,864773.0
1294,Mar 17  2016,894375.25
1295,Mar 16  2016,939146.5
1296,Mar 15  2016,924298.75
1297,Mar 14  2016,871523.5
1298,Mar 13  2016,828666.25
1299,Mar 12  2016,806066.5
1300,Mar 11  2016,858671.25
1301,Mar 10  2016,825953.0
1302,Mar 09  2016,812881.5
1303,Mar 08  2016,782847.5
1304,Mar 07  2016,734818.75
1305,Mar 06  2016,729998.0
1306,Mar 05  2016,608601.5
1307,Mar 04  2016,647260.5
1308,Mar 03  2016,610571.75
1309,Mar 02  2016,585532.0
1310,Mar 01  2016,561041.5
1311,Feb 29  2016,611421.0
1312,Feb 28  2016,666640.75
1313,Feb 27  2016,643711.0
1314,Feb 26  2016,720645.5
1315,Feb 25  2016,720200.25
1316,Feb 24  2016,758409.75
1317,Feb 23  2016,595393.0
1318,Feb 22  2016,559030.5
1319,Feb 21  2016,174083.75
1320,Feb 20  2016,218212.0
1321,Feb 19  2016,203967.5
1322,Feb 18  2016,143892.0
1323,Feb 17  2016,175610.5
1324,Feb 16  2016,165497.75
1325,Feb 15  2016,215403.25
1326,Feb 14  2016,131688.0
1327,Feb 13  2016,143655.75
1328,Feb 12  2016,129838.25
1329,Feb 11  2016,126197.0
1330,Feb 10  2016,137219.75
1331,Feb 09  2016,118427.25
1332,Feb 08  2016,103498.25
1333,Feb 07  2016,103882.25
1334,Feb 06  2016,112338.25
1335,Feb 05  2016,115637.5
1336,Feb 04  2016,116705.75
1337,Feb 03  2016,133562.0
1338,Feb 02  2016,135609.0
1339,Feb 01  2016,123876.0
1340,Jan 31  2016,135096.5
1341,Jan 30  2016,125398.25
1342,Jan 29  2016,113660.25
1343,Jan 28  2016,120084.25
1344,Jan 27  2016,140041.75
1345,Jan 26  2016,115590.5
1346,Jan 25  2016,188898.75
1347,Jan 24  2016,291847.25
1348,Jan 23  2016,293333.0
1349,Jan 22  2016,239730.0
1350,Jan 21  2016,229438.25
1351,Jan 20  2016,234407.75
1352,Jan 19  2016,193408.75
1353,Jan 18  2016,148296.75
1354,Jan 17  2016,110031.25
1355,Jan 16  2016,110430.75
1356,Jan 15  2016,77635.75
1357,Jan 14  2016,118079.75
1358,Jan 13  2016,101677.0
1359,Jan 12  2016,103354.0
1360,Jan 11  2016,105449.0
1361,Jan 10  2016,76024.0
1362,Jan 09  2016,76001.25
1363,Jan 08  2016,79930.5
1364,Jan 07  2016,65948.75
1365,Jan 06  2016,56354.5
1366,Jan 05  2016,83427.75
1367,Jan 04  2016,100226.25
1368,Jan 03  2016,61750.5
1369,Jan 02  2016,81479.0
1370,Jan 01  2016,82271.75
1371,Dec 31  2015,90388.75
1372,Dec 30  2015,77933.75
1373,Dec 29  2015,79529.75
1374,Dec 28  2015,77578.75
1375,Dec 27  2015,77555.25
1376,Dec 26  2015,99884.25
1377,Dec 25  2015,83906.0
1378,Dec 24  2015,83172.75
1379,Dec 23  2015,100420.25
1380,Dec 22  2015,102745.75
1381,Dec 21  2015,78771.0
1382,Dec 20  2015,81358.5
1383,Dec 19  2015,86680.5
1384,Dec 18  2015,78674.75
1385,Dec 17  2015,66168.25
1386,Dec 16  2015,89449.75
1387,Dec 15  2015,95582.5
1388,Dec 14  2015,69592.25
1389,Dec 13  2015,107262.25
1390,Dec 12  2015,72651.5
1391,Dec 11  2015,76459.0
1392,Dec 10  2015,113840.25
1393,Dec 09  2015,81672.25
1394,Dec 08  2015,70558.75
1395,Dec 07  2015,80013.75
1396,Dec 06  2015,71530.25
1397,Dec 05  2015,86039.75
1398,Dec 04  2015,71048.5
1399,Dec 03  2015,64115.0
1400,Dec 02  2015,60897.0
1401,Dec 01  2015,88679.5
1402,Nov 30  2015,98927.25
1403,Nov 29  2015,97375.25
1404,Nov 28  2015,116382.0
1405,Nov 27  2015,149591.5
1406,Nov 26  2015,152386.5
1407,Nov 25  2015,145312.25
1408,Nov 24  2015,141615.5
1409,Nov 23  2015,143006.25
1410,Nov 22  2015,143496.25
1411,Nov 21  2015,144560.25
1412,Nov 20  2015,142653.25
1413,Nov 19  2015,144368.5
1414,Nov 18  2015,139440.5
1415,Nov 17  2015,130907.25
1416,Nov 16  2015,129213.75
1417,Nov 15  2015,125200.5
1418,Nov 14  2015,90018.5
1419,Nov 13  2015,95160.75
1420,Nov 12  2015,141301.75
1421,Nov 11  2015,137709.0
1422,Nov 10  2015,131680.75
1423,Nov 09  2015,124806.0
1424,Nov 08  2015,144072.75
1425,Nov 07  2015,171303.25
1426,Nov 06  2015,165467.75
1427,Nov 05  2015,126447.5
1428,Nov 04  2015,181017.0
1429,Nov 03  2015,203248.75
1430,Nov 02  2015,145774.5
1431,Nov 01  2015,118888.5
1432,Oct 31  2015,164381.75
1433,Oct 30  2015,166648.0
1434,Oct 29  2015,155334.0
1435,Oct 28  2015,151876.0
1436,Oct 27  2015,147228.25
1437,Oct 26  2015,118491.5
1438,Oct 25  2015,132043.0
1439,Oct 24  2015,120003.5
1440,Oct 23  2015,118859.5
1441,Oct 22  2015,139087.25
1442,Oct 21  2015,107564.25
1443,Oct 20  2015,138660.75
1444,Oct 19  2015,106372.25
1445,Oct 18  2015,136118.75
1446,Oct 17  2015,104995.25
1447,Oct 16  2015,102590.25
1448,Oct 15  2015,102717.75
1449,Oct 14  2015,98525.0
1450,Oct 13  2015,103938.75
1451,Oct 12  2015,134138.0
1452,Oct 11  2015,141070.25
1453,Oct 10  2015,141976.5
1454,Oct 09  2015,143192.5
1455,Oct 08  2015,144122.75
1456,Oct 07  2015,143404.0
1457,Oct 06  2015,146479.5
1458,Oct 05  2015,126355.75
1459,Oct 04  2015,144433.25
1460,Oct 03  2015,111916.75
1461,Oct 02  2015,163511.75
1462,Oct 01  2015,163551.75
1463,Sep 30  2015,153534.25
1464,Sep 29  2015,173833.5
1465,Sep 28  2015,124147.0
1466,Sep 27  2015,121225.75
1467,Sep 26  2015,122106.0
1468,Sep 25  2015,140001.25
1469,Sep 24  2015,158602.25
1470,Sep 23  2015,157228.25
1471,Sep 22  2015,157061.75
1472,Sep 21  2015,154737.25
1473,Sep 20  2015,150486.75
1474,Sep 19  2015,150478.0
1475,Sep 18  2015,161560.25
1476,Sep 17  2015,106378.0
1477,Sep 16  2015,105732.5
1478,Sep 15  2015,134791.5
1479,Sep 14  2015,177985.25
1480,Sep 13  2015,177040.75
1481,Sep 12  2015,162231.25
1482,Sep 11  2015,142062.5
1483,Sep 10  2015,186099.5
1484,Sep 09  2015,186942.0
1485,Sep 08  2015,235152.75
1486,Sep 07  2015,224938.5
1487,Sep 06  2015,224546.25
1488,Sep 05  2015,223317.0
1489,Sep 04  2015,227420.0
1490,Sep 03  2015,192597.5
1491,Sep 02  2015,205560.75
1492,Sep 01  2015,209881.75
1493,Aug 31  2015,227327.25
1494,Aug 30  2015,201886.75
1495,Aug 29  2015,214270.75
1496,Aug 28  2015,240048.5
1497,Aug 27  2015,215944.75
1498,Aug 26  2015,204887.0
1499,Aug 25  2015,144068.25
1500,Aug 24  2015,164823.75
1501,Aug 23  2015,179638.25
1502,Aug 22  2015,158738.25
1503,Aug 21  2015,175357.25
1504,Aug 20  2015,187287.0
1505,Aug 19  2015,234730.75
1506,Aug 18  2015,188279.0
1507,Aug 17  2015,228007.25
1508,Aug 16  2015,270268.75
1509,Aug 15  2015,274706.0
1510,Aug 14  2015,238195.0
1511,Aug 13  2015,246862.0
1512,Aug 12  2015,276758.75
1513,Aug 11  2015,280872.75
1514,Aug 10  2015,260672.25
1515,Aug 09  2015,206508.0
1516,Aug 08  2015,169088.0
1517,Aug 07  2015,139695.25
1518,Aug 06  2015,143626.75
1519,Aug 05  2015,146410.25
1520,Aug 04  2015,139853.5
1521,Aug 03  2015,164569.75
1522,Aug 02  2015,183512.0
1523,Aug 01  2015,219713.5
1524,Jul 31  2015,193382.75
1525,Jul 30  2015,190615.5
1526,Jul 29  2015,153139.75
1527,Jul 28  2015,204794.0
1528,Jul 27  2015,211115.75
1529,Jul 26  2015,167146.25
1530,Jul 25  2015,217372.25
1531,Jul 24  2015,236720.0
1532,Jul 23  2015,221316.75
1533,Jul 22  2015,181819.5
1534,Jul 21  2015,265332.25
1535,Jul 20  2015,267546.75
1536,Jul 19  2015,301588.5
1537,Jul 18  2015,274366.25
1538,Jul 17  2015,239445.25
1539,Jul 16  2015,277887.25
1540,Jul 15  2015,232220.0
1541,Jul 14  2015,403257.5
1542,Jul 13  2015,265491.0
1543,Jul 12  2015,242373.75
1544,Jul 11  2015,296601.75
1545,Jul 10  2015,470305.5
1546,Jul 09  2015,387800.25
1547,Jul 08  2015,457461.25
1548,Jul 07  2015,390943.75
1549,Jul 06  2015,501641.75
1550,Jul 05  2015,458454.5
1551,Jul 04  2015,440067.75
1552,Jul 03  2015,448638.25
1553,Jul 02  2015,430869.5
1554,Jul 01  2015,432741.5
1555,Jun 30  2015,409366.0
1556,Jun 29  2015,394135.25
1557,Jun 28  2015,402906.75
1558,Jun 27  2015,406152.5
1559,Jun 26  2015,348899.0
1560,Jun 25  2015,390259.5
1561,Jun 24  2015,429401.0
1562,Jun 23  2015,442501.25
1563,Jun 22  2015,450322.75
1564,Jun 21  2015,379882.5
1565,Jun 20  2015,443385.0
1566,Jun 19  2015,420696.5
1567,Jun 18  2015,485258.5
1568,Jun 17  2015,419784.25
1569,Jun 16  2015,612563.0
1570,Jun 15  2015,643919.75
1571,Jun 14  2015,524196.75
1572,Jun 13  2015,301018.25
1573,Jun 12  2015,238440.75
1574,Jun 11  2015,300971.75
1575,Jun 10  2015,385266.75
1576,Jun 09  2015,545152.5
1577,Jun 08  2015,553433.0
1578,Jun 07  2015,549245.75
1579,Jun 06  2015,555098.75
1580,Jun 05  2015,672747.5
1581,Jun 04  2015,692252.75
1582,Jun 03  2015,690739.0
1583,Jun 02  2015,562139.0
1584,Jun 01  2015,447317.5
1585,May 31  2015,552372.25
1586,May 30  2015,760712.75
1587,May 29  2015,903826.0
1588,May 28  2015,921775.5
1589,May 27  2015,951989.5
1590,May 26  2015,921114.25
1591,May 25  2015,889796.5
1592,May 24  2015,928418.75
1593,May 23  2015,1139218.75
1594,May 22  2015,1150883.25
1595,May 21  2015,1004751.5
1596,May 20  2015,1032013.25
1597,May 19  2015,659943.25
1598,May 18  2015,566536.75
1599,May 17  2015,566505.25
1600,May 16  2015,513167.5
1601,May 15  2015,521890.0
1602,May 14  2015,452843.0
1603,May 13  2015,333803.0
1604,May 12  2015,320033.75
1605,May 11  2015,313723.25
1606,May 10  2015,313368.5
1607,May 09  2015,315949.25
1608,May 08  2015,283469.5
1609,May 07  2015,272728.5
1610,May 06  2015,258244.75
1611,May 05  2015,247145.75
1612,May 04  2015,247063.75
1613,May 03  2015,266829.5
1614,May 02  2015,242920.75
1615,May 01  2015,263757.0
1616,Apr 30  2015,268749.25
1617,Apr 29  2015,259777.75
1618,Apr 28  2015,259417.0
1619,Apr 27  2015,248630.5
1620,Apr 26  2015,254379.5
1621,Apr 25  2015,262650.5
1622,Apr 24  2015,268546.5
1623,Apr 23  2015,302242.0
1624,Apr 22  2015,271796.0
1625,Apr 21  2015,191925.75
1626,Apr 20  2015,210997.5
1627,Apr 19  2015,186804.5
1628,Apr 18  2015,224885.5
1629,Apr 17  2015,218902.5
1630,Apr 16  2015,227198.5
1631,Apr 15  2015,183305.5
1632,Apr 14  2015,165498.25
1633,Apr 13  2015,155210.25
1634,Apr 12  2015,159952.75
1635,Apr 11  2015,161800.0
1636,Apr 10  2015,162714.0
1637,Apr 09  2015,144652.75
1638,Apr 08  2015,133937.25
1639,Apr 07  2015,146774.0
1640,Apr 06  2015,135144.0
1641,Apr 05  2015,134402.25
1642,Apr 04  2015,130948.75
1643,Apr 03  2015,141035.0
1644,Apr 02  2015,146828.75
1645,Apr 01  2015,135203.25
1646,Mar 31  2015,133380.5
1647,Mar 30  2015,142771.75
1648,Mar 29  2015,140443.25
1649,Mar 28  2015,114569.5
1650,Mar 27  2015,111380.75
1651,Mar 26  2015,86126.75
1652,Mar 25  2015,82549.75
1653,Mar 24  2015,73978.25
1654,Mar 23  2015,88534.75
1655,Mar 22  2015,81983.5
1656,Mar 21  2015,80286.5
1657,Mar 20  2015,92749.25
1658,Mar 19  2015,88990.5
1659,Mar 18  2015,75991.0
1660,Mar 17  2015,77352.75
1661,Mar 16  2015,85268.75
1662,Mar 15  2015,83823.5
1663,Mar 14  2015,77376.25
1664,Mar 13  2015,84491.25
1665,Mar 12  2015,92561.5
1666,Mar 11  2015,87800.75
1667,Mar 10  2015,82628.75
1668,Mar 09  2015,86432.5
1669,Mar 08  2015,82302.25
1670,Mar 07  2015,55211.75
1671,Mar 06  2015,84211.0
1672,Mar 05  2015,86813.25
1673,Mar 04  2015,77117.25
1674,Mar 03  2015,79737.25
1675,Mar 02  2015,70944.0
1676,Mar 01  2015,69694.25
1677,Feb 28  2015,65122.25
1678,Feb 27  2015,65020.5
1679,Feb 26  2015,48708.0
1680,Feb 25  2015,63597.25
1681,Feb 24  2015,58375.5
1682,Feb 23  2015,61391.75
1683,Feb 22  2015,60724.75
1684,Feb 21  2015,62829.5
1685,Feb 20  2015,62779.5
1686,Feb 19  2015,61595.25
1687,Feb 18  2015,44248.0
1688,Feb 17  2015,37558.25
1689,Feb 16  2015,71988.5
1690,Feb 15  2015,30043.75
1691,Feb 14  2015,59006.5
1692,Feb 13  2015,69254.25
1693,Feb 12  2015,65497.5
1694,Feb 11  2015,64726.25
1695,Feb 10  2015,65035.25
1696,Feb 09  2015,67795.0
1697,Feb 08  2015,60272.5
1698,Feb 07  2015,70595.25
1699,Feb 06  2015,68532.0
1700,Feb 05  2015,66796.25
1701,Feb 04  2015,72709.0
1702,Feb 03  2015,71495.75
1703,Feb 02  2015,72000.5
1704,Feb 01  2015,71445.0
1705,Jan 31  2015,69848.25
1706,Jan 30  2015,72701.25
1707,Jan 29  2015,74973.75
1708,Jan 28  2015,64117.0
1709,Jan 27  2015,84528.25
1710,Jan 26  2015,87697.5
1711,Jan 25  2015,86306.5
1712,Jan 24  2015,78861.25
1713,Jan 23  2015,66649.75
1714,Jan 22  2015,68878.75
1715,Jan 21  2015,71447.0
1716,Jan 20  2015,74470.25
1717,Jan 19  2015,66311.0
1718,Jan 18  2015,44318.75
1719,Jan 17  2015,42391.75
1720,Jan 16  2015,57338.75
1721,Jan 15  2015,68576.25
1722,Jan 14  2015,49685.5
1723,Jan 13  2015,49166.25
1724,Jan 12  2015,38472.75
1725,Jan 11  2015,46329.0
1726,Jan 10  2015,52741.75
1727,Jan 09  2015,51265.25
1728,Jan 08  2015,50784.0
1729,Jan 07  2015,65864.5
1730,Jan 06  2015,84261.5
1731,Jan 05  2015,59729.25
1732,Jan 04  2015,60872.5
1733,Jan 03  2015,72353.75
1734,Jan 02  2015,50404.5
1735,Jan 01  2015,48304.75
1736,Dec 31  2014,49975.0
1737,Dec 30  2014,59623.25
1738,Dec 29  2014,63984.75
1739,Dec 28  2014,70673.0
1740,Dec 27  2014,57624.5
1741,Dec 26  2014,75461.5
1742,Dec 25  2014,83819.5
1743,Dec 24  2014,82383.75
1744,Dec 23  2014,87064.25
1745,Dec 22  2014,76942.25
1746,Dec 21  2014,86107.75
1747,Dec 20  2014,108087.25
1748,Dec 19  2014,97171.25
1749,Dec 18  2014,108777.75
1750,Dec 17  2014,112112.0
1751,Dec 16  2014,86165.25
1752,Dec 15  2014,127774.75
1753,Dec 14  2014,114919.25
1754,Dec 13  2014,123362.25
1755,Dec 12  2014,112287.25
1756,Dec 11  2014,111920.75
1757,Dec 10  2014,110587.75
1758,Dec 09  2014,112452.5
1759,Dec 08  2014,115534.75
1760,Dec 07  2014,95698.25
1761,Dec 06  2014,102814.25
1762,Dec 05  2014,115390.25
1763,Dec 04  2014,94658.75
1764,Dec 03  2014,95676.25
1765,Dec 01  2014,96891.25
1766,Nov 30  2014,96382.25
1767,Nov 29  2014,95724.75
1768,Oct 02  2014,70794.5
1769,Oct 01  2014,71913.75
1770,Sep 30  2014,60857.0
1771,Sep 29  2014,56689.0
1772,Sep 28  2014,60501.5
1773,Sep 27  2014,67350.5
1774,Sep 26  2014,69184.0
1775,Sep 25  2014,67299.75
1776,Sep 24  2014,69253.5
1777,Sep 23  2014,64184.75
1778,Sep 22  2014,69040.0
1779,Sep 21  2014,63700.0
1780,Sep 20  2014,51475.75
1781,Sep 19  2014,61762.25
1782,Sep 18  2014,77019.0
1783,Sep 17  2014,77632.5
1784,Sep 16  2014,64575.0
1785,Sep 15  2014,52050.0
1786,Sep 14  2014,45717.0
1787,Sep 13  2014,49796.75
1788,Sep 12  2014,42098.75
1789,Sep 11  2014,50294.0
1790,Sep 10  2014,51087.5
1791,Sep 09  2014,45048.0
1792,Sep 08  2014,44570.0
1793,Sep 07  2014,60548.75
1794,Sep 06  2014,30313.25
1795,Sep 05  2014,29555.5
1796,Sep 04  2014,24492.25
1797,Sep 03  2014,20006.5
1798,Sep 02  2014,19104.25
1799,Sep 01  2014,22149.75
1800,Aug 31  2014,13740.75
1801,Aug 30  2014,11728.25
1802,Aug 29  2014,10492.25
1803,Aug 28  2014,10350.75
1804,Aug 27  2014,11505.25
1805,Aug 26  2014,9595.5
1806,Aug 25  2014,9425.25
1807,Aug 24  2014,6356.0
1808,Aug 23  2014,8408.25
1809,Aug 22  2014,7520.75
1810,Aug 21  2014,7050.0
1811,Aug 20  2014,6018.0
1812,Aug 19  2014,3640.75
1813,Aug 18  2014,4558.75
1814,Aug 17  2014,4673.75
1815,Aug 16  2014,5329.0
1816,Aug 15  2014,5096.25
1817,Aug 14  2014,5694.25
1818,Aug 13  2014,6015.5
1819,Aug 12  2014,9901.25
1820,Aug 11  2014,7207.25
1821,Aug 10  2014,11086.5
1822,Aug 09  2014,9507.25
1823,Aug 08  2014,9633.0
1824,Aug 07  2014,8468.25
1825,Aug 06  2014,6506.75
1826,Aug 05  2014,6588.75
1827,Aug 04  2014,7730.75
1828,Aug 03  2014,6529.25
1829,Aug 02  2014,7001.0
1830,Aug 01  2014,6174.5
1831,Jul 31  2014,7330.75
1832,Jul 30  2014,5675.0
1833,Jul 29  2014,5849.5
1834,Jul 28  2014,5932.25
1835,Jul 27  2014,8094.25
1836,Jul 26  2014,5587.75
1837,Jul 25  2014,6013.25
1838,Jul 24  2014,8653.25
1839,Jul 23  2014,6893.5
1840,Jul 22  2014,7772.25
1841,Jul 21  2014,8091.75
1842,Jul 20  2014,10220.25
1843,Jul 19  2014,14618.5
1844,Jul 18  2014,16904.75
1845,Jul 17  2014,17531.0
1846,Jul 16  2014,22367.5
1847,Jul 15  2014,18110.5
1848,Jul 14  2014,13940.0
1849,Jul 13  2014,15668.25
1850,Jul 12  2014,12362.0
1851,Jul 11  2014,11854.5
1852,Jul 10  2014,13882.5
1853,Jul 09  2014,10933.0
1854,Jul 08  2014,10391.5
1855,Jul 07  2014,10925.75
1856,Jul 06  2014,11926.0
1857,Jul 05  2014,10261.25
1858,Jul 04  2014,10252.75
1859,Jul 03  2014,9838.75
1860,Jul 02  2014,8955.0
1861,Jul 01  2014,9608.0
1862,Jun 30  2014,14315.5
1863,Jun 29  2014,11682.0
1864,Jun 28  2014,11935.5
1865,Jun 27  2014,12099.0
1866,Jun 26  2014,13589.25
1867,Jun 25  2014,13170.0
1868,Jun 24  2014,11816.25
1869,Jun 23  2014,12627.0
1870,Jun 22  2014,12807.0
1871,Jun 21  2014,11480.0
1872,Jun 19  2014,12928.75
1873,Jun 18  2014,10258.75
1874,Jun 17  2014,14513.5
1875,Jun 16  2014,15236.25
1876,Jun 15  2014,16712.0
1877,Jun 14  2014,15055.0
1878,Jun 13  2014,13120.25
1879,Jun 12  2014,13433.5
1880,Jun 11  2014,13712.25
1881,Jun 10  2014,13228.0
1882,Jun 09  2014,13886.5
1883,Jun 08  2014,13951.5
1884,Jun 07  2014,14742.25
1885,Jun 06  2014,15052.5
1886,Jun 05  2014,14084.75
1887,Jun 04  2014,19412.75
1888,Jun 03  2014,20119.0
1889,Jun 02  2014,23935.25
1890,Jun 01  2014,23287.0
1891,May 31  2014,17419.25
1892,May 30  2014,22315.75
1893,May 29  2014,23446.25
1894,May 28  2014,20041.75
1895,May 27  2014,22787.0
1896,May 26  2014,26909.75
1897,May 25  2014,27116.0
1898,May 24  2014,21605.75
1899,May 23  2014,17907.25
1900,May 22  2014,22929.75
1901,May 21  2014,25263.0
1902,May 20  2014,27340.0
1903,May 19  2014,21305.0
1904,May 18  2014,24318.5
1905,May 17  2014,24518.5
1906,May 16  2014,22856.75
1907,May 15  2014,30326.25
1908,May 14  2014,27924.5
1909,May 13  2014,36631.75
1910,May 12  2014,37757.25
1911,May 11  2014,44205.75
1912,May 10  2014,46496.5
1913,May 09  2014,58492.5
1914,May 08  2014,69183.5
1915,May 07  2014,29814.75
1916,May 06  2014,30627.0
1917,May 05  2014,24109.25
1918,May 04  2014,29949.5
1919,May 03  2014,27993.75
1920,May 02  2014,36488.0
1921,May 01  2014,37145.75
1922,Apr 30  2014,41811.0
1923,Apr 29  2014,39034.0
1924,Apr 28  2014,33621.0
1925,Apr 27  2014,44485.25
1926,Apr 26  2014,45790.0
1927,Apr 25  2014,49163.5
1928,Apr 24  2014,62978.75
1929,Apr 23  2014,83367.5
1930,Apr 22  2014,84244.25
1931,Apr 21  2014,111991.25
1932,Apr 20  2014,182420.0
1933,Apr 19  2014,169451.0
1934,Apr 18  2014,154417.75
1935,Apr 17  2014,213395.5
1936,Apr 16  2014,185179.0
1937,Apr 15  2014,96814.25
1938,Apr 14  2014,244674.75
1939,Apr 13  2014,301494.5
1940,Apr 12  2014,157555.0
1941,Apr 11  2014,98819.75
1942,Apr 10  2014,70283.0
1943,Apr 09  2014,126792.5
1944,Apr 08  2014,79251.0
1945,Apr 07  2014,42267.25
1946,Apr 06  2014,35977.25
1947,Apr 05  2014,33582.75
1948,Apr 04  2014,27956.75
1949,Apr 03  2014,27262.25
1950,Apr 02  2014,23112.5
1951,Apr 01  2014,48497.75
1952,Mar 31  2014,28648.25
1953,Mar 30  2014,40703.0
1954,Mar 29  2014,24486.75
1955,Mar 28  2014,18651.0
1956,Mar 27  2014,12735.0
1957,Mar 26  2014,51222.0
1958,Mar 25  2014,51671.75
1959,Mar 24  2014,60676.25
1960,Mar 23  2014,51496.75
1961,Mar 22  2014,56504.0
