,Date,weighted_Volume
0,Oct 02  2019,7414186.880126594
1,Oct 01  2019,7068523.224450654
2,Sep 30  2019,8457719.06282578
3,Sep 29  2019,7326951.147237191
4,Sep 28  2019,7613004.042955013
5,Sep 27  2019,8251674.590631192
6,Sep 26  2019,7262630.832067409
7,Sep 25  2019,11895584.592456529
8,Sep 24  2019,9619653.256372336
9,Sep 23  2019,7569026.456813375
10,Sep 22  2019,7869819.383791915
11,Sep 21  2019,10640574.155015199
12,Sep 20  2019,11350630.086396663
13,Sep 19  2019,8316225.794432993
14,Sep 18  2019,6980235.823589399
15,Sep 17  2019,6332995.732174545
16,Sep 16  2019,6480372.350636067
17,Sep 15  2019,9213524.83876237
18,Sep 14  2019,7123320.744554392
19,Sep 13  2019,8032219.383626466
20,Sep 12  2019,9216767.41112438
21,Sep 11  2019,9618234.323681125
22,Sep 10  2019,7585153.447996331
23,Sep 09  2019,8904546.58866599
24,Sep 08  2019,8992418.678817624
25,Sep 07  2019,9063622.800043184
26,Sep 06  2019,8222963.200475021
27,Sep 05  2019,7740953.783980237
28,Sep 04  2019,7306336.872673147
29,Sep 03  2019,10991283.972535878
30,Sep 02  2019,7437691.009711645
31,Sep 01  2019,6383312.149517151
32,Aug 31  2019,5450622.175854057
33,Aug 30  2019,5279678.830576429
34,Aug 29  2019,7136109.76934174
35,Aug 28  2019,5459601.231120966
36,Aug 27  2019,5070175.201929716
37,Aug 26  2019,6440191.944377341
38,Aug 25  2019,5795749.685433001
39,Aug 24  2019,6051916.520671445
40,Aug 23  2019,6282076.48530268
41,Aug 22  2019,32640294.43770939
42,Aug 21  2019,121513409.86981122
43,Aug 20  2019,2199187.5827101218
44,Aug 19  2019,2435128.3057996323
45,Aug 18  2019,2372268.84796575
46,Aug 17  2019,2312252.0647466904
47,Aug 16  2019,2589764.270331146
48,Aug 15  2019,2539796.7269000653
49,Aug 14  2019,3014387.0751842884
50,Aug 13  2019,2671280.3339747917
51,Aug 12  2019,2320436.7340695253
52,Aug 11  2019,2630844.5522860116
53,Aug 10  2019,2678146.7972883773
54,Aug 09  2019,2826920.0702989376
55,Aug 08  2019,4276658.658639955
56,Aug 07  2019,3504407.141049821
57,Aug 06  2019,5122485.095921496
58,Aug 05  2019,4932257.760800627
59,Aug 04  2019,2274379.0980837415
60,Aug 03  2019,2437538.3137958725
61,Aug 02  2019,2695762.211090107
62,Aug 01  2019,2194570.294428758
63,Jul 31  2019,2791156.8697009985
64,Jul 30  2019,2264754.129439851
65,Jul 29  2019,2661323.5378546873
66,Jul 28  2019,2563029.494314973
67,Jul 27  2019,3064717.0796190794
68,Jul 26  2019,2687413.626264209
69,Jul 25  2019,3297523.7521056966
70,Jul 24  2019,3407374.8249106766
71,Jul 23  2019,3509070.083348096
72,Jul 22  2019,3588348.421350587
73,Jul 21  2019,2068364.5747907779
74,Jul 20  2019,2399215.7756262645
75,Jul 19  2019,2392362.0029373355
76,Jul 18  2019,3740776.859678343
77,Jul 17  2019,3402427.382785343
78,Jul 16  2019,2901485.099370372
79,Jul 15  2019,2845028.586834491
80,Jul 14  2019,3171246.4018168207
81,Jul 13  2019,2830250.865286285
82,Jul 12  2019,1890167.4017287754
83,Jul 11  2019,2067079.9386159438
84,Jul 10  2019,3947303.947823109
85,Jul 09  2019,2141880.738275993
86,Jul 08  2019,2217674.5214985064
87,Jul 07  2019,1601023.9729854113
88,Jul 06  2019,1284579.8363267411
89,Jul 05  2019,1402906.8035020593
90,Jul 04  2019,2335696.885165799
91,Jul 03  2019,3331892.6352162254
92,Jul 02  2019,3529100.670520428
93,Jul 01  2019,3001760.5813304484
94,Jun 30  2019,3465363.2095278054
95,Jun 29  2019,2060437.3170119266
96,Jun 28  2019,2975450.48411307
97,Jun 27  2019,10098175.613981167
98,Jun 26  2019,42930809.37510302
99,Jun 25  2019,25064102.911489364
100,Jun 24  2019,20084818.921332743
101,Jun 23  2019,25207126.51360542
102,Jun 22  2019,48301820.17252347
103,Jun 21  2019,6928298.028034722
104,Jun 20  2019,4709825.423497435
105,Jun 19  2019,2034281.9807227144
106,Jun 18  2019,3355822.5783702796
107,Jun 17  2019,2806285.986010511
108,Jun 16  2019,4819455.6032831725
109,Jun 15  2019,8943576.048495293
110,Jun 14  2019,7852116.485519748
111,Jun 13  2019,7405087.313006139
112,Jun 12  2019,1499530.6836957391
113,Jun 11  2019,1589100.6817198077
114,Jun 10  2019,1611555.0327066856
115,Jun 09  2019,1355581.1540060563
116,Jun 08  2019,2160383.1427921522
117,Jun 07  2019,1182413.5389989773
118,Jun 06  2019,993846.9343373846
119,Jun 05  2019,1083859.356388792
120,Jun 04  2019,1885981.258818397
121,Jun 03  2019,1369410.5988975554
122,Jun 02  2019,1403043.436834731
123,Jun 01  2019,1755982.929635176
124,May 31  2019,1985744.4131391728
125,May 30  2019,4289426.601585409
126,May 29  2019,2064326.5284404033
127,May 28  2019,1947255.9006505972
128,May 27  2019,2986590.851342484
129,May 26  2019,1930328.482215611
130,May 25  2019,1665819.500413873
131,May 24  2019,2039899.9504885722
132,May 23  2019,2442907.1288138586
133,May 22  2019,1777637.6411729131
134,May 21  2019,1957734.2150818303
135,May 20  2019,2438415.5808385103
136,May 19  2019,2476062.823867102
137,May 18  2019,1690272.481824813
138,May 17  2019,2382532.860108032
139,May 16  2019,2920076.405040441
140,May 15  2019,3961100.736637486
141,May 14  2019,4766048.801104031
142,May 13  2019,1647928.358772666
143,May 12  2019,1563665.1797554223
144,May 11  2019,2161836.8546047136
145,May 10  2019,1259563.7389439247
146,May 09  2019,1338826.2636826735
147,May 08  2019,1193846.0187444896
148,May 07  2019,2580751.500754872
149,May 06  2019,1546823.7072274769
150,May 05  2019,1213128.4214131394
151,May 04  2019,1419132.1165064424
152,May 03  2019,1682301.5929692776
153,May 02  2019,1621960.7226108797
154,May 01  2019,1138750.497813194
155,Apr 30  2019,1254261.6189874627
156,Apr 29  2019,1050939.137223683
157,Apr 28  2019,1278747.632311174
158,Apr 27  2019,1165251.8484374408
159,Apr 26  2019,1183680.2704079202
160,Apr 25  2019,1253837.0892180093
161,Apr 24  2019,2133615.7077166503
162,Apr 23  2019,1606963.4797638692
163,Apr 22  2019,1547102.4318165511
164,Apr 21  2019,1440774.743069267
165,Apr 20  2019,1180558.0410393614
166,Apr 19  2019,1503876.439949088
167,Apr 18  2019,1959182.836571557
168,Apr 17  2019,3095259.120267941
169,Apr 16  2019,1311291.0550530483
170,Apr 15  2019,3160008.169950683
171,Apr 14  2019,5452446.424923768
172,Apr 13  2019,1187382.337287877
173,Apr 12  2019,1239804.386700657
174,Apr 11  2019,2604934.385911633
175,Apr 10  2019,3928994.7874060543
176,Apr 09  2019,1478284.031173112
177,Apr 08  2019,1492043.6023131597
178,Apr 07  2019,1328009.7771422719
179,Apr 06  2019,2391153.824227695
180,Apr 05  2019,2793437.0987794064
181,Apr 04  2019,2250656.7674490525
182,Apr 03  2019,3537452.6747362376
183,Apr 02  2019,3571355.915977561
184,Apr 01  2019,2203635.917653586
185,Mar 31  2019,2198487.3531364584
186,Mar 30  2019,1567079.9086095514
187,Mar 29  2019,1828234.5361113066
188,Mar 28  2019,2034607.1617860582
189,Mar 27  2019,2215527.585468789
190,Mar 26  2019,2149045.2149692453
191,Mar 25  2019,2518012.2616389096
192,Mar 24  2019,1507293.9941227124
193,Mar 23  2019,1580997.7677849769
194,Mar 22  2019,1638650.3274614278
195,Mar 21  2019,1640841.4554002853
196,Mar 20  2019,1612862.1229654779
197,Mar 19  2019,1601466.7477932097
198,Mar 18  2019,1578533.3020546115
199,Mar 17  2019,1485167.9354099184
200,Mar 16  2019,1835685.1978566782
201,Mar 15  2019,2930728.3265319075
202,Mar 14  2019,6760994.223681876
203,Mar 13  2019,3690256.4549100557
204,Mar 12  2019,13664899.484823968
205,Mar 11  2019,1728781.991770449
206,Mar 10  2019,1396091.6173312648
207,Mar 09  2019,1397706.024489123
208,Mar 08  2019,1383359.6870513153
209,Mar 07  2019,1614802.3600197455
210,Mar 06  2019,1443809.5773048173
211,Mar 05  2019,1677733.309658671
212,Mar 04  2019,1589358.928862806
213,Mar 03  2019,1530464.1459610444
214,Mar 02  2019,1289517.6954079373
215,Mar 01  2019,1317798.0824088794
216,Feb 28  2019,1168012.4811963427
217,Feb 27  2019,1261850.9985507906
218,Feb 26  2019,1483045.19775933
219,Feb 25  2019,1385527.0297651521
220,Feb 24  2019,1482647.5186192472
221,Feb 23  2019,1291302.3629755673
222,Feb 22  2019,1367448.0793928583
223,Feb 21  2019,1645359.5575875277
224,Feb 20  2019,1749316.6633622134
225,Feb 19  2019,3030704.0605510846
226,Feb 18  2019,2436314.791930797
227,Feb 17  2019,1630537.5596103936
228,Feb 16  2019,1366524.1855105788
229,Feb 15  2019,1316974.1945630778
230,Feb 14  2019,1230726.4988191645
231,Feb 13  2019,1470276.590415724
232,Feb 12  2019,1619620.0667722253
233,Feb 11  2019,1313705.0912379727
234,Feb 10  2019,1760280.5135674188
235,Feb 09  2019,1044900.2288177251
236,Feb 08  2019,1376855.817900732
237,Feb 07  2019,1364489.9181898672
238,Feb 06  2019,1928239.8137848706
239,Feb 05  2019,1012211.4091359422
240,Feb 04  2019,1075986.2569165742
241,Feb 03  2019,1348332.926716668
242,Feb 02  2019,916209.0633562105
243,Feb 01  2019,1117616.9517374288
244,Jan 31  2019,1087692.4809149606
245,Jan 30  2019,1369406.091316801
246,Jan 29  2019,1298221.9020529403
247,Jan 28  2019,1386462.8909453219
248,Jan 27  2019,866656.3869329722
249,Jan 26  2019,862330.637796274
250,Jan 25  2019,1399930.6267488939
251,Jan 24  2019,874944.7914550297
252,Jan 23  2019,1075379.2153000296
253,Jan 22  2019,1255463.373589646
254,Jan 21  2019,901706.0711580161
255,Jan 20  2019,1008592.5684282569
256,Jan 19  2019,984063.6209197014
257,Jan 18  2019,1032867.5387525312
258,Jan 17  2019,1265222.133131537
259,Jan 16  2019,1796411.9074655324
260,Jan 15  2019,1063493.469112704
261,Jan 14  2019,1491690.9773701143
262,Jan 13  2019,942598.1567512162
263,Jan 12  2019,1257090.2963731834
264,Jan 11  2019,1122207.7182749938
265,Jan 10  2019,1475893.5679571794
266,Jan 09  2019,1228940.84504514
267,Jan 08  2019,1443662.021631515
268,Jan 07  2019,1044927.066461645
269,Jan 06  2019,903497.6437618186
270,Jan 05  2019,837937.1811641728
271,Jan 04  2019,822940.0240128735
272,Jan 03  2019,1058519.729565457
273,Jan 02  2019,982258.6050972895
274,Jan 01  2019,988283.0002070147
275,Dec 31  2018,2133439.1248519127
276,Dec 30  2018,1394021.3743747026
277,Dec 29  2018,2086892.8660596954
278,Dec 28  2018,5571405.079950495
279,Dec 27  2018,855761.3641913993
280,Dec 26  2018,731478.8221245565
281,Dec 25  2018,1093616.0964769856
282,Dec 24  2018,1526395.3364929557
283,Dec 23  2018,1125430.6485091397
284,Dec 22  2018,804677.7965076682
285,Dec 21  2018,1004710.8046977093
286,Dec 20  2018,1198042.2330095763
287,Dec 19  2018,1054656.6462915633
288,Dec 18  2018,1159655.7047584006
289,Dec 17  2018,870166.54448093
290,Dec 16  2018,885098.4210905285
291,Dec 15  2018,993249.670043384
292,Dec 14  2018,2061186.1092088644
293,Dec 13  2018,710252.33145959
294,Dec 12  2018,751810.0049137574
295,Dec 11  2018,936286.4847556031
296,Dec 10  2018,953183.1956349807
297,Dec 09  2018,869346.0033945008
298,Dec 08  2018,818066.5932764548
299,Dec 07  2018,1453227.3112350588
300,Dec 06  2018,1510133.5540517326
301,Dec 05  2018,859024.0178826266
302,Dec 04  2018,935175.3914924302
303,Dec 03  2018,966360.1474153744
304,Dec 02  2018,882809.6357373224
305,Dec 01  2018,1101153.576943513
306,Nov 30  2018,1274147.7139202587
307,Nov 29  2018,1422927.9277744147
308,Nov 28  2018,1663262.0610622296
309,Nov 27  2018,951238.3609463009
310,Nov 26  2018,1121755.046299647
311,Nov 25  2018,1391501.5000569231
312,Nov 24  2018,1041376.3227562923
313,Nov 23  2018,1442780.444080406
314,Nov 22  2018,1084432.992375672
315,Nov 21  2018,1502575.6928237888
316,Nov 20  2018,2347328.7778102267
317,Nov 19  2018,2846468.4252552176
318,Nov 18  2018,1346741.177281821
319,Nov 17  2018,1855562.500408371
320,Nov 16  2018,2205323.813861905
321,Nov 15  2018,2446728.4007560057
322,Nov 14  2018,1839272.2608163801
323,Nov 13  2018,1045510.8518514053
324,Nov 12  2018,1528025.2698803784
325,Nov 11  2018,1195517.769792041
326,Nov 10  2018,1468440.0662931313
327,Nov 09  2018,1501795.2055186501
328,Nov 08  2018,1140989.697114613
329,Nov 07  2018,1152914.6796660104
330,Nov 06  2018,1630163.0570970923
331,Nov 05  2018,1404071.6518026027
332,Nov 04  2018,1551292.2607919774
333,Nov 03  2018,1352864.3073461244
334,Nov 02  2018,1189422.285248112
335,Nov 01  2018,1012240.3054906277
336,Oct 31  2018,1877006.9293377039
337,Oct 30  2018,2076794.056804394
338,Oct 29  2018,3674009.7558267764
339,Oct 28  2018,5136590.94520745
340,Oct 27  2018,2135544.961322099
341,Oct 26  2018,2063601.4567018775
342,Oct 25  2018,5003066.421683616
343,Oct 24  2018,16048017.39959458
344,Oct 23  2018,22306534.289906543
345,Oct 22  2018,587730.9551841564
346,Oct 21  2018,747778.9685170176
347,Oct 20  2018,893711.970906662
348,Oct 19  2018,502445.7779257449
349,Oct 18  2018,639404.3207950214
350,Oct 17  2018,2334831.1829639776
351,Oct 16  2018,2769721.859994953
352,Oct 15  2018,1122561.7757642902
353,Oct 14  2018,239323.29205776256
354,Oct 13  2018,490337.633638383
355,Oct 12  2018,1989755.1935083517
356,Oct 11  2018,9739288.702861182
357,Oct 10  2018,1572870.5612140577
358,Oct 09  2018,4845220.371725851
359,Oct 08  2018,1615891.2132903745
360,Oct 07  2018,224577.60815146868
361,Oct 06  2018,613367.6880944623
362,Oct 05  2018,1132572.4701254633
363,Oct 04  2018,1819586.4337468036
364,Oct 03  2018,672317.9715285079
365,Oct 02  2018,1252985.8684239022
366,Oct 01  2018,691216.4981668041
367,Sep 30  2018,2660334.63641896
368,Sep 29  2018,3248431.3960646843
369,Sep 28  2018,1117245.39111472
370,Sep 27  2018,959564.7025785747
371,Sep 26  2018,932957.3967558193
372,Sep 25  2018,696865.1165031051
373,Sep 24  2018,693988.169444249
374,Sep 23  2018,770311.0758197344
375,Sep 22  2018,687795.0068461029
376,Sep 21  2018,1262963.3308411667
377,Sep 20  2018,609184.6405735331
378,Sep 19  2018,781352.2861139384
379,Sep 18  2018,717804.9413365537
380,Sep 17  2018,929918.0215593675
381,Sep 16  2018,321012.7608564487
382,Sep 15  2018,600157.3893992766
383,Sep 14  2018,13329600.905935751
384,Sep 13  2018,1209239.1118242715
385,Sep 12  2018,691295.3864272181
386,Sep 11  2018,800857.2139503313
387,Sep 10  2018,498227.43840737455
388,Sep 09  2018,734444.0037205666
389,Sep 08  2018,798999.4216956527
390,Sep 07  2018,8366811.012142957
391,Sep 06  2018,1291007.550864193
392,Sep 05  2018,2194251.59146533
393,Sep 04  2018,2520546.063372667
394,Sep 03  2018,1403011.474978033
395,Sep 02  2018,1755832.54252998
396,Sep 01  2018,2547181.1682946254
397,Aug 31  2018,902422.7110131644
398,Aug 30  2018,3298393.276772408
399,Aug 29  2018,1427067.1549191682
400,Aug 28  2018,1648332.636721469
401,Aug 27  2018,2850859.289372077
402,Aug 26  2018,6102134.305036543
403,Aug 25  2018,6887782.550334749
404,Aug 24  2018,7289942.295747805
405,Aug 23  2018,7250167.168689954
406,Aug 22  2018,1692887.7196180995
407,Aug 21  2018,2614444.959975889
408,Aug 20  2018,1678402.082525241
409,Aug 19  2018,925003.5041082152
410,Aug 18  2018,1573703.6838210332
411,Aug 17  2018,1451891.041826767
412,Aug 16  2018,1028006.0218408315
413,Aug 15  2018,1658123.8232310112
414,Aug 14  2018,2411065.1806577207
415,Aug 13  2018,1231214.6655535928
416,Aug 12  2018,916587.2431467219
417,Aug 11  2018,1297224.908699263
418,Aug 10  2018,1113113.9062695047
419,Aug 09  2018,1686459.9513581104
420,Aug 08  2018,1873408.9538558829
421,Aug 07  2018,1425117.768795584
422,Aug 06  2018,1285144.3978563924
423,Aug 05  2018,1324633.779079233
424,Aug 04  2018,1847145.5234167448
425,Aug 03  2018,2268617.419584781
426,Aug 02  2018,2059211.6542157123
427,Aug 01  2018,2322385.497273383
428,Jul 31  2018,2418810.6997173885
429,Jul 30  2018,2650377.2274044193
430,Jul 29  2018,2561156.4524224866
431,Jul 28  2018,2214925.090781022
432,Jul 27  2018,3544112.704613962
433,Jul 26  2018,3197858.8649308337
434,Jul 25  2018,2729205.5393168605
435,Jul 24  2018,5495884.20932999
436,Jul 23  2018,2969583.668444479
437,Jul 22  2018,2146461.1932020453
438,Jul 21  2018,2421093.63055318
439,Jul 20  2018,2912623.87088306
440,Jul 19  2018,3161201.5219941926
441,Jul 18  2018,3869924.288491565
442,Jul 17  2018,4964207.757105287
443,Jul 16  2018,3876577.621276276
444,Jul 15  2018,3041048.98024914
445,Jul 14  2018,5442497.217794664
446,Jul 13  2018,10199140.769220522
447,Jul 12  2018,2601383.3934573787
448,Jul 11  2018,2219719.1048147148
449,Jul 10  2018,2563411.5155840884
450,Jul 09  2018,2632541.9697274095
451,Jul 08  2018,2113399.3358032727
452,Jul 07  2018,2319961.752640718
453,Jul 06  2018,4270818.994137819
454,Jul 05  2018,7623303.213823671
455,Jul 04  2018,2984381.8517945083
456,Jul 03  2018,2633697.056362019
457,Jul 02  2018,2597142.032914503
458,Jul 01  2018,3601198.476075216
459,Jun 30  2018,2356171.7569918204
460,Jun 29  2018,3557143.8629267733
461,Jun 28  2018,5197514.137959534
462,Jun 27  2018,8552269.169774663
463,Jun 26  2018,7944958.988843215
464,Jun 25  2018,7984295.028827418
465,Jun 24  2018,8479468.644507863
466,Jun 23  2018,8510989.291587858
467,Jun 22  2018,12276501.689355839
468,Jun 21  2018,9604776.330563301
469,Jun 20  2018,9049197.748932686
470,Jun 19  2018,6904485.799349906
471,Jun 18  2018,6007823.70183042
472,Jun 17  2018,7644042.623636935
473,Jun 16  2018,5182018.981388355
474,Jun 15  2018,12339687.849591864
475,Jun 14  2018,9378442.058206309
476,Jun 13  2018,5920054.983527315
477,Jun 12  2018,4046397.7541050734
478,Jun 11  2018,4099959.944765028
479,Jun 10  2018,4921669.068707313
480,Jun 09  2018,5010476.081676136
481,Jun 08  2018,5262557.356426238
482,Jun 07  2018,4317111.006010277
483,Jun 06  2018,2996885.219371608
484,Jun 05  2018,2935977.582398817
485,Jun 04  2018,3901008.3028752916
486,Jun 03  2018,3986568.248425396
487,Jun 02  2018,2890536.23943085
488,Jun 01  2018,2522633.0732926354
489,May 31  2018,3043567.9323559087
490,May 30  2018,3028701.042622335
491,May 29  2018,6253664.158423103
492,May 28  2018,3720107.172937878
493,May 27  2018,4841280.139621778
494,May 26  2018,3886357.339948308
495,May 25  2018,4879470.276962547
496,May 24  2018,6769795.536692807
497,May 23  2018,9821572.90623291
498,May 22  2018,4913969.463277067
499,May 21  2018,10818279.425627762
500,May 20  2018,12912721.97851498
501,May 19  2018,11254477.073034696
502,May 18  2018,11820918.365685632
503,May 17  2018,9459983.213506993
504,May 16  2018,9341889.94619302
505,May 15  2018,8985834.915372616
506,May 14  2018,8824496.143062549
507,May 13  2018,6671760.775635858
508,May 12  2018,6683512.412191708
509,May 11  2018,13730058.268786056
510,May 10  2018,4385030.794097967
511,May 09  2018,6300809.087134731
512,May 08  2018,3899581.2778798323
513,May 07  2018,7565147.079685389
514,May 06  2018,4522367.634215318
515,May 05  2018,6602463.810255297
516,May 04  2018,58389858.4060666
517,May 03  2018,3502058.6174701666
518,May 02  2018,2006222.859075153
519,May 01  2018,2815341.2304092157
520,Apr 30  2018,4443930.93518488
521,Apr 29  2018,2486290.082601373
522,Apr 28  2018,4839791.228895012
523,Apr 27  2018,4007872.5019034273
524,Apr 26  2018,5053857.704429737
525,Apr 25  2018,25108626.20496235
526,Apr 24  2018,5865587.564383481
527,Apr 23  2018,9554319.945081918
528,Apr 22  2018,12500156.225568166
529,Apr 21  2018,13608851.699124634
530,Apr 20  2018,13051945.647493578
531,Apr 19  2018,11902562.474245215
532,Apr 18  2018,11440091.387964386
533,Apr 17  2018,11413329.096144522
534,Apr 16  2018,9402849.035100657
535,Apr 15  2018,12470924.79504351
536,Apr 14  2018,16360535.42681399
537,Apr 13  2018,18728114.145224065
538,Apr 12  2018,20786261.62998087
539,Apr 11  2018,17805963.33684931
540,Apr 10  2018,16772614.832084296
541,Apr 09  2018,7311548.318890603
542,Apr 08  2018,401984.4631927834
543,Apr 07  2018,1172911.1463209116
544,Apr 06  2018,540114.3669867273
545,Apr 05  2018,462877.0340424193
546,Apr 04  2018,465549.44645467505
547,Apr 03  2018,686080.665947829
548,Apr 02  2018,776860.8822587323
549,Apr 01  2018,276566.1474654406
550,Mar 31  2018,271827.26868580247
551,Mar 30  2018,484003.2631757115
552,Mar 29  2018,718616.1571006791
553,Mar 28  2018,360876.5261699868
554,Mar 27  2018,284098.41599347186
555,Mar 26  2018,568629.2240696612
556,Mar 25  2018,409036.3410337197
557,Mar 24  2018,454985.15038084914
558,Mar 23  2018,539619.821483947
559,Mar 22  2018,395741.8770680395
560,Mar 21  2018,426329.5554042949
561,Mar 20  2018,440017.15610553307
562,Mar 19  2018,486249.4741069103
563,Mar 18  2018,669209.6777045159
564,Mar 17  2018,413726.8854671553
565,Mar 16  2018,575242.3083513442
566,Mar 15  2018,1790171.222881954
567,Mar 14  2018,481486.0144865115
568,Mar 13  2018,462677.6048186155
569,Mar 12  2018,509846.8675512596
570,Mar 11  2018,707573.2009615104
571,Mar 10  2018,572084.3267545248
572,Mar 09  2018,977988.4376326493
573,Mar 08  2018,895524.007730842
574,Mar 07  2018,1532984.3183195388
575,Mar 06  2018,835127.3052237312
576,Mar 05  2018,1314281.39270891
577,Mar 04  2018,1127561.8815339745
578,Mar 03  2018,1042614.6327092061
579,Mar 02  2018,1388003.7939226485
580,Mar 01  2018,1205216.9285781586
581,Feb 28  2018,2254789.923691498
582,Feb 27  2018,653446.6219911118
583,Feb 26  2018,838654.7919081216
584,Feb 25  2018,2739320.438312848
585,Feb 24  2018,689315.9793024793
586,Feb 23  2018,674269.9985165882
587,Feb 22  2018,747735.3344152155
588,Feb 21  2018,1224361.818101501
589,Feb 20  2018,1708376.9882345588
590,Feb 19  2018,1058995.62924469
591,Feb 18  2018,1199291.3346774029
592,Feb 17  2018,1673703.367961011
593,Feb 16  2018,928257.995458306
594,Feb 15  2018,1178336.8044311297
595,Feb 14  2018,827337.6855758263
596,Feb 13  2018,863233.1837455177
597,Feb 12  2018,861615.4582267214
598,Feb 11  2018,587572.9629810973
599,Feb 10  2018,1238813.454107771
600,Feb 09  2018,1702519.062395977
601,Feb 08  2018,919926.162739356
602,Feb 07  2018,938391.4931049045
603,Feb 06  2018,2282854.6600681217
604,Feb 05  2018,1212653.2613040777
605,Feb 04  2018,1203112.2151569647
606,Feb 03  2018,1274253.0255588847
607,Feb 02  2018,2891075.6991505474
608,Feb 01  2018,2114176.9231879497
609,Jan 31  2018,4213319.819279082
610,Jan 30  2018,6993497.745878589
611,Jan 29  2018,4452724.882529171
612,Jan 28  2018,1396201.4632693876
613,Jan 27  2018,1293315.8404509376
614,Jan 26  2018,1883871.061131823
615,Jan 25  2018,984315.5839156993
616,Jan 24  2018,868220.0348144722
617,Jan 23  2018,1003892.991685775
618,Jan 22  2018,1399747.553599594
619,Jan 21  2018,1160111.241823811
620,Jan 20  2018,2477652.820439954
621,Jan 19  2018,9196031.20216067
622,Jan 18  2018,2690143.321444929
623,Jan 17  2018,2490503.3384636077
624,Jan 16  2018,4620790.959845149
625,Jan 15  2018,2978931.5751810963
626,Jan 14  2018,3625477.806224279
627,Jan 13  2018,3783602.4682545518
628,Jan 12  2018,2940199.1011964455
629,Jan 11  2018,4119925.0402143877
630,Jan 10  2018,3128768.2166476916
631,Jan 09  2018,5615250.990092936
632,Jan 08  2018,4877518.568734593
633,Jan 07  2018,5273580.372618413
634,Jan 06  2018,2998993.010605789
635,Jan 05  2018,5375825.1606520675
636,Jan 04  2018,4606007.852251773
637,Jan 03  2018,5849744.615346364
638,Jan 02  2018,6040509.028087648
639,Jan 01  2018,3457379.380839669
640,Dec 31  2017,2887867.9461353966
641,Dec 30  2017,3649638.719924015
642,Dec 29  2017,4259229.670577978
643,Dec 28  2017,2861527.5414846004
644,Dec 27  2017,3864793.0268189283
645,Dec 26  2017,5030036.618654972
646,Dec 25  2017,2905725.7705906928
647,Dec 24  2017,4240065.126867781
648,Dec 23  2017,3350590.657912211
649,Dec 22  2017,4622032.729269909
650,Dec 21  2017,6918700.012519516
651,Dec 20  2017,6302696.045067038
652,Dec 19  2017,8013026.654940274
653,Dec 18  2017,6180028.748545975
654,Dec 17  2017,6123484.304221723
655,Dec 16  2017,5618201.44542538
656,Dec 15  2017,3640304.5336344466
657,Dec 14  2017,2973303.6433505313
658,Dec 13  2017,6682014.654273648
659,Dec 12  2017,3889359.9505374227
660,Dec 11  2017,1934319.4879802708
661,Dec 10  2017,4068792.6525685815
662,Dec 09  2017,1765072.718826947
663,Dec 08  2017,4592869.617875009
664,Dec 07  2017,4185871.5440365397
665,Dec 06  2017,4240123.990261182
666,Dec 05  2017,2996632.674310663
667,Dec 04  2017,2475458.3352253125
668,Dec 03  2017,3126580.6602150593
669,Dec 02  2017,2557308.7437266097
670,Dec 01  2017,3055709.60594282
671,Nov 30  2017,8402917.974771742
672,Nov 29  2017,9066084.436006386
673,Nov 28  2017,6275109.775775322
674,Nov 27  2017,10262930.380046384
675,Nov 26  2017,14806719.609279526
676,Nov 25  2017,4285614.409939511
677,Nov 24  2017,6482650.485710799
678,Nov 23  2017,4286579.628267985
679,Nov 22  2017,2314336.320085532
680,Nov 21  2017,875247.3965047846
681,Nov 20  2017,790555.6256222331
682,Nov 19  2017,1051421.4763659718
683,Nov 18  2017,706161.8577360009
684,Nov 17  2017,602216.8215315227
685,Nov 16  2017,710197.5868688333
686,Nov 15  2017,1092235.839442327
687,Nov 14  2017,478324.6533078263
688,Nov 13  2017,935040.4422406825
689,Nov 12  2017,1172197.7282760402
690,Nov 11  2017,880907.7924640462
691,Nov 10  2017,1473702.8371992102
692,Nov 09  2017,1037093.6074962051
693,Nov 08  2017,1095493.6098205876
694,Nov 07  2017,564398.6450251803
695,Nov 06  2017,598991.5394493566
696,Nov 05  2017,511581.29258904926
697,Nov 04  2017,970125.7171970677
698,Nov 03  2017,646954.6728647276
699,Nov 02  2017,776233.0275598421
700,Nov 01  2017,535195.0894908891
701,Oct 31  2017,634352.0344576304
702,Oct 30  2017,591358.6708949982
703,Oct 29  2017,1218633.2421479996
704,Oct 28  2017,720626.1159914861
705,Oct 27  2017,589163.5191192243
706,Oct 26  2017,1546725.1431395262
707,Oct 25  2017,1830299.740662339
708,Oct 24  2017,897182.2617863305
709,Oct 23  2017,471381.0333255179
710,Oct 22  2017,320164.25019197713
711,Oct 21  2017,643841.5775672325
712,Oct 20  2017,554402.4800032207
713,Oct 19  2017,238226.76273738284
714,Oct 18  2017,435131.43330658524
715,Oct 17  2017,475033.9449358109
716,Oct 16  2017,403595.0817781599
717,Oct 15  2017,356084.442903886
718,Oct 14  2017,444421.80640201946
719,Oct 13  2017,661430.9982345538
720,Oct 12  2017,646751.3734644513
721,Oct 11  2017,438332.2974530531
722,Oct 10  2017,682621.0126045835
723,Oct 09  2017,899569.5007912868
724,Oct 08  2017,706686.4991708345
725,Oct 07  2017,364452.1047270542
726,Oct 06  2017,473757.604780288
727,Oct 05  2017,433277.21199393936
728,Oct 04  2017,474137.65687328397
729,Oct 03  2017,610146.6422521727
730,Oct 02  2017,1085483.463171424
731,Oct 01  2017,617518.2859283017
732,Sep 30  2017,469130.40041539347
733,Sep 29  2017,521093.377813923
734,Sep 28  2017,869551.2644797078
735,Sep 27  2017,1282036.2050590382
736,Sep 26  2017,770410.6697275472
737,Sep 25  2017,1023354.3183015742
738,Sep 24  2017,1000350.0959624193
739,Sep 23  2017,1371799.130385013
740,Sep 22  2017,1192799.7580688617
741,Sep 21  2017,2547911.0525533953
742,Sep 20  2017,4807384.303117867
743,Sep 19  2017,1437476.2099372642
744,Sep 18  2017,916887.5680153116
745,Sep 17  2017,562114.9791647262
746,Sep 16  2017,829615.1161305971
747,Sep 15  2017,1906484.4518870518
748,Sep 14  2017,1536086.2435276406
749,Sep 13  2017,1282347.8842235329
750,Sep 12  2017,672246.7157769277
751,Sep 11  2017,787709.0565640472
752,Sep 10  2017,708439.2457404843
753,Sep 09  2017,642897.6623156816
754,Sep 08  2017,1052022.5009145492
755,Sep 07  2017,591394.361169888
756,Sep 06  2017,741781.1648749248
757,Sep 05  2017,968018.0401043444
758,Sep 04  2017,1246245.2377530723
759,Sep 03  2017,530494.64937933
760,Sep 02  2017,923452.5758291207
761,Sep 01  2017,1562877.2491929668
762,Aug 31  2017,1131362.8154365546
763,Aug 30  2017,1456227.419167494
764,Aug 29  2017,2093009.9150134174
765,Aug 28  2017,1849805.2458316353
766,Aug 27  2017,2602230.0998046505
767,Aug 26  2017,3436358.085481248
768,Aug 25  2017,1582078.9863912296
769,Aug 24  2017,2229051.2471401133
770,Aug 23  2017,666252.3595448968
771,Aug 22  2017,872101.5268988812
772,Aug 21  2017,730778.6238037602
773,Aug 20  2017,750600.0244368792
774,Aug 19  2017,1033652.5103207121
775,Aug 18  2017,609082.6763158552
776,Aug 17  2017,743892.1819972035
777,Aug 16  2017,953487.3791544988
778,Aug 15  2017,1603125.4573718552
779,Aug 14  2017,1310251.59270884
780,Aug 13  2017,970174.7645030173
781,Aug 12  2017,1351331.1618108246
782,Aug 11  2017,1495698.5865172246
783,Aug 10  2017,684831.1997175174
784,Aug 09  2017,1138860.7436464054
785,Aug 08  2017,788556.9327721666
786,Aug 07  2017,771312.3204822601
787,Aug 06  2017,530430.5424930033
788,Aug 05  2017,759454.1056976132
789,Aug 04  2017,445157.63195606536
790,Aug 03  2017,526336.5508261255
791,Aug 02  2017,586529.0463467672
792,Aug 01  2017,1004285.1808710804
793,Jul 31  2017,1093545.0920170464
794,Jul 30  2017,1582029.9591699943
795,Jul 29  2017,2172196.925598191
796,Jul 28  2017,1177704.6459689606
797,Jul 27  2017,376034.3266894006
798,Jul 26  2017,425159.80343156826
799,Jul 25  2017,1351041.3394181782
800,Jul 24  2017,670587.4039413265
801,Jul 23  2017,659308.2459796127
802,Jul 22  2017,855208.5384766166
803,Jul 21  2017,601918.9702572284
804,Jul 20  2017,1102009.197155671
805,Jul 19  2017,732455.1072766655
806,Jul 18  2017,1236363.804630953
807,Jul 17  2017,979245.7885693207
808,Jul 16  2017,783078.1223361907
809,Jul 15  2017,718681.5126026787
810,Jul 14  2017,1159712.1298812935
811,Jul 13  2017,739689.5550461778
812,Jul 12  2017,1422091.3738172536
813,Jul 11  2017,2141082.9000905706
814,Jul 10  2017,1971437.4597307027
815,Jul 09  2017,1853006.6361378364
816,Jul 08  2017,2717407.5595431905
817,Jul 07  2017,1332709.9715153945
818,Jul 06  2017,845562.4723886533
819,Jul 05  2017,3023910.0654313094
820,Jul 04  2017,1793030.3052153704
821,Jul 03  2017,1092735.5153463592
822,Jul 02  2017,1164728.6349091718
823,Jul 01  2017,2144200.692824483
824,Jun 30  2017,1796773.7964302425
825,Jun 29  2017,993265.7383387842
826,Jun 28  2017,1375022.6734600884
827,Jun 27  2017,2038809.1058539625
828,Jun 26  2017,3075564.863371583
829,Jun 25  2017,1986235.1526653098
830,Jun 24  2017,1990570.5785120646
831,Jun 23  2017,3785332.623191644
832,Jun 22  2017,5445129.074962793
833,Jun 21  2017,2022805.296052262
834,Jun 20  2017,3027117.086932816
835,Jun 19  2017,5722348.80412123
836,Jun 18  2017,10934719.058191577
837,Jun 17  2017,1296529.480413395
838,Jun 16  2017,1229146.6677228524
839,Jun 15  2017,1363305.7811903432
840,Jun 14  2017,1373827.2808971843
841,Jun 13  2017,2030629.9740029578
842,Jun 12  2017,3659080.6453365395
843,Jun 11  2017,5359102.735665503
844,Jun 10  2017,5490112.698342766
845,Jun 09  2017,4278571.388489723
846,Jun 08  2017,2315209.6285814797
847,Jun 07  2017,3172064.985056237
848,Jun 06  2017,2567087.7001446933
849,Jun 05  2017,2778476.993641842
850,Jun 04  2017,3372302.5776852607
851,Jun 03  2017,6693023.40169233
852,Jun 02  2017,3632373.321913683
853,Jun 01  2017,2790988.5406148806
854,May 31  2017,962779.2644574047
855,May 30  2017,1282884.2707258274
856,May 29  2017,755254.1596498783
857,May 28  2017,930423.118817097
858,May 27  2017,1034611.7906894032
859,May 26  2017,1186621.8171352653
860,May 25  2017,1755351.8927781074
861,May 24  2017,3750202.296605289
862,May 23  2017,1767735.7497077228
863,May 22  2017,2106654.051458972
864,May 21  2017,1231023.4368369137
865,May 20  2017,1122619.3852864017
866,May 19  2017,1376161.903737772
867,May 18  2017,3218568.2674535434
868,May 17  2017,7259151.491127712
869,May 16  2017,1074465.1264738531
870,May 15  2017,1268617.5624590626
871,May 14  2017,1403410.1372860526
872,May 13  2017,2726004.0428026007
873,May 12  2017,680372.0784358425
874,May 11  2017,797993.5796825395
875,May 10  2017,951834.2830953897
876,May 09  2017,1493082.6736690302
877,May 08  2017,2008122.9264524565
878,May 07  2017,2822965.8949177456
879,May 06  2017,1419906.1307176487
880,May 05  2017,1566283.929874352
881,May 04  2017,1258955.6507613976
882,May 03  2017,1537203.3865577844
883,May 02  2017,1589564.4543145471
884,May 01  2017,1819271.1544344504
885,Apr 30  2017,1275694.4634039025
886,Apr 29  2017,925898.2294881857
887,Apr 28  2017,1696002.8116355443
888,Apr 27  2017,1594397.9376670006
889,Apr 26  2017,1929534.2932620237
890,Apr 25  2017,1936025.4068947777
891,Apr 24  2017,2749126.3862118903
892,Apr 23  2017,2534735.9002397098
893,Apr 22  2017,1146074.5608949787
894,Apr 21  2017,779393.1896800387
895,Apr 20  2017,1640459.4962341434
896,Apr 19  2017,3292502.4711329555
897,Apr 18  2017,661630.8884044678
898,Apr 17  2017,822281.264180951
899,Apr 16  2017,613798.0388816025
900,Apr 15  2017,683981.039041178
901,Apr 14  2017,432175.5436881076
902,Apr 13  2017,672835.5562971819
903,Apr 12  2017,640637.4878600606
904,Apr 11  2017,802142.8441271585
905,Apr 10  2017,1065301.568830675
906,Apr 09  2017,2380582.0905956095
907,Apr 08  2017,1977397.9712825422
908,Apr 07  2017,634284.9962811314
909,Apr 06  2017,767158.9425659005
910,Apr 05  2017,1191326.229152389
911,Apr 04  2017,1000437.0783657756
912,Apr 03  2017,1412995.116034035
913,Apr 02  2017,1211967.2063782653
914,Apr 01  2017,591871.3075593499
915,Mar 31  2017,972207.8475381898
916,Mar 30  2017,1564422.40157676
917,Mar 29  2017,1083688.9523810432
918,Mar 28  2017,2782834.879303034
919,Mar 27  2017,6723117.649068153
920,Mar 26  2017,14864542.214458918
921,Mar 25  2017,1396756.6596316204
922,Mar 24  2017,703023.5923957188
923,Mar 23  2017,1483715.185971484
924,Mar 22  2017,315407.6708876619
925,Mar 21  2017,545777.2936665309
926,Mar 20  2017,588146.611480764
927,Mar 19  2017,1249260.9944195307
928,Mar 18  2017,1013053.9063663176
929,Mar 17  2017,605649.435557289
930,Mar 16  2017,889543.7337844374
931,Mar 15  2017,871437.9487614246
932,Mar 14  2017,907956.6543152651
933,Mar 13  2017,1974401.986928144
934,Mar 12  2017,1289415.5594104037
935,Mar 11  2017,211443.87344783876
936,Mar 10  2017,433881.1656693638
937,Mar 09  2017,214434.10697272816
938,Mar 08  2017,422538.3790021431
939,Mar 07  2017,644118.7058896789
940,Mar 06  2017,57837.31135916426
941,Mar 05  2017,27561.922610649257
942,Mar 04  2017,36554.02386085847
943,Mar 03  2017,51320.083355467075
944,Mar 02  2017,65627.86149969551
945,Mar 01  2017,50052.16749634557
946,Feb 28  2017,35085.177331786035
947,Feb 27  2017,53805.81678069888
948,Feb 26  2017,56507.97092652841
949,Feb 25  2017,37225.21060981852
950,Feb 24  2017,82856.73177740554
951,Feb 23  2017,69740.82436852193
952,Feb 22  2017,108481.31084420151
953,Feb 21  2017,62004.833268489194
954,Feb 20  2017,43974.0663617157
955,Feb 19  2017,72123.33392951984
956,Feb 18  2017,94386.89511418492
957,Feb 17  2017,75604.57025107178
958,Feb 16  2017,104234.26813870356
959,Feb 15  2017,142042.66914087735
960,Feb 14  2017,188275.36508186854
961,Feb 13  2017,126647.43024988
962,Feb 12  2017,51329.746928471875
963,Feb 11  2017,47722.22498091424
964,Feb 10  2017,118566.00926532965
965,Feb 09  2017,168669.44475607103
966,Feb 08  2017,100971.31373947518
967,Feb 07  2017,161175.65115647845
968,Feb 06  2017,157323.42394544382
969,Feb 05  2017,508730.2044105488
970,Feb 04  2017,655466.5319665181
971,Feb 03  2017,117395.23662729816
972,Feb 02  2017,116744.36514967249
973,Feb 01  2017,338486.3779315371
974,Jan 31  2017,276452.1581883873
975,Jan 30  2017,119336.3844773322
976,Jan 29  2017,275868.4622672714
977,Jan 28  2017,59642.46936631379
978,Jan 27  2017,123091.31099642949
979,Jan 26  2017,525657.098398338
980,Jan 25  2017,38373.30773437615
981,Jan 24  2017,16077.459688207384
982,Jan 23  2017,16742.805626315134
983,Jan 22  2017,10590.037707097294
984,Jan 21  2017,14799.65471615482
985,Jan 20  2017,23091.730915981945
986,Jan 19  2017,31291.622222831185
987,Jan 18  2017,22333.78246178569
988,Jan 17  2017,38916.910324775956
989,Jan 16  2017,32356.33003237232
990,Jan 15  2017,36803.9731639181
991,Jan 14  2017,79632.122180282
992,Jan 13  2017,76988.33898326814
993,Jan 12  2017,17304.97067428623
994,Jan 11  2017,21494.277648378622
995,Jan 10  2017,21910.47881465835
996,Jan 09  2017,37366.42920488067
997,Jan 08  2017,33037.9512566681
998,Jan 07  2017,33181.375737003764
999,Jan 06  2017,8131.504040485502
1000,Jan 05  2017,7842.086777325506
1001,Jan 04  2017,21924.65790354399
1002,Jan 03  2017,2798.7290194185252
1003,Jan 02  2017,4261.273542757113
1004,Jan 01  2017,1787.785506901085
1005,Dec 31  2016,4253.702662586061
1006,Dec 30  2016,2031.5045059165864
1007,Dec 29  2016,5181.320850456554
1008,Dec 28  2016,6818.806503045316
1009,Dec 27  2016,5722.247199074847
1010,Dec 26  2016,3410.976328438808
1011,Dec 25  2016,4097.505020663705
1012,Dec 24  2016,2688.0175138214977
1013,Dec 23  2016,5865.299062698862
1014,Dec 22  2016,6259.470067208667
1015,Dec 21  2016,7187.166754503586
1016,Dec 20  2016,7021.066753429301
1017,Dec 19  2016,4058.9085162899555
1018,Dec 18  2016,9227.760380093046
1019,Dec 17  2016,2212.616915375808
1020,Dec 16  2016,2715.8588675329747
1021,Dec 15  2016,2896.331475172912
1022,Dec 14  2016,1755.5900174705323
1023,Dec 13  2016,6774.116247337335
1024,Dec 12  2016,13925.973276801024
1025,Dec 11  2016,2999.5541497185777
1026,Dec 10  2016,7793.007978115201
1027,Dec 09  2016,4239.685772200664
1028,Dec 08  2016,3157.861761992895
1029,Dec 07  2016,3898.0810550832857
1030,Dec 06  2016,5387.804360975173
1031,Dec 05  2016,3904.362753078361
1032,Dec 04  2016,3702.127044487055
1033,Dec 03  2016,7244.9175532140225
1034,Dec 02  2016,5344.689338379173
1035,Dec 01  2016,4365.672880483907
1036,Nov 30  2016,15626.91744083323
1037,Nov 29  2016,4373.617560662791
1038,Nov 28  2016,5854.558806068143
1039,Nov 27  2016,2166.0874436316726
1040,Nov 26  2016,10543.15843702862
1041,Nov 25  2016,4016.1149962870554
1042,Nov 24  2016,10199.688951356864
1043,Nov 23  2016,3069.6715803011207
1044,Nov 22  2016,11935.729678278007
1045,Nov 21  2016,5562.703710681315
1046,Nov 20  2016,8711.35270008978
1047,Nov 19  2016,8858.876649146254
1048,Nov 18  2016,6664.643961932188
1049,Nov 17  2016,6318.477544965012
1050,Nov 16  2016,17837.18938716444
1051,Nov 15  2016,13136.062038404727
1052,Nov 14  2016,4886.062812006393
1053,Nov 13  2016,2894.015749454415
1054,Nov 12  2016,4899.301517855534
1055,Nov 11  2016,5938.893994194267
1056,Nov 10  2016,16002.804393793913
1057,Nov 09  2016,16695.37205093154
1058,Nov 08  2016,4074.6959512036833
1059,Nov 07  2016,6957.883173190358
1060,Nov 06  2016,4712.509724774727
1061,Nov 05  2016,6134.255508825488
1062,Nov 04  2016,4079.501461329541
1063,Nov 03  2016,4481.723002772168
1064,Nov 02  2016,4837.160356059873
1065,Nov 01  2016,6978.595133560023
1066,Oct 31  2016,18021.17614007043
1067,Oct 30  2016,7864.961773198378
1068,Oct 29  2016,62640.13032469177
1069,Oct 28  2016,14364.583817740393
1070,Oct 27  2016,10351.75805499823
1071,Oct 26  2016,8801.891110895718
1072,Oct 25  2016,9007.325786094343
1073,Oct 24  2016,7249.488268051106
1074,Oct 23  2016,3769.7817548721023
1075,Oct 22  2016,8773.537283392663
1076,Oct 21  2016,4573.378284368527
1077,Oct 20  2016,6784.9376218500165
1078,Oct 19  2016,6416.924295543295
1079,Oct 18  2016,14160.446938414765
1080,Oct 17  2016,14367.261447258206
1081,Oct 16  2016,12458.464992413014
1082,Oct 15  2016,4702.8800834507265
1083,Oct 14  2016,10947.501523013547
1084,Oct 13  2016,10540.296727404972
1085,Oct 12  2016,13412.24974435987
1086,Oct 11  2016,22036.10547219067
1087,Oct 10  2016,21561.63036672242
1088,Oct 09  2016,5433.146564544913
1089,Oct 08  2016,18185.2701477274
1090,Oct 07  2016,12651.290464909353
1091,Oct 06  2016,27487.623710609503
1092,Oct 05  2016,15517.294204482067
1093,Oct 04  2016,11641.091910188808
1094,Oct 03  2016,22677.468430544068
1095,Oct 02  2016,11958.20927585373
1096,Oct 01  2016,15359.176212996803
1097,Sep 30  2016,12856.038188076525
1098,Sep 29  2016,8987.841423162836
1099,Sep 28  2016,6900.712390547126
1100,Sep 27  2016,13137.02426605874
1101,Sep 26  2016,62663.020124098926
1102,Sep 25  2016,8262.461606419874
1103,Sep 24  2016,8471.444438922132
1104,Sep 23  2016,13782.159964071963
1105,Sep 22  2016,9140.804559818833
1106,Sep 21  2016,22640.904668841635
1107,Sep 20  2016,31735.98644340722
1108,Sep 19  2016,25899.609114506362
1109,Sep 18  2016,45113.503452870675
1110,Sep 17  2016,15109.409558811854
1111,Sep 16  2016,13977.50940330428
1112,Sep 15  2016,13890.236787519896
1113,Sep 14  2016,22310.3498298841
1114,Sep 13  2016,25701.806208999176
1115,Sep 12  2016,12290.44277945396
1116,Sep 11  2016,6872.983735205338
1117,Sep 10  2016,18405.752452322122
1118,Sep 09  2016,21387.706605102812
1119,Sep 08  2016,16828.273200271946
1120,Sep 07  2016,17029.012848001174
1121,Sep 06  2016,44864.24233401726
1122,Sep 05  2016,21712.87029765459
1123,Sep 04  2016,27212.430069649807
1124,Sep 03  2016,19503.956452767707
1125,Sep 02  2016,15304.790921137248
1126,Sep 01  2016,24563.892816583262
1127,Aug 31  2016,15417.532188973213
1128,Aug 30  2016,21511.633226309634
1129,Aug 29  2016,17586.599495754293
1130,Aug 28  2016,9938.177111654486
1131,Aug 27  2016,5123.518072027874
1132,Aug 26  2016,33148.916196178754
1133,Aug 25  2016,8112.159390146729
1134,Aug 24  2016,13248.30086621241
1135,Aug 23  2016,16656.999013735483
1136,Aug 22  2016,19537.999119391417
1137,Aug 21  2016,10375.267781636967
1138,Aug 20  2016,10454.59776530626
1139,Aug 19  2016,11318.15351992759
1140,Aug 18  2016,8144.622599259806
1141,Aug 17  2016,9384.694232628388
1142,Aug 16  2016,26791.431898550854
1143,Aug 15  2016,35969.140831816214
1144,Aug 14  2016,22052.758382175914
1145,Aug 13  2016,59884.9537044302
1146,Aug 12  2016,48997.69282904411
1147,Aug 11  2016,19936.594898962983
1148,Aug 10  2016,16608.853267495044
1149,Aug 09  2016,13619.67912110824
1150,Aug 08  2016,10995.409117131945
1151,Aug 07  2016,23918.250563427046
1152,Aug 06  2016,11638.35712846248
1153,Aug 05  2016,9586.89677974841
1154,Aug 04  2016,12105.046268113969
1155,Aug 03  2016,20100.914742309476
1156,Aug 02  2016,32181.588978923122
1157,Aug 01  2016,25956.49621558455
1158,Jul 31  2016,142764.98540514146
1159,Jul 30  2016,13825.263885397513
1160,Jul 29  2016,7520.05486951852
1161,Jul 28  2016,13816.06724394534
1162,Jul 27  2016,29495.51211423729
1163,Jul 26  2016,60832.46141711886
1164,Jul 25  2016,88966.2668318003
1165,Jul 24  2016,18426.6547305052
1166,Jul 23  2016,13169.548547687706
1167,Jul 22  2016,16010.174618889028
1168,Jul 21  2016,20213.51497983621
1169,Jul 20  2016,14108.169746644448
1170,Jul 19  2016,15135.677833282023
1171,Jul 18  2016,7939.748447189809
1172,Jul 17  2016,16811.382327027804
1173,Jul 16  2016,19126.39579066826
1174,Jul 15  2016,43466.17735675671
1175,Jul 14  2016,10938.962212742676
1176,Jul 13  2016,14537.25904448658
1177,Jul 12  2016,16231.793949661529
1178,Jul 11  2016,12663.682447672594
1179,Jul 10  2016,11642.47477152871
1180,Jul 09  2016,11470.65687164537
1181,Jul 08  2016,37185.865748650016
1182,Jul 07  2016,23566.329383470893
1183,Jul 06  2016,15080.305051332984
1184,Jul 05  2016,23987.689363983183
1185,Jul 04  2016,17959.6565032939
1186,Jul 03  2016,25906.05022536479
1187,Jul 02  2016,21307.80045263387
1188,Jul 01  2016,21316.143742550812
1189,Jun 30  2016,157759.13261649886
1190,Jun 29  2016,68386.3611133888
1191,Jun 28  2016,34108.569595504974
1192,Jun 27  2016,111040.23464890165
1193,Jun 26  2016,9084.664563687906
1194,Jun 25  2016,11631.07210095595
1195,Jun 24  2016,12316.594579706683
1196,Jun 23  2016,8559.182596579074
1197,Jun 22  2016,20456.127849240398
1198,Jun 21  2016,21938.40583962051
1199,Jun 20  2016,29615.39871130229
1200,Jun 19  2016,34394.19059912439
1201,Jun 18  2016,23872.156430584957
1202,Jun 17  2016,41767.308274595336
1203,Jun 16  2016,32839.73453282729
1204,Jun 15  2016,15330.953600533334
1205,Jun 14  2016,13500.998892401962
1206,Jun 13  2016,32170.196544682327
1207,Jun 12  2016,29384.476667397375
1208,Jun 11  2016,12758.122964271031
1209,Jun 10  2016,8079.09150527983
1210,Jun 09  2016,10750.899898500275
1211,Jun 08  2016,25993.35193932949
1212,Jun 07  2016,14571.535360543503
1213,Jun 06  2016,13057.590017708402
1214,Jun 05  2016,12737.740120503944
1215,Jun 04  2016,13158.858347618267
1216,Jun 03  2016,22053.478531550707
1217,Jun 02  2016,25173.87750902146
1218,Jun 01  2016,41283.81592623795
1219,May 31  2016,15985.18827658633
1220,May 30  2016,8472.735684842091
1221,May 29  2016,9253.661351190969
1222,May 28  2016,31923.362890699533
1223,May 27  2016,24982.456600016285
1224,May 26  2016,29004.826638401224
1225,May 25  2016,19928.166625531892
1226,May 24  2016,26945.549715580404
1227,May 23  2016,31421.068741074003
1228,May 22  2016,16317.56415603479
1229,May 21  2016,16699.436096153262
1230,May 20  2016,51706.52387292831
1231,May 19  2016,32668.428986584542
1232,May 18  2016,55994.64417812497
1233,May 17  2016,54111.79223865465
1234,May 16  2016,97140.07960355788
1235,May 15  2016,7549.64285854413
1236,May 14  2016,13735.051390957151
1237,May 13  2016,8314.548878351365
1238,May 12  2016,7405.648408306952
1239,May 11  2016,16843.805519022022
1240,May 10  2016,7371.83660152953
1241,May 09  2016,7912.054544262459
1242,May 08  2016,21832.6978079421
1243,May 07  2016,12082.83533853682
1244,May 06  2016,4818.321991225774
1245,May 05  2016,4600.9791225517965
1246,May 04  2016,8156.674474706579
1247,May 03  2016,7827.601263829616
1248,May 02  2016,10362.962690601786
1249,May 01  2016,10472.989394364715
1250,Apr 30  2016,15221.967397104554
1251,Apr 29  2016,9490.380169253916
1252,Apr 28  2016,6935.120039302124
1253,Apr 27  2016,9738.951143761762
1254,Apr 26  2016,11372.118168797324
1255,Apr 25  2016,10326.543059261741
1256,Apr 24  2016,13531.336984300719
1257,Apr 23  2016,6660.226819259798
1258,Apr 22  2016,6868.721765871273
1259,Apr 21  2016,8479.132824048598
1260,Apr 20  2016,5622.389629956704
1261,Apr 19  2016,16430.691023133688
1262,Apr 18  2016,18711.376034272027
1263,Apr 17  2016,5905.284975929153
1264,Apr 16  2016,10943.249717167899
1265,Apr 15  2016,6600.900239584672
1266,Apr 14  2016,5768.0573551443495
1267,Apr 13  2016,7034.93459943481
1268,Apr 12  2016,13549.819223313492
1269,Apr 11  2016,10262.421659339101
1270,Apr 10  2016,14724.626918756694
1271,Apr 09  2016,13361.070491457556
1272,Apr 08  2016,9735.28899409538
1273,Apr 07  2016,10097.254321122218
1274,Apr 06  2016,11821.009518255529
1275,Apr 05  2016,18233.96283612942
1276,Apr 04  2016,10812.04528671857
1277,Apr 03  2016,9208.521817175542
1278,Apr 02  2016,8988.121464006199
1279,Apr 01  2016,7494.259714245893
1280,Mar 31  2016,13887.228828079606
1281,Mar 30  2016,8038.975069224182
1282,Mar 29  2016,13057.682287782533
1283,Mar 28  2016,13547.975185793377
1284,Mar 27  2016,19823.718477663464
1285,Mar 26  2016,19854.946104389728
1286,Mar 25  2016,11477.007888967453
1287,Mar 24  2016,13604.544312431817
1288,Mar 23  2016,12242.15812145492
1289,Mar 22  2016,15463.30469388187
1290,Mar 21  2016,11448.388210312434
1291,Mar 20  2016,16448.455944093446
1292,Mar 19  2016,17530.73219296631
1293,Mar 18  2016,16728.41939214106
1294,Mar 17  2016,18905.35128962927
1295,Mar 16  2016,30237.234251525188
1296,Mar 15  2016,32964.210354606665
1297,Mar 14  2016,37704.628857397416
1298,Mar 13  2016,17990.474594566873
1299,Mar 12  2016,40016.19602911174
1300,Mar 11  2016,39483.444755195895
1301,Mar 10  2016,26768.079791767814
1302,Mar 09  2016,67451.47134237894
1303,Mar 08  2016,23184.902687943693
1304,Mar 07  2016,26792.718195473375
1305,Mar 06  2016,27151.382028443913
1306,Mar 05  2016,19781.64152446223
1307,Mar 04  2016,12027.383340247088
1308,Mar 03  2016,27469.860271131118
1309,Mar 02  2016,29909.528739676054
1310,Mar 01  2016,53607.779095664046
1311,Feb 29  2016,32959.14591459894
1312,Feb 28  2016,24098.637230772347
1313,Feb 27  2016,38572.09688742308
1314,Feb 26  2016,39964.693674629205
1315,Feb 25  2016,111016.85706475386
1316,Feb 24  2016,112382.33380405513
1317,Feb 23  2016,68578.58312030877
1318,Feb 22  2016,44934.619347244916
1319,Feb 21  2016,435.0
1320,Feb 20  2016,17.0
1321,Feb 19  2016,243.0
1322,Feb 18  2016,126.0
1323,Feb 17  2016,4.0
1324,Feb 16  2016,53.0
1325,Feb 15  2016,439.0
1326,Feb 14  2016,4.0
1327,Feb 13  2016,35.0
1328,Feb 12  2016,481.0
1329,Feb 11  2016,134.0
1330,Feb 10  2016,515.0
1331,Feb 09  2016,615.0
1332,Feb 08  2016,62.0
1333,Feb 07  2016,75.0
1334,Feb 06  2016,2.0
1335,Feb 05  2016,266.0
1336,Feb 04  2016,61.0
1337,Feb 03  2016,111.0
1338,Feb 02  2016,23.0
1339,Feb 01  2016,25.0
1340,Jan 31  2016,102.0
1341,Jan 30  2016,365.0
1342,Jan 29  2016,695.0
1343,Jan 28  2016,525.0
1344,Jan 27  2016,2796.0
1345,Jan 26  2016,1806.0
1346,Jan 25  2016,2114.0
1347,Jan 24  2016,82.0
1348,Jan 23  2016,355.0
1349,Jan 22  2016,1528.0
1350,Jan 21  2016,124.0
1351,Jan 20  2016,3347.0
1352,Jan 19  2016,206.0
1353,Jan 18  2016,132.0
1354,Jan 17  2016,28.0
1355,Jan 16  2016,34.0
1356,Jan 15  2016,116.0
1357,Jan 14  2016,389.0
1358,Jan 13  2016,178.0
1359,Jan 12  2016,11.0
1360,Jan 11  2016,156.0
1361,Jan 10  2016,1.0
1362,Jan 09  2016,27.0
1363,Jan 08  2016,248.0
1364,Jan 07  2016,88.0
1365,Jan 06  2016,107.0
1366,Jan 05  2016,57.0
1367,Jan 04  2016,4.0
1368,Jan 03  2016,60.0
1369,Jan 02  2016,96.0
1370,Jan 01  2016,449.0
1371,Dec 31  2015,13.0
1372,Dec 30  2015,216.0
1373,Dec 29  2015,11.0
1374,Dec 28  2015,9.0
1375,Dec 27  2015,151.0
1376,Dec 26  2015,0.0
1377,Dec 25  2015,35.0
1378,Dec 24  2015,432.0
1379,Dec 23  2015,116.0
1380,Dec 22  2015,342.0
1381,Dec 21  2015,1.0
1382,Dec 20  2015,38.0
1383,Dec 19  2015,170.0
1384,Dec 18  2015,415.0
1385,Dec 17  2015,6.0
1386,Dec 16  2015,5.0
1387,Dec 15  2015,8.0
1388,Dec 14  2015,145.0
1389,Dec 13  2015,0.0
1390,Dec 12  2015,77.0
1391,Dec 11  2015,81.0
1392,Dec 10  2015,270.0
1393,Dec 09  2015,37.0
1394,Dec 08  2015,6.0
1395,Dec 07  2015,41.0
1396,Dec 06  2015,148.0
1397,Dec 05  2015,26.0
1398,Dec 04  2015,110.0
1399,Dec 03  2015,85.0
1400,Dec 02  2015,201.0
1401,Dec 01  2015,420.0
1402,Nov 30  2015,15.0
1403,Nov 29  2015,56.0
1404,Nov 28  2015,194.0
1405,Nov 27  2015,31.0
1406,Nov 26  2015,126.0
1407,Nov 25  2015,39.0
1408,Nov 24  2015,44.0
1409,Nov 23  2015,6.0
1410,Nov 22  2015,4.0
1411,Nov 21  2015,6.0
1412,Nov 20  2015,29.0
1413,Nov 19  2015,2.0
1414,Nov 18  2015,103.0
1415,Nov 17  2015,2.0
1416,Nov 16  2015,17.0
1417,Nov 15  2015,43.0
1418,Nov 14  2015,12.0
1419,Nov 13  2015,22.0
1420,Nov 12  2015,510.0
1421,Nov 11  2015,54.0
1422,Nov 10  2015,34.0
1423,Nov 09  2015,79.0
1424,Nov 08  2015,747.0
1425,Nov 07  2015,28.0
1426,Nov 06  2015,47.0
1427,Nov 05  2015,50.0
1428,Nov 04  2015,1232.0
1429,Nov 03  2015,104.0
1430,Nov 02  2015,1.0
1431,Nov 01  2015,29.0
1432,Oct 31  2015,37.0
1433,Oct 30  2015,327.0
1434,Oct 29  2015,13.0
1435,Oct 28  2015,0.0
1436,Oct 27  2015,25.0
1437,Oct 26  2015,7.0
1438,Oct 25  2015,647.0
1439,Oct 24  2015,15.0
1440,Oct 23  2015,129.0
1441,Oct 22  2015,9.0
1442,Oct 21  2015,24.0
1443,Oct 20  2015,0.0
1444,Oct 19  2015,0.0
1445,Oct 18  2015,0.0
1446,Oct 17  2015,198.0
1447,Oct 16  2015,247.0
1448,Oct 15  2015,8.0
1449,Oct 14  2015,121.0
1450,Oct 13  2015,206.0
1451,Oct 12  2015,88.0
1452,Oct 11  2015,93.0
1453,Oct 10  2015,14.0
1454,Oct 09  2015,46.0
1455,Oct 08  2015,2.0
1456,Oct 07  2015,2.0
1457,Oct 06  2015,302.0
1458,Oct 05  2015,58.0
1459,Oct 04  2015,13.0
1460,Oct 03  2015,361.0
1461,Oct 02  2015,0.0
1462,Oct 01  2015,135.0
1463,Sep 30  2015,112.0
1464,Sep 29  2015,295.0
1465,Sep 28  2015,10.0
1466,Sep 27  2015,280.0
1467,Sep 26  2015,2.0
1468,Sep 25  2015,7.0
1469,Sep 24  2015,316.0
1470,Sep 23  2015,7.0
1471,Sep 22  2015,1.0
1472,Sep 21  2015,1.0
1473,Sep 20  2015,17.0
1474,Sep 19  2015,17.0
1475,Sep 18  2015,8.0
1476,Sep 17  2015,10.0
1477,Sep 16  2015,90.0
1478,Sep 15  2015,95.0
1479,Sep 14  2015,110.0
1480,Sep 13  2015,144.0
1481,Sep 12  2015,98.0
1482,Sep 11  2015,1206.0
1483,Sep 10  2015,470.0
1484,Sep 09  2015,88.0
1485,Sep 08  2015,1687.0
1486,Sep 07  2015,358.0
1487,Sep 06  2015,349.0
1488,Sep 05  2015,501.0
1489,Sep 04  2015,8.0
1490,Sep 03  2015,105.0
1491,Sep 02  2015,43.0
1492,Sep 01  2015,75.0
1493,Aug 31  2015,312.0
1494,Aug 30  2015,51.0
1495,Aug 29  2015,290.0
1496,Aug 28  2015,270.0
1497,Aug 27  2015,532.0
1498,Aug 26  2015,389.0
1499,Aug 25  2015,251.0
1500,Aug 24  2015,18.0
1501,Aug 23  2015,14.0
1502,Aug 22  2015,13.0
1503,Aug 21  2015,125.0
1504,Aug 20  2015,122.0
1505,Aug 19  2015,70.0
1506,Aug 18  2015,35.0
1507,Aug 17  2015,388.0
1508,Aug 16  2015,16.0
1509,Aug 15  2015,21.0
1510,Aug 14  2015,125.0
1511,Aug 13  2015,465.0
1512,Aug 12  2015,220.0
1513,Aug 11  2015,386.0
1514,Aug 10  2015,229.0
1515,Aug 09  2015,586.0
1516,Aug 08  2015,1.0
1517,Aug 07  2015,69.0
1518,Aug 06  2015,82.0
1519,Aug 05  2015,8.0
1520,Aug 04  2015,20.0
1521,Aug 03  2015,37.0
1522,Aug 02  2015,19.0
1523,Aug 01  2015,286.0
1524,Jul 31  2015,160.0
1525,Jul 30  2015,687.0
1526,Jul 29  2015,895.0
1527,Jul 28  2015,257.0
1528,Jul 27  2015,72.0
1529,Jul 26  2015,48.0
1530,Jul 25  2015,343.0
1531,Jul 24  2015,30.0
1532,Jul 23  2015,565.0
1533,Jul 22  2015,1580.0
1534,Jul 21  2015,277.0
1535,Jul 20  2015,56.0
1536,Jul 19  2015,61.0
1537,Jul 18  2015,5.0
1538,Jul 17  2015,157.0
1539,Jul 16  2015,609.0
1540,Jul 15  2015,1374.0
1541,Jul 14  2015,2337.0
1542,Jul 13  2015,140.0
1543,Jul 12  2015,1179.0
1544,Jul 11  2015,2610.0
1545,Jul 10  2015,1020.0
1546,Jul 09  2015,223.0
1547,Jul 08  2015,182.0
1548,Jul 07  2015,1000.0
1549,Jul 06  2015,1176.0
1550,Jul 05  2015,397.0
1551,Jul 04  2015,158.0
1552,Jul 03  2015,414.0
1553,Jul 02  2015,722.0
1554,Jul 01  2015,1158.0
1555,Jun 30  2015,157.0
1556,Jun 29  2015,750.0
1557,Jun 28  2015,20.0
1558,Jun 27  2015,536.0
1559,Jun 26  2015,742.0
1560,Jun 25  2015,951.0
1561,Jun 24  2015,1570.0
1562,Jun 23  2015,718.0
1563,Jun 22  2015,750.0
1564,Jun 21  2015,525.0
1565,Jun 20  2015,151.0
1566,Jun 19  2015,556.0
1567,Jun 18  2015,1175.0
1568,Jun 17  2015,1526.0
1569,Jun 16  2015,2754.0
1570,Jun 15  2015,3383.0
1571,Jun 14  2015,1081.0
1572,Jun 13  2015,851.0
1573,Jun 12  2015,92.0
1574,Jun 11  2015,643.0
1575,Jun 10  2015,2004.0
1576,Jun 09  2015,110.0
1577,Jun 08  2015,310.0
1578,Jun 07  2015,1263.0
1579,Jun 06  2015,1789.0
1580,Jun 05  2015,468.0
1581,Jun 04  2015,593.0
1582,Jun 03  2015,236.0
1583,Jun 02  2015,3615.0
1584,Jun 01  2015,365.0
1585,May 31  2015,3699.0
1586,May 30  2015,1400.0
1587,May 29  2015,1749.0
1588,May 28  2015,1453.0
1589,May 27  2015,4607.0
1590,May 26  2015,3335.0
1591,May 25  2015,4745.0
1592,May 24  2015,6857.0
1593,May 23  2015,5386.0
1594,May 22  2015,2267.0
1595,May 21  2015,2118.0
1596,May 20  2015,3479.0
1597,May 19  2015,4177.0
1598,May 18  2015,889.0
1599,May 17  2015,1136.0
1600,May 16  2015,427.0
1601,May 15  2015,1682.0
1602,May 14  2015,2894.0
1603,May 13  2015,1109.0
1604,May 12  2015,810.0
1605,May 11  2015,345.0
1606,May 10  2015,217.0
1607,May 09  2015,895.0
1608,May 08  2015,384.0
1609,May 07  2015,279.0
1610,May 06  2015,11.0
1611,May 05  2015,683.0
1612,May 04  2015,923.0
1613,May 03  2015,5.0
1614,May 02  2015,228.0
1615,May 01  2015,377.0
1616,Apr 30  2015,239.0
1617,Apr 29  2015,914.0
1618,Apr 28  2015,184.0
1619,Apr 27  2015,20.0
1620,Apr 26  2015,439.0
1621,Apr 25  2015,296.0
1622,Apr 24  2015,1301.0
1623,Apr 23  2015,789.0
1624,Apr 22  2015,6784.0
1625,Apr 21  2015,161.0
1626,Apr 20  2015,236.0
1627,Apr 19  2015,63.0
1628,Apr 18  2015,1816.0
1629,Apr 17  2015,350.0
1630,Apr 16  2015,2184.0
1631,Apr 15  2015,609.0
1632,Apr 14  2015,416.0
1633,Apr 13  2015,591.0
1634,Apr 12  2015,324.0
1635,Apr 11  2015,171.0
1636,Apr 10  2015,962.0
1637,Apr 09  2015,1144.0
1638,Apr 08  2015,147.0
1639,Apr 07  2015,628.0
1640,Apr 06  2015,15.0
1641,Apr 05  2015,61.0
1642,Apr 04  2015,326.0
1643,Apr 03  2015,446.0
1644,Apr 02  2015,110.0
1645,Apr 01  2015,402.0
1646,Mar 31  2015,756.0
1647,Mar 30  2015,204.0
1648,Mar 29  2015,441.0
1649,Mar 28  2015,368.0
1650,Mar 27  2015,597.0
1651,Mar 26  2015,314.0
1652,Mar 25  2015,76.0
1653,Mar 24  2015,27.0
1654,Mar 23  2015,11.0
1655,Mar 22  2015,25.0
1656,Mar 21  2015,414.0
1657,Mar 20  2015,561.0
1658,Mar 19  2015,640.0
1659,Mar 18  2015,144.0
1660,Mar 17  2015,97.0
1661,Mar 16  2015,7.0
1662,Mar 15  2015,14.0
1663,Mar 14  2015,319.0
1664,Mar 13  2015,13.0
1665,Mar 12  2015,192.0
1666,Mar 11  2015,66.0
1667,Mar 10  2015,132.0
1668,Mar 09  2015,54.0
1669,Mar 08  2015,3.0
1670,Mar 07  2015,10.0
1671,Mar 06  2015,11.0
1672,Mar 05  2015,259.0
1673,Mar 04  2015,82.0
1674,Mar 03  2015,29.0
1675,Mar 02  2015,14.0
1676,Mar 01  2015,87.0
1677,Feb 28  2015,17.0
1678,Feb 27  2015,40.0
1679,Feb 26  2015,37.0
1680,Feb 25  2015,335.0
1681,Feb 24  2015,21.0
1682,Feb 23  2015,11.0
1683,Feb 22  2015,29.0
1684,Feb 21  2015,29.0
1685,Feb 20  2015,57.0
1686,Feb 19  2015,158.0
1687,Feb 18  2015,1.0
1688,Feb 17  2015,8.0
1689,Feb 16  2015,28.0
1690,Feb 15  2015,185.0
1691,Feb 14  2015,202.0
1692,Feb 13  2015,470.0
1693,Feb 12  2015,28.0
1694,Feb 11  2015,28.0
1695,Feb 10  2015,51.0
1696,Feb 09  2015,84.0
1697,Feb 08  2015,24.0
1698,Feb 07  2015,8.0
1699,Feb 06  2015,182.0
1700,Feb 05  2015,14.0
1701,Feb 04  2015,206.0
1702,Feb 03  2015,50.0
1703,Feb 02  2015,203.0
1704,Feb 01  2015,170.0
1705,Jan 31  2015,54.0
1706,Jan 30  2015,45.0
1707,Jan 29  2015,47.0
1708,Jan 28  2015,45.0
1709,Jan 27  2015,134.0
1710,Jan 26  2015,321.0
1711,Jan 25  2015,215.0
1712,Jan 24  2015,445.0
1713,Jan 23  2015,88.0
1714,Jan 22  2015,72.0
1715,Jan 21  2015,967.0
1716,Jan 20  2015,111.0
1717,Jan 19  2015,137.0
1718,Jan 18  2015,30.0
1719,Jan 17  2015,37.0
1720,Jan 16  2015,39.0
1721,Jan 15  2015,105.0
1722,Jan 14  2015,697.0
1723,Jan 13  2015,76.0
1724,Jan 12  2015,145.0
1725,Jan 11  2015,28.0
1726,Jan 10  2015,103.0
1727,Jan 09  2015,57.0
1728,Jan 08  2015,57.0
1729,Jan 07  2015,92.0
1730,Jan 06  2015,9.0
1731,Jan 05  2015,95.0
1732,Jan 04  2015,16.0
1733,Jan 03  2015,56.0
1734,Jan 02  2015,170.0
1735,Jan 01  2015,20.0
1736,Dec 31  2014,160.0
1737,Dec 30  2014,0.0
1738,Dec 29  2014,137.0
1739,Dec 28  2014,24.0
1740,Dec 27  2014,45.0
1741,Dec 26  2014,59.0
1742,Dec 25  2014,288.0
1743,Dec 24  2014,19.0
1744,Dec 23  2014,138.0
1745,Dec 22  2014,203.0
1746,Dec 21  2014,199.0
1747,Dec 20  2014,331.0
1748,Dec 19  2014,65.0
1749,Dec 18  2014,84.0
1750,Dec 17  2014,147.0
1751,Dec 16  2014,42.0
1752,Dec 15  2014,770.0
1753,Dec 14  2014,119.0
1754,Dec 13  2014,207.0
1755,Dec 12  2014,22.0
1756,Dec 11  2014,22.0
1757,Dec 10  2014,22.0
1758,Dec 09  2014,36.0
1759,Dec 08  2014,20.0
1760,Dec 07  2014,3.0
1761,Dec 06  2014,41.0
1762,Dec 05  2014,81.0
1763,Dec 04  2014,0.0
1764,Dec 03  2014,0.0
1765,Dec 01  2014,1.0
1766,Nov 30  2014,1.0
1767,Nov 29  2014,24.0
1768,Oct 02  2014,263.0
1769,Oct 01  2014,268.0
1770,Sep 30  2014,44.0
1771,Sep 29  2014,375.0
1772,Sep 28  2014,420.0
1773,Sep 27  2014,60.0
1774,Sep 26  2014,637.0
1775,Sep 25  2014,565.0
1776,Sep 24  2014,192.0
1777,Sep 23  2014,761.0
1778,Sep 22  2014,459.0
1779,Sep 21  2014,158.0
1780,Sep 20  2014,964.0
1781,Sep 19  2014,111.0
1782,Sep 18  2014,1473.0
1783,Sep 17  2014,3595.0
1784,Sep 16  2014,3672.0
1785,Sep 15  2014,1752.0
1786,Sep 14  2014,535.0
1787,Sep 13  2014,366.0
1788,Sep 12  2014,498.0
1789,Sep 11  2014,746.0
1790,Sep 10  2014,708.0
1791,Sep 09  2014,388.0
1792,Sep 08  2014,2757.0
1793,Sep 07  2014,13195.0
1794,Sep 06  2014,861.0
1795,Sep 05  2014,3534.0
1796,Sep 04  2014,1069.0
1797,Sep 03  2014,159.0
1798,Sep 02  2014,821.0
1799,Sep 01  2014,524.0
1800,Aug 31  2014,657.0
1801,Aug 30  2014,208.0
1802,Aug 29  2014,246.0
1803,Aug 28  2014,220.0
1804,Aug 27  2014,203.0
1805,Aug 26  2014,118.0
1806,Aug 25  2014,533.0
1807,Aug 24  2014,296.0
1808,Aug 23  2014,79.0
1809,Aug 22  2014,83.0
1810,Aug 21  2014,74.0
1811,Aug 20  2014,347.0
1812,Aug 19  2014,148.0
1813,Aug 18  2014,52.0
1814,Aug 17  2014,180.0
1815,Aug 16  2014,51.0
1816,Aug 15  2014,66.0
1817,Aug 14  2014,115.0
1818,Aug 13  2014,121.0
1819,Aug 12  2014,60.0
1820,Aug 11  2014,84.0
1821,Aug 10  2014,124.0
1822,Aug 09  2014,85.0
1823,Aug 08  2014,87.0
1824,Aug 07  2014,118.0
1825,Aug 06  2014,105.0
1826,Aug 05  2014,4.0
1827,Aug 04  2014,91.0
1828,Aug 03  2014,141.0
1829,Aug 02  2014,138.0
1830,Aug 01  2014,42.0
1831,Jul 31  2014,963.0
1832,Jul 30  2014,4.0
1833,Jul 29  2014,252.0
1834,Jul 28  2014,153.0
1835,Jul 27  2014,842.0
1836,Jul 26  2014,5.0
1837,Jul 25  2014,1.0
1838,Jul 24  2014,265.0
1839,Jul 23  2014,1680.0
1840,Jul 22  2014,601.0
1841,Jul 21  2014,1365.0
1842,Jul 20  2014,1376.0
1843,Jul 19  2014,21.0
1844,Jul 18  2014,328.0
1845,Jul 17  2014,298.0
1846,Jul 16  2014,379.0
1847,Jul 15  2014,106.0
1848,Jul 14  2014,468.0
1849,Jul 13  2014,748.0
1850,Jul 12  2014,348.0
1851,Jul 11  2014,441.0
1852,Jul 10  2014,713.0
1853,Jul 09  2014,308.0
1854,Jul 08  2014,154.0
1855,Jul 07  2014,103.0
1856,Jul 06  2014,376.0
1857,Jul 05  2014,72.0
1858,Jul 04  2014,107.0
1859,Jul 03  2014,173.0
1860,Jul 02  2014,459.0
1861,Jul 01  2014,250.0
1862,Jun 30  2014,193.0
1863,Jun 29  2014,233.0
1864,Jun 28  2014,213.0
1865,Jun 27  2014,135.0
1866,Jun 26  2014,180.0
1867,Jun 25  2014,154.0
1868,Jun 24  2014,109.0
1869,Jun 23  2014,269.0
1870,Jun 22  2014,139.0
1871,Jun 21  2014,80.0
1872,Jun 19  2014,529.0
1873,Jun 18  2014,539.0
1874,Jun 17  2014,141.0
1875,Jun 16  2014,227.0
1876,Jun 15  2014,266.0
1877,Jun 14  2014,124.0
1878,Jun 13  2014,102.0
1879,Jun 12  2014,66.0
1880,Jun 11  2014,187.0
1881,Jun 10  2014,191.0
1882,Jun 09  2014,82.0
1883,Jun 08  2014,156.0
1884,Jun 07  2014,386.0
1885,Jun 06  2014,247.0
1886,Jun 05  2014,2404.0
1887,Jun 04  2014,228.0
1888,Jun 03  2014,618.0
1889,Jun 02  2014,350.0
1890,Jun 01  2014,897.0
1891,May 31  2014,840.0
1892,May 30  2014,467.0
1893,May 29  2014,705.0
1894,May 28  2014,972.0
1895,May 27  2014,860.0
1896,May 26  2014,441.0
1897,May 25  2014,2320.0
1898,May 24  2014,560.0
1899,May 23  2014,1996.0
1900,May 22  2014,1174.0
1901,May 21  2014,947.0
1902,May 20  2014,2437.0
1903,May 19  2014,1770.0
1904,May 18  2014,1162.0
1905,May 17  2014,836.0
1906,May 16  2014,2361.0
1907,May 15  2014,1748.0
1908,May 14  2014,1460.0
1909,May 13  2014,1104.0
1910,May 12  2014,1902.0
1911,May 11  2014,4216.0
1912,May 10  2014,7549.0
1913,May 09  2014,13824.0
1914,May 08  2014,85866.0
1915,May 07  2014,1858.0
1916,May 06  2014,1323.0
1917,May 05  2014,2754.0
1918,May 04  2014,873.0
1919,May 03  2014,3012.0
1920,May 02  2014,1306.0
1921,May 01  2014,1875.0
1922,Apr 30  2014,3949.0
1923,Apr 29  2014,1990.0
1924,Apr 28  2014,2515.0
1925,Apr 27  2014,4966.0
1926,Apr 26  2014,5918.0
1927,Apr 25  2014,14104.0
1928,Apr 24  2014,6958.0
1929,Apr 23  2014,12897.0
1930,Apr 22  2014,19801.0
1931,Apr 21  2014,46149.0
1932,Apr 20  2014,89502.0
1933,Apr 19  2014,31283.0
1934,Apr 18  2014,58471.0
1935,Apr 17  2014,73039.0
1936,Apr 16  2014,91613.0
1937,Apr 15  2014,99192.0
1938,Apr 14  2014,179762.0
1939,Apr 13  2014,398109.0
1940,Apr 12  2014,74235.0
1941,Apr 11  2014,30731.0
1942,Apr 10  2014,58191.0
1943,Apr 09  2014,154455.0
1944,Apr 08  2014,45695.0
1945,Apr 07  2014,4616.0
1946,Apr 06  2014,2309.0
1947,Apr 05  2014,2514.0
1948,Apr 04  2014,1964.0
1949,Apr 03  2014,2429.0
1950,Apr 02  2014,5628.0
1951,Apr 01  2014,5304.0
1952,Mar 31  2014,2052.0
1953,Mar 30  2014,429.0
1954,Mar 29  2014,59.0
1955,Mar 28  2014,86.0
1956,Mar 27  2014,7355.0
1957,Mar 26  2014,2381.0
1958,Mar 25  2014,5158.0
1959,Mar 24  2014,2356.0
1960,Mar 23  2014,1091.0
1961,Mar 22  2014,2096.0
