,Date,weighted_open
0,Oct 02  2019,17.21934888763718
1,Oct 01  2019,17.046089117792114
2,Sep 30  2019,17.390871342278327
3,Sep 29  2019,17.73756683706474
4,Sep 28  2019,17.29912965957591
5,Sep 27  2019,16.576082813953015
6,Sep 26  2019,17.08589749073939
7,Sep 25  2019,17.495094101580023
8,Sep 24  2019,20.31018571205493
9,Sep 23  2019,21.87776071305415
10,Sep 22  2019,21.99701423570874
11,Sep 21  2019,22.668395229135825
12,Sep 20  2019,23.047445309371
13,Sep 19  2019,22.71289200285966
14,Sep 18  2019,22.03072551707579
15,Sep 17  2019,21.652802115004942
16,Sep 16  2019,22.440933250191524
17,Sep 15  2019,22.868681078138255
18,Sep 14  2019,22.859068042876412
19,Sep 13  2019,22.9545196713994
20,Sep 12  2019,22.23194109877726
21,Sep 11  2019,22.52989264376173
22,Sep 10  2019,23.750286384826513
23,Sep 09  2019,24.461276404805293
24,Sep 08  2019,23.89787075497487
25,Sep 07  2019,23.56802066166776
26,Sep 06  2019,24.370877393875134
27,Sep 05  2019,24.504289543925147
28,Sep 04  2019,25.24616902827441
29,Sep 03  2019,24.54455646607419
30,Sep 02  2019,23.65649064225971
31,Sep 01  2019,22.51567046689392
32,Aug 31  2019,22.637743204312457
33,Aug 30  2019,22.34273549203572
34,Aug 29  2019,22.667529080046407
35,Aug 28  2019,23.80029254396084
36,Aug 27  2019,24.257012714003476
37,Aug 26  2019,23.86967528760648
38,Aug 25  2019,23.975774477627787
39,Aug 24  2019,24.41918649575731
40,Aug 23  2019,24.103254660580397
41,Aug 22  2019,24.160585996709788
42,Aug 21  2019,25.722226885976788
43,Aug 20  2019,25.836287189973763
44,Aug 19  2019,24.939575393518425
45,Aug 18  2019,24.67186964958653
46,Aug 17  2019,24.67800377174574
47,Aug 16  2019,24.641529139371098
48,Aug 15  2019,25.14653180344765
49,Aug 14  2019,25.604951662561525
50,Aug 13  2019,26.61928897460229
51,Aug 12  2019,27.07236997493603
52,Aug 11  2019,26.44401971191709
53,Aug 10  2019,26.2974089113908
54,Aug 09  2019,26.767558157511303
55,Aug 08  2019,29.319916951277545
56,Aug 07  2019,30.17026396261539
57,Aug 06  2019,30.456564276455577
58,Aug 05  2019,27.817472894983055
59,Aug 04  2019,27.447454597584237
60,Aug 03  2019,27.664122907326075
61,Aug 02  2019,27.158016222662518
62,Aug 01  2019,26.254358236054337
63,Jul 31  2019,24.583809049366245
64,Jul 30  2019,24.904861094301193
65,Jul 29  2019,25.15744472609689
66,Jul 28  2019,24.99608404017708
67,Jul 27  2019,26.02125760314821
68,Jul 26  2019,26.342236530492798
69,Jul 25  2019,26.68950975264013
70,Jul 24  2019,27.217348929115623
71,Jul 23  2019,28.075738405156862
72,Jul 22  2019,28.837189079399536
73,Jul 21  2019,29.013337614147655
74,Jul 20  2019,28.091528707253637
75,Jul 19  2019,28.485859252140216
76,Jul 18  2019,27.188346049730033
77,Jul 17  2019,25.599432609910686
78,Jul 16  2019,29.246788048147828
79,Jul 15  2019,27.415860351808966
80,Jul 14  2019,29.966290606888283
81,Jul 13  2019,30.48743410348772
82,Jul 12  2019,29.320336126965884
83,Jul 11  2019,31.42684558597252
84,Jul 10  2019,32.39704343555785
85,Jul 09  2019,31.437521106804624
86,Jul 08  2019,30.64562400017737
87,Jul 07  2019,29.216825796659492
88,Jul 06  2019,28.694757574561944
89,Jul 05  2019,29.549633363389106
90,Jul 04  2019,31.00540235713523
91,Jul 03  2019,28.401082254909838
92,Jul 02  2019,28.515469386187714
93,Jul 01  2019,29.49212401925931
94,Jun 30  2019,33.95949044611768
95,Jun 29  2019,32.75246300325325
96,Jun 28  2019,29.954931234533507
97,Jun 27  2019,33.719940718088914
98,Jun 26  2019,30.836493606064145
99,Jun 25  2019,31.227685911953248
100,Jun 24  2019,33.0199871725779
101,Jun 23  2019,29.627939650627734
102,Jun 22  2019,28.571910436524753
103,Jun 21  2019,28.316017744726512
104,Jun 20  2019,27.239841976058162
105,Jun 19  2019,27.545461334553423
106,Jun 18  2019,27.882514857157528
107,Jun 17  2019,26.75021567868937
108,Jun 16  2019,26.441691543634118
109,Jun 15  2019,25.490744365559344
110,Jun 14  2019,26.684225753321794
111,Jun 13  2019,26.936968999490198
112,Jun 12  2019,26.528964848398147
113,Jun 11  2019,26.179720931237522
114,Jun 10  2019,25.445186544043448
115,Jun 09  2019,25.25050622993072
116,Jun 08  2019,25.58371117772805
117,Jun 07  2019,24.396036467509884
118,Jun 06  2019,24.780869767775318
119,Jun 05  2019,24.03246979061905
120,Jun 04  2019,25.39207894505852
121,Jun 03  2019,27.560512776262456
122,Jun 02  2019,26.89347762878896
123,Jun 01  2019,26.91498262166667
124,May 31  2019,26.44153292647469
125,May 30  2019,27.025547148317955
126,May 29  2019,26.828211865675225
127,May 28  2019,27.616422594327904
128,May 27  2019,27.046126066954432
129,May 26  2019,26.500942241630554
130,May 25  2019,26.51072164715203
131,May 24  2019,26.246211750935245
132,May 23  2019,26.863732775621447
133,May 22  2019,28.164535628853805
134,May 21  2019,27.752604831494164
135,May 20  2019,28.519035355964444
136,May 19  2019,27.338211575322102
137,May 18  2019,27.114849654165777
138,May 17  2019,29.240450123434613
139,May 16  2019,31.69383142085708
140,May 15  2019,27.113977778842546
141,May 14  2019,27.414092813153307
142,May 13  2019,25.53550551572908
143,May 12  2019,27.656185723073985
144,May 11  2019,24.410493787734893
145,May 10  2019,24.320642742799937
146,May 09  2019,24.22284567394149
147,May 08  2019,24.228704215842075
148,May 07  2019,24.713030882641252
149,May 06  2019,25.067682917600102
150,May 05  2019,24.991827838935198
151,May 04  2019,25.021551860776075
152,May 03  2019,23.58425585422016
153,May 02  2019,22.95089499979871
154,May 01  2019,22.4064486251571
155,Apr 30  2019,21.840878628786903
156,Apr 29  2019,22.91075002684226
157,Apr 28  2019,21.991334399133557
158,Apr 27  2019,21.707362413420487
159,Apr 26  2019,21.82886932004224
160,Apr 25  2019,23.815601758496317
161,Apr 24  2019,23.6645302184763
162,Apr 23  2019,24.398514779559243
163,Apr 22  2019,24.22667439235758
164,Apr 21  2019,24.224718313354394
165,Apr 20  2019,23.746624128697434
166,Apr 19  2019,23.71206099177947
167,Apr 18  2019,23.567747562151503
168,Apr 17  2019,23.39327983319279
169,Apr 16  2019,22.959699669940687
170,Apr 15  2019,24.044984163611527
171,Apr 14  2019,23.299031616228465
172,Apr 13  2019,22.991194765222275
173,Apr 12  2019,22.973931692042598
174,Apr 11  2019,24.566283931450926
175,Apr 10  2019,24.31305506441301
176,Apr 09  2019,24.75832879238855
177,Apr 08  2019,24.58303052304148
178,Apr 07  2019,23.83798872574136
179,Apr 06  2019,24.357450529971405
180,Apr 05  2019,22.297605666093737
181,Apr 04  2019,22.74615434204215
182,Apr 03  2019,22.01159855542876
183,Apr 02  2019,18.886801512932948
184,Apr 01  2019,19.169908499795785
185,Mar 31  2019,18.431839932611354
186,Mar 30  2019,18.527932921460422
187,Mar 29  2019,18.60019873528771
188,Mar 28  2019,18.454685030679684
189,Mar 27  2019,17.718773418858586
190,Mar 26  2019,18.010725607210563
191,Mar 25  2019,17.67600662480481
192,Mar 24  2019,17.78046229716297
193,Mar 23  2019,17.67037508412029
194,Mar 22  2019,17.557214375298713
195,Mar 21  2019,18.055092052970895
196,Mar 20  2019,18.067365668746103
197,Mar 19  2019,18.248351083006497
198,Mar 18  2019,18.464340955087714
199,Mar 17  2019,18.15920186812621
200,Mar 16  2019,18.499833999175923
201,Mar 15  2019,18.340570513596823
202,Mar 14  2019,17.45065822453327
203,Mar 13  2019,17.548615853519976
204,Mar 12  2019,15.969467696524923
205,Mar 11  2019,16.0987659608444
206,Mar 10  2019,15.824948303569489
207,Mar 09  2019,15.33738192878028
208,Mar 08  2019,15.497358529946137
209,Mar 07  2019,15.675091533879502
210,Mar 06  2019,16.079683385433615
211,Mar 05  2019,15.440392770169531
212,Mar 04  2019,15.726721394563052
213,Mar 03  2019,15.875894649500408
214,Mar 02  2019,15.701762253709667
215,Mar 01  2019,15.75584486246001
216,Feb 28  2019,15.752797119244002
217,Feb 27  2019,15.874668485408353
218,Feb 26  2019,15.484394765519555
219,Feb 25  2019,15.085392118848663
220,Feb 24  2019,16.83164638749984
221,Feb 23  2019,16.203515911283585
222,Feb 22  2019,15.746078005527332
223,Feb 21  2019,16.31291299935423
224,Feb 20  2019,16.474278532193935
225,Feb 19  2019,17.088713167787585
226,Feb 18  2019,16.027234776265793
227,Feb 17  2019,15.726577593686827
228,Feb 16  2019,15.695622213191648
229,Feb 15  2019,15.675312624146681
230,Feb 14  2019,15.734489403858444
231,Feb 13  2019,15.849670344745256
232,Feb 12  2019,15.71021751999254
233,Feb 11  2019,16.038645215526415
234,Feb 10  2019,15.613148042178445
235,Feb 09  2019,15.501052781946093
236,Feb 08  2019,14.241143722829792
237,Feb 07  2019,13.981154019599929
238,Feb 06  2019,14.923390324476784
239,Feb 05  2019,14.713171244122533
240,Feb 04  2019,14.99785222417623
241,Feb 03  2019,14.915638802731658
242,Feb 02  2019,14.853438677135866
243,Feb 01  2019,14.785553765019573
244,Jan 31  2019,15.302905271210287
245,Jan 30  2019,15.094988188217231
246,Jan 29  2019,15.484159618275733
247,Jan 28  2019,16.02913499680595
248,Jan 27  2019,16.148844829114164
249,Jan 26  2019,16.017381929689343
250,Jan 25  2019,16.367783100684548
251,Jan 24  2019,16.221524275716607
252,Jan 23  2019,16.198878569237056
253,Jan 22  2019,16.027723356195803
254,Jan 21  2019,15.633428042895082
255,Jan 20  2019,16.365300548216506
256,Jan 19  2019,16.056353587230586
257,Jan 18  2019,16.097094131564457
258,Jan 17  2019,15.806049287240365
259,Jan 16  2019,15.338444857388778
260,Jan 15  2019,15.452325357822648
261,Jan 14  2019,15.271783749602019
262,Jan 13  2019,16.431026835377754
263,Jan 12  2019,16.083229696420187
264,Jan 11  2019,15.466472320429238
265,Jan 10  2019,17.80360938913073
266,Jan 09  2019,17.292731414087097
267,Jan 08  2019,17.918855126107758
268,Jan 07  2019,18.447067346220198
269,Jan 06  2019,17.45115626004644
270,Jan 05  2019,17.504628441546632
271,Jan 04  2019,17.208476633073055
272,Jan 03  2019,17.347273206566413
273,Jan 02  2019,16.473934103914193
274,Jan 01  2019,15.630750436706007
275,Dec 31  2018,17.503941173703048
276,Dec 30  2018,17.23753550188333
277,Dec 29  2018,18.80730420561014
278,Dec 28  2018,15.488119034052083
279,Dec 27  2018,16.90882053442042
280,Dec 26  2018,16.918575018225543
281,Dec 25  2018,18.45912039945644
282,Dec 24  2018,18.017598493519497
283,Dec 23  2018,17.795190577636834
284,Dec 22  2018,17.074019868190938
285,Dec 21  2018,18.514963253768734
286,Dec 20  2018,17.2482348737444
287,Dec 19  2018,17.421947144197876
288,Dec 18  2018,15.173202734453609
289,Dec 17  2018,14.210579030570239
290,Dec 16  2018,13.705232289522684
291,Dec 15  2018,14.297877977691146
292,Dec 14  2018,13.575357034635962
293,Dec 13  2018,13.900126078035798
294,Dec 12  2018,13.761632687999038
295,Dec 11  2018,14.513174824087725
296,Dec 10  2018,16.373767095241465
297,Dec 09  2018,16.024542706681043
298,Dec 08  2018,16.225510504268104
299,Dec 07  2018,17.21648984247393
300,Dec 06  2018,17.657483304872724
301,Dec 05  2018,18.519124590659676
302,Dec 04  2018,18.15323502442541
303,Dec 03  2018,19.388682236265787
304,Dec 02  2018,19.482333106164685
305,Dec 01  2018,18.756323797833968
306,Nov 30  2018,20.462719671950303
307,Nov 29  2018,20.70272411371143
308,Nov 28  2018,18.809782875264556
309,Nov 27  2018,18.679812633523966
310,Nov 26  2018,20.395600698768668
311,Nov 25  2018,19.344367908970806
312,Nov 24  2018,21.77745481483424
313,Nov 23  2018,22.848223497549416
314,Nov 22  2018,24.556071319491426
315,Nov 21  2018,22.807184038882415
316,Nov 20  2018,24.199488210007623
317,Nov 19  2018,31.921045213629476
318,Nov 18  2018,31.361199646526778
319,Nov 17  2018,31.470678022265922
320,Nov 16  2018,32.78087817433632
321,Nov 15  2018,33.01164425005339
322,Nov 14  2018,37.06216298611567
323,Nov 13  2018,37.90373989079279
324,Nov 12  2018,37.695788541615826
325,Nov 11  2018,38.508068540411216
326,Nov 10  2018,38.7542279020825
327,Nov 09  2018,37.29564545719485
328,Nov 08  2018,38.78724049437082
329,Nov 07  2018,39.01202614107605
330,Nov 06  2018,37.787867793573156
331,Nov 05  2018,38.26989971160286
332,Nov 04  2018,38.366588003555115
333,Nov 03  2018,39.96462681242023
334,Nov 02  2018,38.36688643666449
335,Nov 01  2018,37.73790515837593
336,Oct 31  2018,38.03772322438227
337,Oct 30  2018,37.85452743275
338,Oct 29  2018,41.86787678753448
339,Oct 28  2018,40.94684646860456
340,Oct 27  2018,41.109851697134054
341,Oct 26  2018,41.33717948810187
342,Oct 25  2018,45.02937559244659
343,Oct 24  2018,49.00488367570688
344,Oct 23  2018,37.063380884046445
345,Oct 22  2018,36.30968062577806
346,Oct 21  2018,36.63987699650984
347,Oct 20  2018,36.275800272043334
348,Oct 19  2018,36.86680726336871
349,Oct 18  2018,37.52016621506265
350,Oct 17  2018,37.82126102980219
351,Oct 16  2018,37.53120789556291
352,Oct 15  2018,35.827649471967426
353,Oct 14  2018,36.27916357707318
354,Oct 13  2018,34.67572352632517
355,Oct 12  2018,34.913603147202245
356,Oct 11  2018,39.55085121491669
357,Oct 10  2018,39.21319516285875
358,Oct 09  2018,42.36880963791704
359,Oct 08  2018,38.13889003844503
360,Oct 07  2018,38.19283210238267
361,Oct 06  2018,39.756952535275644
362,Oct 05  2018,39.11216771203181
363,Oct 04  2018,37.15583168674177
364,Oct 03  2018,36.8234317463583
365,Oct 02  2018,36.39861749017253
366,Oct 01  2018,36.95312174017312
367,Sep 30  2018,37.56109247381105
368,Sep 29  2018,36.62266542009155
369,Sep 28  2018,36.54945325311734
370,Sep 27  2018,35.01604618305862
371,Sep 26  2018,34.93820666211493
372,Sep 25  2018,35.68038600753251
373,Sep 24  2018,36.70926360950921
374,Sep 23  2018,35.91022097114353
375,Sep 22  2018,36.156882565903786
376,Sep 21  2018,34.407535247799544
377,Sep 20  2018,34.16569535086874
378,Sep 19  2018,33.969683856453315
379,Sep 18  2018,34.469732573812315
380,Sep 17  2018,35.90986358307656
381,Sep 16  2018,36.572661781733714
382,Sep 15  2018,36.23623803701867
383,Sep 14  2018,35.389724950228185
384,Sep 13  2018,32.81984550262254
385,Sep 12  2018,33.82476134947314
386,Sep 11  2018,34.51616230567567
387,Sep 10  2018,35.30244170429861
388,Sep 09  2018,33.455157442343314
389,Sep 08  2018,35.96829960870892
390,Sep 07  2018,35.30593965024461
391,Sep 06  2018,35.523751020054846
392,Sep 05  2018,40.528583274542065
393,Sep 04  2018,40.58723714055805
394,Sep 03  2018,42.07910998752561
395,Sep 02  2018,42.1715366265895
396,Sep 01  2018,40.314033124494415
397,Aug 31  2018,40.152205198069844
398,Aug 30  2018,39.438454248003374
399,Aug 29  2018,38.8823263579963
400,Aug 28  2018,37.96731024168107
401,Aug 27  2018,35.65695164044845
402,Aug 26  2018,37.41877057211972
403,Aug 25  2018,38.46209526853148
404,Aug 24  2018,35.24653660222173
405,Aug 23  2018,34.29914081008329
406,Aug 22  2018,35.84894675535622
407,Aug 21  2018,34.882790065511884
408,Aug 20  2018,37.964168300754295
409,Aug 19  2018,37.38616078156082
410,Aug 18  2018,40.20966875252505
411,Aug 17  2018,35.663615482772606
412,Aug 16  2018,35.055742055016495
413,Aug 15  2018,37.26820444658998
414,Aug 14  2018,36.778837377405026
415,Aug 13  2018,38.63563085085721
416,Aug 12  2018,40.12861642571946
417,Aug 11  2018,40.529074909079306
418,Aug 10  2018,44.88513197797279
419,Aug 09  2018,42.44286023081711
420,Aug 08  2018,45.25948698326774
421,Aug 07  2018,46.868167681929854
422,Aug 06  2018,47.18524710732335
423,Aug 05  2018,47.77183606518524
424,Aug 04  2018,53.23768745883522
425,Aug 03  2018,50.637399310374335
426,Aug 02  2018,53.75243627061691
427,Aug 01  2018,52.69016199349201
428,Jul 31  2018,56.161187610883445
429,Jul 30  2018,59.337126674324914
430,Jul 29  2018,61.667769940965314
431,Jul 28  2018,60.27579375270081
432,Jul 27  2018,60.66229178120336
433,Jul 26  2018,62.75542865984337
434,Jul 25  2018,62.02649291373224
435,Jul 24  2018,63.97446022594147
436,Jul 23  2018,66.13241539006414
437,Jul 22  2018,68.45165272969616
438,Jul 21  2018,68.60010307761394
439,Jul 20  2018,68.58784406302168
440,Jul 19  2018,67.74225695929957
441,Jul 18  2018,71.42651652228992
442,Jul 17  2018,67.47052062088727
443,Jul 16  2018,59.87713680101087
444,Jul 15  2018,54.46537923373712
445,Jul 14  2018,54.028562058581116
446,Jul 13  2018,53.08904679453969
447,Jul 12  2018,55.243132038408355
448,Jul 11  2018,53.917772789220436
449,Jul 10  2018,57.57067973848174
450,Jul 09  2018,58.719828607201755
451,Jul 08  2018,60.261465859634804
452,Jul 07  2018,61.98991599149438
453,Jul 06  2018,60.67448424261808
454,Jul 05  2018,64.89110362856324
455,Jul 04  2018,65.07517020306234
456,Jul 03  2018,65.64584555574953
457,Jul 02  2018,63.74880310419624
458,Jul 01  2018,62.84378703665392
459,Jun 30  2018,64.4040889603568
460,Jun 29  2018,57.01525724362343
461,Jun 28  2018,65.10415026038172
462,Jun 27  2018,67.02952385419314
463,Jun 26  2018,70.0645216980368
464,Jun 25  2018,69.85857201499205
465,Jun 24  2018,68.61726231163007
466,Jun 23  2018,73.76055887102821
467,Jun 22  2018,85.65258361177385
468,Jun 21  2018,87.05761953970199
469,Jun 20  2018,87.85777077441304
470,Jun 19  2018,89.15763069662064
471,Jun 18  2018,86.4938797332227
472,Jun 17  2018,85.85720334584954
473,Jun 16  2018,86.1926993188764
474,Jun 15  2018,94.59073029777863
475,Jun 14  2018,82.25872671904048
476,Jun 13  2018,82.69995423906744
477,Jun 12  2018,89.78693865598615
478,Jun 11  2018,87.98642634645906
479,Jun 10  2018,98.33688616224646
480,Jun 09  2018,102.99479121658737
481,Jun 08  2018,101.30217589874162
482,Jun 07  2018,95.58060714020719
483,Jun 06  2018,95.46224248480125
484,Jun 05  2018,95.21583112847362
485,Jun 04  2018,93.96754224531236
486,Jun 03  2018,96.5917312025203
487,Jun 02  2018,91.26236673177804
488,Jun 01  2018,88.4582871580087
489,May 31  2018,85.10865837818882
490,May 30  2018,88.38449650924586
491,May 29  2018,85.17569239021952
492,May 28  2018,86.8980358232517
493,May 27  2018,87.11383150827805
494,May 26  2018,95.10022928703609
495,May 25  2018,97.99856262565996
496,May 24  2018,98.81026899384324
497,May 23  2018,104.6361991690872
498,May 22  2018,111.3419353464621
499,May 21  2018,105.9850494210564
500,May 20  2018,103.04542667487546
501,May 19  2018,100.1850209575763
502,May 18  2018,89.20242270475981
503,May 17  2018,88.19756587074883
504,May 16  2018,93.65615113749503
505,May 15  2018,96.71432908150584
506,May 14  2018,89.4156323873738
507,May 13  2018,81.82209965888123
508,May 12  2018,82.23539299143886
509,May 11  2018,83.27521965330784
510,May 10  2018,80.97824758022679
511,May 09  2018,81.91392357077076
512,May 08  2018,83.57422319951264
513,May 07  2018,82.49789483532444
514,May 06  2018,82.95027238396888
515,May 05  2018,86.8036315209417
516,May 04  2018,79.77128595366142
517,May 03  2018,77.25605714279787
518,May 02  2018,76.54736908221967
519,May 01  2018,80.10559228257307
520,Apr 30  2018,78.44844992766521
521,Apr 29  2018,81.92140655889636
522,Apr 28  2018,78.56973264865888
523,Apr 27  2018,80.74788213157194
524,Apr 26  2018,72.80019027084047
525,Apr 25  2018,70.39798390392471
526,Apr 24  2018,60.65252863937041
527,Apr 23  2018,59.89351300037494
528,Apr 22  2018,62.89960144003182
529,Apr 21  2018,61.70596587314806
530,Apr 20  2018,57.66072891827179
531,Apr 19  2018,56.498371614007496
532,Apr 18  2018,56.00133974620049
533,Apr 17  2018,56.67540050584992
534,Apr 16  2018,58.213375531577476
535,Apr 15  2018,54.16808882276473
536,Apr 14  2018,53.05347951311368
537,Apr 13  2018,55.51826816997728
538,Apr 12  2018,47.544049852585246
539,Apr 11  2018,46.19902900385111
540,Apr 10  2018,44.049744183827066
541,Apr 09  2018,45.44259909252083
542,Apr 08  2018,45.903622112094205
543,Apr 07  2018,40.39961884500955
544,Apr 06  2018,39.5979785896488
545,Apr 05  2018,38.67640285491139
546,Apr 04  2018,43.004487469255004
547,Apr 03  2018,38.25278640672027
548,Apr 02  2018,36.01211658007842
549,Apr 01  2018,36.200897692314925
550,Mar 31  2018,35.28078938437612
551,Mar 30  2018,37.117969107058336
552,Mar 29  2018,42.94007908570704
553,Mar 28  2018,42.48376049235929
554,Mar 27  2018,44.63895127867744
555,Mar 26  2018,46.990185688894755
556,Mar 25  2018,47.28523420978543
557,Mar 24  2018,49.952301170921636
558,Mar 23  2018,46.826939933016824
559,Mar 22  2018,48.556407750377524
560,Mar 21  2018,49.443913105801016
561,Mar 20  2018,49.75445669403274
562,Mar 19  2018,47.206714762626
563,Mar 18  2018,45.585455452080076
564,Mar 17  2018,51.110936905529705
565,Mar 16  2018,52.11740147775239
566,Mar 15  2018,47.98006713113681
567,Mar 14  2018,53.949828405258046
568,Mar 13  2018,55.055760872923194
569,Mar 12  2018,58.21254558118777
570,Mar 11  2018,55.576154135682955
571,Mar 10  2018,56.237078230898454
572,Mar 09  2018,53.68212968386993
573,Mar 08  2018,60.714876328868826
574,Mar 07  2018,66.79062557678269
575,Mar 06  2018,74.9167267281845
576,Mar 05  2018,73.86671351310287
577,Mar 04  2018,73.09917184398444
578,Mar 03  2018,73.54680929516229
579,Mar 02  2018,72.62003455495675
580,Mar 01  2018,68.74017898151219
581,Feb 28  2018,71.63918823803259
582,Feb 27  2018,69.17059342132619
583,Feb 26  2018,66.14768500521879
584,Feb 25  2018,65.92246607057187
585,Feb 24  2018,69.75681407074033
586,Feb 23  2018,66.38160590262896
587,Feb 22  2018,68.44857424211848
588,Feb 21  2018,73.55023467501934
589,Feb 20  2018,80.44666606835148
590,Feb 19  2018,78.3968861099615
591,Feb 18  2018,90.05699822188429
592,Feb 17  2018,84.143508045721
593,Feb 16  2018,81.48623139116
594,Feb 15  2018,75.78352903769138
595,Feb 14  2018,67.9454749065394
596,Feb 13  2018,71.9707849965207
597,Feb 12  2018,64.21056892656459
598,Feb 11  2018,70.99976734580743
599,Feb 10  2018,74.17098120919073
600,Feb 09  2018,68.01793029318982
601,Feb 08  2018,62.662263733795186
602,Feb 07  2018,66.37573184636577
603,Feb 06  2018,54.84336757963898
604,Feb 05  2018,67.3218399635086
605,Feb 04  2018,81.56064741314721
606,Feb 03  2018,74.28883713623071
607,Feb 02  2018,76.69554761042185
608,Feb 01  2018,91.29465431611396
609,Jan 31  2018,83.67793328368282
610,Jan 30  2018,90.67328599035059
611,Jan 29  2018,86.10975492382109
612,Jan 28  2018,84.87460410507202
613,Jan 27  2018,83.40169506363802
614,Jan 26  2018,83.81612604329115
615,Jan 25  2018,88.46885572893339
616,Jan 24  2018,83.97937376323927
617,Jan 23  2018,82.77489840606391
618,Jan 22  2018,93.12515784273951
619,Jan 21  2018,108.68867169433518
620,Jan 20  2018,96.28144214711236
621,Jan 19  2018,75.74464127506707
622,Jan 18  2018,76.32820597549338
623,Jan 17  2018,74.46146160307676
624,Jan 16  2018,94.14692832142568
625,Jan 15  2018,98.81822690893044
626,Jan 14  2018,108.64967787812591
627,Jan 13  2018,105.74022881284827
628,Jan 12  2018,89.8964344315507
629,Jan 11  2018,99.02294856796331
630,Jan 10  2018,102.53993416089637
631,Jan 09  2018,97.23731309581122
632,Jan 08  2018,97.53328310438545
633,Jan 07  2018,100.5351127836366
634,Jan 06  2018,99.47754765311248
635,Jan 05  2018,102.29591237077521
636,Jan 04  2018,95.98682717808555
637,Jan 03  2018,96.53662296589707
638,Jan 02  2018,97.73055083679618
639,Jan 01  2018,87.45539912826108
640,Dec 31  2017,75.65281010650278
641,Dec 30  2017,88.48266670892936
642,Dec 29  2017,86.8964383475035
643,Dec 28  2017,85.74226144896362
644,Dec 27  2017,83.32689238131982
645,Dec 26  2017,81.70084158712926
646,Dec 25  2017,81.03456504541336
647,Dec 24  2017,78.37146300320562
648,Dec 23  2017,68.55689763164686
649,Dec 22  2017,83.32768366895968
650,Dec 21  2017,87.33419190390288
651,Dec 20  2017,84.08908102593057
652,Dec 19  2017,84.04970907697819
653,Dec 18  2017,76.62237767126038
654,Dec 17  2017,74.4491032399897
655,Dec 16  2017,63.12260428813274
656,Dec 15  2017,63.68428056658577
657,Dec 14  2017,64.72409772850116
658,Dec 13  2017,64.65665842347543
659,Dec 12  2017,51.147005554486505
660,Dec 11  2017,47.608231598669974
661,Dec 10  2017,45.28655944067167
662,Dec 09  2017,47.33118414636857
663,Dec 08  2017,42.05173948963788
664,Dec 07  2017,40.96823475131014
665,Dec 06  2017,45.86953985733109
666,Dec 05  2017,48.93389905050744
667,Dec 04  2017,45.25102542782264
668,Dec 03  2017,45.98240770507985
669,Dec 02  2017,48.8176570026825
670,Dec 01  2017,47.9681275752928
671,Nov 30  2017,41.96317349103017
672,Nov 29  2017,47.97309820943346
673,Nov 28  2017,49.941280934664505
674,Nov 27  2017,53.0286697968009
675,Nov 26  2017,43.52625006562178
676,Nov 25  2017,40.513995110731194
677,Nov 24  2017,36.810047740759416
678,Nov 23  2017,33.764250174231236
679,Nov 22  2017,27.941499284577528
680,Nov 21  2017,26.75058315506761
681,Nov 20  2017,27.671973421579054
682,Nov 19  2017,28.372183086879172
683,Nov 18  2017,25.54050019927406
684,Nov 17  2017,25.255812926712714
685,Nov 16  2017,26.396682806001554
686,Nov 15  2017,26.93807265709402
687,Nov 14  2017,25.475328913814252
688,Nov 13  2017,23.213784154986378
689,Nov 12  2017,24.20695989566828
690,Nov 11  2017,23.706552613406178
691,Nov 10  2017,25.544118521399295
692,Nov 09  2017,24.557170918961415
693,Nov 08  2017,22.39483449937678
694,Nov 07  2017,22.51284001106726
695,Nov 06  2017,22.13444087859517
696,Nov 05  2017,22.268306815760578
697,Nov 04  2017,21.080559672049077
698,Nov 03  2017,18.31789426859598
699,Nov 02  2017,19.172741132769932
700,Nov 01  2017,21.04039682399628
701,Oct 31  2017,22.964285812518327
702,Oct 30  2017,22.650759494318084
703,Oct 29  2017,23.894422889299484
704,Oct 28  2017,23.74253730848951
705,Oct 27  2017,24.3356111136029
706,Oct 26  2017,27.83282371042574
707,Oct 25  2017,22.853618597024685
708,Oct 24  2017,18.799023027985317
709,Oct 23  2017,20.635496413474826
710,Oct 22  2017,19.86220410331095
711,Oct 21  2017,19.543086452107072
712,Oct 20  2017,21.223444499921392
713,Oct 19  2017,21.77416293310413
714,Oct 18  2017,22.706096319013394
715,Oct 17  2017,22.253815707549997
716,Oct 16  2017,21.996905289611536
717,Oct 15  2017,22.588964990592697
718,Oct 14  2017,22.520648458482086
719,Oct 13  2017,23.060321560434982
720,Oct 12  2017,22.00111054258654
721,Oct 11  2017,22.05458525776573
722,Oct 10  2017,21.15784809984615
723,Oct 09  2017,21.536681362436866
724,Oct 08  2017,23.659413716112557
725,Oct 07  2017,24.591943009316992
726,Oct 06  2017,24.701673813656253
727,Oct 05  2017,24.953986421507455
728,Oct 04  2017,25.682027477486226
729,Oct 03  2017,27.541605031403165
730,Oct 02  2017,26.764509618938185
731,Oct 01  2017,27.72082163312327
732,Sep 30  2017,27.621450981908904
733,Sep 29  2017,28.18420287279823
734,Sep 28  2017,29.10580244415851
735,Sep 27  2017,27.02513893447625
736,Sep 26  2017,28.145490781855838
737,Sep 25  2017,27.536409968145865
738,Sep 24  2017,30.268244990434532
739,Sep 23  2017,25.50342790943148
740,Sep 22  2017,25.64905723553412
741,Sep 21  2017,29.220324500649784
742,Sep 20  2017,26.500955311369445
743,Sep 19  2017,25.04021689228561
744,Sep 18  2017,23.355443947141435
745,Sep 17  2017,24.613885191223552
746,Sep 16  2017,23.755693861537043
747,Sep 15  2017,18.925437506168965
748,Sep 14  2017,20.320861996910303
749,Sep 13  2017,21.134379317447834
750,Sep 12  2017,22.65960050072246
751,Sep 11  2017,22.64199895236823
752,Sep 10  2017,23.953631067972783
753,Sep 09  2017,24.761078317679505
754,Sep 08  2017,26.868129914878057
755,Sep 07  2017,28.004527025849562
756,Sep 06  2017,27.247952147885687
757,Sep 05  2017,26.01231582991596
758,Sep 04  2017,29.172080125040363
759,Sep 03  2017,29.70691554036472
760,Sep 02  2017,33.57822337748336
761,Sep 01  2017,31.61785334433034
762,Aug 31  2017,31.36739709737101
763,Aug 30  2017,28.867223133918028
764,Aug 29  2017,31.45745049126465
765,Aug 28  2017,33.40715823730052
766,Aug 27  2017,31.890948723901534
767,Aug 26  2017,28.33632349552335
768,Aug 25  2017,24.87481872968109
769,Aug 24  2017,20.66379203657388
770,Aug 23  2017,19.635427567007543
771,Aug 22  2017,20.778162503268106
772,Aug 21  2017,20.469635997678644
773,Aug 20  2017,20.73576346203364
774,Aug 19  2017,18.71312513996207
775,Aug 18  2017,18.586635439076755
776,Aug 17  2017,19.873402918164263
777,Aug 16  2017,23.173058554749318
778,Aug 15  2017,18.696797066976583
779,Aug 14  2017,19.469092164066243
780,Aug 13  2017,20.741437634010847
781,Aug 12  2017,21.319013701109938
782,Aug 11  2017,22.07013351485998
783,Aug 10  2017,23.267460842759075
784,Aug 09  2017,25.408169632997826
785,Aug 08  2017,24.670122663871084
786,Aug 07  2017,24.33503566982113
787,Aug 06  2017,24.21648678028819
788,Aug 05  2017,22.19980274932269
789,Aug 04  2017,22.30076787666431
790,Aug 03  2017,23.47678393592128
791,Aug 02  2017,24.427704812647686
792,Aug 01  2017,24.41504546568922
793,Jul 31  2017,22.004927744502673
794,Jul 30  2017,25.124887794658438
795,Jul 29  2017,19.684935099192877
796,Jul 28  2017,20.17344096110594
797,Jul 27  2017,21.101292955638268
798,Jul 26  2017,20.779894017861302
799,Jul 25  2017,22.62316601898035
800,Jul 24  2017,22.021529811120963
801,Jul 23  2017,23.420412805946622
802,Jul 22  2017,21.189940926816494
803,Jul 21  2017,21.160557993577207
804,Jul 20  2017,19.722323462019986
805,Jul 19  2017,22.17158687456184
806,Jul 18  2017,21.940992551771256
807,Jul 17  2017,16.69092937827343
808,Jul 16  2017,17.5956303228119
809,Jul 15  2017,20.10590343214421
810,Jul 14  2017,23.13437935134828
811,Jul 13  2017,25.895536462258747
812,Jul 12  2017,23.40969681251678
813,Jul 11  2017,22.42135278747508
814,Jul 10  2017,29.548526305412178
815,Jul 09  2017,33.7470198041205
816,Jul 08  2017,27.664382939365503
817,Jul 07  2017,32.22272641110637
818,Jul 06  2017,34.626753130840385
819,Jul 05  2017,34.100954323411976
820,Jul 04  2017,29.83667500535938
821,Jul 03  2017,27.3233061279915
822,Jul 02  2017,26.892024267036504
823,Jul 01  2017,29.32837124574561
824,Jun 30  2017,31.989992564685608
825,Jun 29  2017,33.42477410126193
826,Jun 28  2017,34.45966287742971
827,Jun 27  2017,33.400246169737194
828,Jun 26  2017,36.699843790165694
829,Jun 25  2017,41.397037573412014
830,Jun 24  2017,44.095500301065414
831,Jun 23  2017,41.112006389785556
832,Jun 22  2017,35.644519302654246
833,Jun 21  2017,34.23647372999359
834,Jun 20  2017,37.97277996331025
835,Jun 19  2017,41.13816413770743
836,Jun 18  2017,31.314705093946472
837,Jun 17  2017,31.539338061405477
838,Jun 16  2017,29.24852240132542
839,Jun 15  2017,30.197579060215247
840,Jun 14  2017,35.700334215939066
841,Jun 13  2017,32.527328072076564
842,Jun 12  2017,39.75203557230474
843,Jun 11  2017,40.021418084637666
844,Jun 10  2017,41.37541423312056
845,Jun 09  2017,33.72975939437988
846,Jun 08  2017,31.756770699344134
847,Jun 07  2017,33.570053580450306
848,Jun 06  2017,33.83088156867983
849,Jun 05  2017,31.112257869864766
850,Jun 04  2017,34.27589390102629
851,Jun 03  2017,29.921837679439943
852,Jun 02  2017,24.2861588677615
853,Jun 01  2017,21.252090948383152
854,May 31  2017,19.717945428942265
855,May 30  2017,20.216008604267596
856,May 29  2017,19.33601831050287
857,May 28  2017,18.349892698404904
858,May 27  2017,20.885874779781076
859,May 26  2017,21.272674981173125
860,May 25  2017,23.24182969257894
861,May 24  2017,21.950679021084003
862,May 23  2017,19.246012035711466
863,May 22  2017,19.845899470593316
864,May 21  2017,19.60478332936453
865,May 20  2017,19.19285737669107
866,May 19  2017,20.35705363085114
867,May 18  2017,20.838346678005742
868,May 17  2017,14.908731109263602
869,May 16  2017,15.013878756049348
870,May 15  2017,16.498883594485267
871,May 14  2017,18.205860696191785
872,May 13  2017,14.759630778555946
873,May 12  2017,14.627713590566728
874,May 11  2017,15.878938274350585
875,May 10  2017,15.066377017838985
876,May 09  2017,16.47103415098254
877,May 08  2017,16.575402172440345
878,May 07  2017,16.425279094535934
879,May 06  2017,15.341328102995456
880,May 05  2017,14.729651529534793
881,May 04  2017,13.795306123397832
882,May 03  2017,13.141890163077726
883,May 02  2017,14.302150422852106
884,May 01  2017,15.143958552561584
885,Apr 30  2017,15.066220916581324
886,Apr 29  2017,14.77806737599304
887,Apr 28  2017,14.052327752642354
888,Apr 27  2017,15.66024555240484
889,Apr 26  2017,14.406362806926612
890,Apr 25  2017,15.851764458055834
891,Apr 24  2017,16.083081732359947
892,Apr 23  2017,14.300392064969039
893,Apr 22  2017,14.419341073328027
894,Apr 21  2017,13.786809296552848
895,Apr 20  2017,13.037797777425249
896,Apr 19  2017,11.740128486547494
897,Apr 18  2017,11.668995659215263
898,Apr 17  2017,11.756254911497475
899,Apr 16  2017,11.754168315574304
900,Apr 15  2017,10.702017256257298
901,Apr 14  2017,10.69505451948358
902,Apr 13  2017,11.099468072976313
903,Apr 12  2017,10.996641624738114
904,Apr 11  2017,11.144835409019883
905,Apr 10  2017,11.536974985430007
906,Apr 09  2017,10.898694029024217
907,Apr 08  2017,8.547055195188138
908,Apr 07  2017,9.292439263114609
909,Apr 06  2017,9.859176555202207
910,Apr 05  2017,9.600662519884738
911,Apr 04  2017,10.401241412444516
912,Apr 03  2017,10.639940848376
913,Apr 02  2017,12.375703433557252
914,Apr 01  2017,12.24995172829922
915,Mar 31  2017,11.726239576466957
916,Mar 30  2017,11.965122815398274
917,Mar 29  2017,12.532045000154044
918,Mar 28  2017,10.553786191959533
919,Mar 27  2017,14.237553613027766
920,Mar 26  2017,9.971652035181108
921,Mar 25  2017,7.0847599021531025
922,Mar 24  2017,7.2200762625977974
923,Mar 23  2017,5.604806782464184
924,Mar 22  2017,5.422915601798711
925,Mar 21  2017,5.803026177701558
926,Mar 20  2017,6.040523896896117
927,Mar 19  2017,6.052827844683451
928,Mar 18  2017,4.677399747446025
929,Mar 17  2017,4.84655838784987
930,Mar 16  2017,4.987192662139884
931,Mar 15  2017,4.363026312040281
932,Mar 14  2017,4.683471870969502
933,Mar 13  2017,4.623212328446841
934,Mar 12  2017,3.0467417467516875
935,Mar 11  2017,2.827280002151771
936,Mar 10  2017,2.7821133467773547
937,Mar 09  2017,2.5380028054146413
938,Mar 08  2017,2.9147673839495303
939,Mar 07  2017,2.02750963060223
940,Mar 06  2017,1.7659269253363432
941,Mar 05  2017,1.7936963514648538
942,Mar 04  2017,1.7901777320903887
943,Mar 03  2017,1.8042498201638617
944,Mar 02  2017,1.7446380141962043
945,Mar 01  2017,1.8505574114533236
946,Feb 28  2017,2.014317629290146
947,Feb 27  2017,2.042110788088899
948,Feb 26  2017,2.018489183295383
949,Feb 25  2017,2.027622856334812
950,Feb 24  2017,1.7915197095030706
951,Feb 23  2017,1.7955088033460882
952,Feb 22  2017,1.5178069587063447
953,Feb 21  2017,1.5700012823000609
954,Feb 20  2017,1.7051209932176399
955,Feb 19  2017,1.590363533471956
956,Feb 18  2017,1.808648107588125
957,Feb 17  2017,1.9131267968286878
958,Feb 16  2017,2.1330164094583464
959,Feb 15  2017,2.1449404165704213
960,Feb 14  2017,2.3422925935192813
961,Feb 13  2017,2.163951090107137
962,Feb 12  2017,2.221882772911221
963,Feb 11  2017,2.289879897239029
964,Feb 10  2017,2.480971878041146
965,Feb 09  2017,2.2953867999232416
966,Feb 08  2017,2.2743347829887965
967,Feb 07  2017,2.2676321162566944
968,Feb 06  2017,2.6685786589975167
969,Feb 05  2017,2.9990702386691153
970,Feb 04  2017,2.3747582496553448
971,Feb 03  2017,2.280321068503653
972,Feb 02  2017,2.207861932128981
973,Feb 01  2017,1.9625299801364142
974,Jan 31  2017,1.6013025229086728
975,Jan 30  2017,1.5983235965617444
976,Jan 29  2017,1.3118287710365941
977,Jan 28  2017,1.1201691536821627
978,Jan 27  2017,1.3066801402812231
979,Jan 26  2017,0.8750960830258312
980,Jan 25  2017,0.7994202513459079
981,Jan 24  2017,0.7722287548706406
982,Jan 23  2017,0.7342129784617867
983,Jan 22  2017,0.6789898883039187
984,Jan 21  2017,0.6742789613772219
985,Jan 20  2017,0.7876228775547505
986,Jan 19  2017,0.6796636312999468
987,Jan 18  2017,0.6653654172953327
988,Jan 17  2017,0.7248394949608308
989,Jan 16  2017,0.7553381955994731
990,Jan 15  2017,0.8178997692725738
991,Jan 14  2017,0.8716993935838349
992,Jan 13  2017,0.6738156782257902
993,Jan 12  2017,0.5370664865861428
994,Jan 11  2017,0.5039618529192385
995,Jan 10  2017,0.5752569902515179
996,Jan 09  2017,0.5856756258541761
997,Jan 08  2017,0.4920842655434185
998,Jan 07  2017,0.38531518773912105
999,Jan 06  2017,0.34993578735261577
1000,Jan 05  2017,0.37995093048536827
1001,Jan 04  2017,0.2952665146213025
1002,Jan 03  2017,0.25404283093461866
1003,Jan 02  2017,0.2658543395785563
1004,Jan 01  2017,0.26578764913351255
1005,Dec 31  2016,0.24808084524599247
1006,Dec 30  2016,0.2596020334737251
1007,Dec 29  2016,0.2725080802981657
1008,Dec 28  2016,0.24925975654035354
1009,Dec 27  2016,0.2270938204336107
1010,Dec 26  2016,0.2451801619921221
1011,Dec 25  2016,0.2555814892406226
1012,Dec 24  2016,0.27581608928504847
1013,Dec 23  2016,0.2918938393849082
1014,Dec 22  2016,0.3011850179939882
1015,Dec 21  2016,0.32521189629302705
1016,Dec 20  2016,0.3162432536435171
1017,Dec 19  2016,0.31766090658886786
1018,Dec 18  2016,0.3469295428871727
1019,Dec 17  2016,0.3466698011714721
1020,Dec 16  2016,0.33825684162689196
1021,Dec 15  2016,0.3548417212378657
1022,Dec 14  2016,0.3613617330657467
1023,Dec 13  2016,0.36421205339438256
1024,Dec 12  2016,0.3318279053585872
1025,Dec 11  2016,0.33523561358127285
1026,Dec 10  2016,0.3350172596647992
1027,Dec 09  2016,0.30899783619888344
1028,Dec 08  2016,0.2794793776287353
1029,Dec 07  2016,0.3035846649132034
1030,Dec 06  2016,0.3226899606650836
1031,Dec 05  2016,0.37081797083605306
1032,Dec 04  2016,0.3828944964560469
1033,Dec 03  2016,0.3896817702908026
1034,Dec 02  2016,0.39409190257442844
1035,Dec 01  2016,0.41278835157843063
1036,Nov 30  2016,0.40072164345889544
1037,Nov 29  2016,0.3762816150330465
1038,Nov 28  2016,0.3754785875656146
1039,Nov 27  2016,0.3713922908180277
1040,Nov 26  2016,0.38707373910061244
1041,Nov 25  2016,0.40264699690365247
1042,Nov 24  2016,0.42044515589836623
1043,Nov 23  2016,0.41809122934854903
1044,Nov 22  2016,0.4433912979176864
1045,Nov 21  2016,0.44504944054893525
1046,Nov 20  2016,0.4610915655114529
1047,Nov 19  2016,0.4687362725405018
1048,Nov 18  2016,0.4566671892581071
1049,Nov 17  2016,0.46772865911432265
1050,Nov 16  2016,0.4388755990832326
1051,Nov 15  2016,0.4032323498984147
1052,Nov 14  2016,0.4036423347337193
1053,Nov 13  2016,0.39899397591771096
1054,Nov 12  2016,0.38730313346647904
1055,Nov 11  2016,0.4186038778326899
1056,Nov 10  2016,0.4475048163651974
1057,Nov 09  2016,0.3847297357703542
1058,Nov 08  2016,0.36587339429891774
1059,Nov 07  2016,0.37151518831165753
1060,Nov 06  2016,0.36739482297799153
1061,Nov 05  2016,0.38824412285858106
1062,Nov 04  2016,0.39305204877988287
1063,Nov 03  2016,0.4207444689158527
1064,Nov 02  2016,0.4245981431575922
1065,Nov 01  2016,0.4151750347937864
1066,Oct 31  2016,0.4684696061662196
1067,Oct 30  2016,0.4723564861962013
1068,Oct 29  2016,0.48323031658128984
1069,Oct 28  2016,0.5196500338163192
1070,Oct 27  2016,0.5543026431046824
1071,Oct 26  2016,0.5506809752653349
1072,Oct 25  2016,0.5810177843174846
1073,Oct 24  2016,0.6234517878269199
1074,Oct 23  2016,0.63130185968144
1075,Oct 22  2016,0.6042326135745507
1076,Oct 21  2016,0.6263519501026404
1077,Oct 20  2016,0.5893425459217173
1078,Oct 19  2016,0.6121805634006979
1079,Oct 18  2016,0.6914612792497378
1080,Oct 17  2016,0.6300336680744503
1081,Oct 16  2016,0.6347119202855626
1082,Oct 15  2016,0.6554750938723185
1083,Oct 14  2016,0.6534329989554012
1084,Oct 13  2016,0.6452997305543222
1085,Oct 12  2016,0.6541153223148083
1086,Oct 11  2016,0.6727429482331353
1087,Oct 10  2016,0.709592281132378
1088,Oct 09  2016,0.7354278240470561
1089,Oct 08  2016,0.7681733283147589
1090,Oct 07  2016,0.7960250174149244
1091,Oct 06  2016,0.7809143938718808
1092,Oct 05  2016,0.7548522261966558
1093,Oct 04  2016,0.770564345825647
1094,Oct 03  2016,0.6972519746060897
1095,Oct 02  2016,0.7037129126321442
1096,Oct 01  2016,0.6835251702470374
1097,Sep 30  2016,0.7097134740276526
1098,Sep 29  2016,0.7430115419106762
1099,Sep 28  2016,0.7690222722526663
1100,Sep 27  2016,0.8476968902602936
1101,Sep 26  2016,0.8842218612990175
1102,Sep 25  2016,0.9193803258411226
1103,Sep 24  2016,0.916370095532896
1104,Sep 23  2016,0.8972541994562033
1105,Sep 22  2016,0.8875540754735847
1106,Sep 21  2016,0.9635953683699092
1107,Sep 20  2016,0.9593346885305861
1108,Sep 19  2016,0.9846213868975233
1109,Sep 18  2016,1.0815526478218531
1110,Sep 17  2016,1.1415311392385175
1111,Sep 16  2016,1.1423462737045686
1112,Sep 15  2016,1.177156302956071
1113,Sep 14  2016,1.1808369933549188
1114,Sep 13  2016,1.1416169413564023
1115,Sep 12  2016,1.1500384144093592
1116,Sep 11  2016,1.2095615530040416
1117,Sep 10  2016,1.219148629646083
1118,Sep 09  2016,1.21221657360378
1119,Sep 08  2016,1.19285090681854
1120,Sep 07  2016,1.1862836146416924
1121,Sep 06  2016,1.2014793917676867
1122,Sep 05  2016,1.2049392817294944
1123,Sep 04  2016,1.1876371755143478
1124,Sep 03  2016,1.1350304501802377
1125,Sep 02  2016,1.197017911197795
1126,Sep 01  2016,1.202611805144595
1127,Aug 31  2016,1.2108222693080866
1128,Aug 30  2016,1.2233567612669207
1129,Aug 29  2016,1.229911506710504
1130,Aug 28  2016,1.1935684572006844
1131,Aug 27  2016,1.220790693205093
1132,Aug 26  2016,1.2195569904545396
1133,Aug 25  2016,1.2368465495020529
1134,Aug 24  2016,1.1867411614510013
1135,Aug 23  2016,1.228398777723517
1136,Aug 22  2016,1.2472381920959608
1137,Aug 21  2016,1.2836272310609658
1138,Aug 20  2016,1.292272733505307
1139,Aug 19  2016,1.2845016326229564
1140,Aug 18  2016,1.3097915697029214
1141,Aug 17  2016,1.3010342998844235
1142,Aug 16  2016,1.2735860405849257
1143,Aug 15  2016,1.3067485818348363
1144,Aug 14  2016,1.4174072856576603
1145,Aug 13  2016,1.4139615153506273
1146,Aug 12  2016,1.3322881370555077
1147,Aug 11  2016,1.254544411821596
1148,Aug 10  2016,1.2621639338707937
1149,Aug 09  2016,1.2239069952237687
1150,Aug 08  2016,1.212141874379097
1151,Aug 07  2016,1.2817255716884677
1152,Aug 06  2016,1.2952081268683686
1153,Aug 05  2016,1.2952494009879403
1154,Aug 04  2016,1.2531264534744952
1155,Aug 03  2016,1.2013505472684989
1156,Aug 02  2016,1.3767069350248677
1157,Aug 01  2016,1.45556508707707
1158,Jul 31  2016,1.4021967313389567
1159,Jul 30  2016,1.350731102416783
1160,Jul 29  2016,1.342378881057227
1161,Jul 28  2016,1.356368610472196
1162,Jul 27  2016,1.3459330223588988
1163,Jul 26  2016,1.5014908436273577
1164,Jul 25  2016,1.37086340805821
1165,Jul 24  2016,1.5146026032299658
1166,Jul 23  2016,1.38380900080386
1167,Jul 22  2016,1.408455193658008
1168,Jul 21  2016,1.3656617099337438
1169,Jul 20  2016,1.438424200234613
1170,Jul 19  2016,1.4262318505583276
1171,Jul 18  2016,1.495034795873775
1172,Jul 17  2016,1.3989108816878353
1173,Jul 16  2016,1.5166623302427393
1174,Jul 15  2016,1.504621138145521
1175,Jul 14  2016,1.3927090357914582
1176,Jul 13  2016,1.3740007728493697
1177,Jul 12  2016,1.4096816015521696
1178,Jul 11  2016,1.4479926033894022
1179,Jul 10  2016,1.3723458033280918
1180,Jul 09  2016,1.533402458794548
1181,Jul 08  2016,1.3857242997261403
1182,Jul 07  2016,1.580486809726122
1183,Jul 06  2016,1.6749099657091613
1184,Jul 05  2016,1.6762747333363055
1185,Jul 04  2016,1.752485919756383
1186,Jul 03  2016,1.7932431510104807
1187,Jul 02  2016,1.7297360776806725
1188,Jul 01  2016,1.8319473876646604
1189,Jun 30  2016,1.747952504625574
1190,Jun 29  2016,1.6656756985279886
1191,Jun 28  2016,1.6082252306169844
1192,Jun 27  2016,1.2638026772339253
1193,Jun 26  2016,1.3924626563981692
1194,Jun 25  2016,1.3470403650808047
1195,Jun 24  2016,1.3076151244659588
1196,Jun 23  2016,1.342030199903942
1197,Jun 22  2016,1.443601430754358
1198,Jun 21  2016,1.6560172707161622
1199,Jun 20  2016,1.6174907413529422
1200,Jun 19  2016,1.5918332269712607
1201,Jun 18  2016,1.4371405649443834
1202,Jun 17  2016,1.662932668412862
1203,Jun 16  2016,1.3335969824326916
1204,Jun 15  2016,1.2192163815318453
1205,Jun 14  2016,1.2011172828943748
1206,Jun 13  2016,1.1757813834003366
1207,Jun 12  2016,1.22100012973986
1208,Jun 11  2016,1.250249523003117
1209,Jun 10  2016,1.2563047823636033
1210,Jun 09  2016,1.2500338860412576
1211,Jun 08  2016,1.2683519272336339
1212,Jun 07  2016,1.25561232014106
1213,Jun 06  2016,1.232245049911458
1214,Jun 05  2016,1.309858777625917
1215,Jun 04  2016,1.3160425412555417
1216,Jun 03  2016,1.3717420743144753
1217,Jun 02  2016,1.3502459582301156
1218,Jun 01  2016,1.160556215479646
1219,May 31  2016,1.1554232820798391
1220,May 30  2016,1.1054315657598526
1221,May 29  2016,1.189203599860157
1222,May 28  2016,1.0283139446873524
1223,May 27  2016,1.0072048973733423
1224,May 26  2016,1.0202551758774012
1225,May 25  2016,1.0771535286362985
1226,May 24  2016,1.1869445837982917
1227,May 23  2016,1.1354846758544048
1228,May 22  2016,1.1880131438141617
1229,May 21  2016,1.1524762980301262
1230,May 20  2016,1.2299549811212873
1231,May 19  2016,1.2616654138545518
1232,May 18  2016,1.363213434849883
1233,May 17  2016,1.5903547467554064
1234,May 16  2016,1.114718601690986
1235,May 15  2016,1.0011498221799122
1236,May 14  2016,0.950772414934752
1237,May 13  2016,0.9548681621889306
1238,May 12  2016,1.0387824407231239
1239,May 11  2016,1.0850611820149056
1240,May 10  2016,1.106798726330726
1241,May 09  2016,1.1369418488126524
1242,May 08  2016,1.2277751611731227
1243,May 07  2016,1.1840108278694443
1244,May 06  2016,1.1693203467418372
1245,May 05  2016,1.162779266011167
1246,May 04  2016,1.2708370733063974
1247,May 03  2016,1.1701365997028341
1248,May 02  2016,1.1834926705611626
1249,May 01  2016,1.2063550350382666
1250,Apr 30  2016,1.1710790371196678
1251,Apr 29  2016,1.1421080934958008
1252,Apr 28  2016,1.130073942412828
1253,Apr 27  2016,1.192828814820584
1254,Apr 26  2016,1.210895751005967
1255,Apr 25  2016,1.2004771219828507
1256,Apr 24  2016,1.2040952573897108
1257,Apr 23  2016,1.1928861109991937
1258,Apr 22  2016,1.193162610612708
1259,Apr 21  2016,1.1685854078337594
1260,Apr 20  2016,1.1245750772562497
1261,Apr 19  2016,1.2578046070151012
1262,Apr 18  2016,1.0511265463904593
1263,Apr 17  2016,1.0151458354515057
1264,Apr 16  2016,0.99291996028795
1265,Apr 15  2016,1.0811102058559254
1266,Apr 14  2016,1.1026692393408106
1267,Apr 13  2016,1.1730316522943127
1268,Apr 12  2016,1.1347003000679041
1269,Apr 11  2016,1.1114082528322222
1270,Apr 10  2016,1.180811694226961
1271,Apr 09  2016,1.3011623170897337
1272,Apr 08  2016,1.311267986994744
1273,Apr 07  2016,1.3309400866259922
1274,Apr 06  2016,1.3811295424543217
1275,Apr 05  2016,1.369270848674113
1276,Apr 04  2016,1.481937478326906
1277,Apr 03  2016,1.509278372277455
1278,Apr 02  2016,1.4418680557816637
1279,Apr 01  2016,1.447049639730399
1280,Mar 31  2016,1.639301850341874
1281,Mar 30  2016,1.6280842059229548
1282,Mar 29  2016,1.5304528868003293
1283,Mar 28  2016,1.5998749410269235
1284,Mar 27  2016,1.782424986856958
1285,Mar 26  2016,1.6220393490781182
1286,Mar 25  2016,1.491256925184093
1287,Mar 24  2016,1.5609992093117098
1288,Mar 23  2016,1.6527125262103048
1289,Mar 22  2016,1.7031678961566175
1290,Mar 21  2016,1.693759046226693
1291,Mar 20  2016,1.8435723047970993
1292,Mar 19  2016,1.9431551382415801
1293,Mar 18  2016,2.0340567787511867
1294,Mar 17  2016,2.0972041103161114
1295,Mar 16  2016,1.9156634702626267
1296,Mar 15  2016,1.9196812323023265
1297,Mar 14  2016,1.8517068355575037
1298,Mar 13  2016,1.8198238413544052
1299,Mar 12  2016,1.78805857417161
1300,Mar 11  2016,1.771219731260945
1301,Mar 10  2016,1.8915636938969287
1302,Mar 09  2016,1.8951364332768676
1303,Mar 08  2016,1.7213412769504917
1304,Mar 07  2016,1.5909259393408237
1305,Mar 06  2016,1.2515991855347548
1306,Mar 05  2016,1.2635945723248299
1307,Mar 04  2016,1.1939070196729138
1308,Mar 03  2016,1.2418645856694974
1309,Mar 02  2016,1.2511771319389888
1310,Mar 01  2016,1.592994833865231
1311,Feb 29  2016,1.8842335230430425
1312,Feb 28  2016,1.8016211252274932
1313,Feb 27  2016,2.003823572818392
1314,Feb 26  2016,1.9900184021769372
1315,Feb 25  2016,2.1385172820823097
1316,Feb 24  2016,1.607933031056101
1317,Feb 23  2016,1.3203491183071518
1318,Feb 22  2016,1.2116070457729944
1319,Feb 21  2016,0.016612000000000002
1320,Feb 20  2016,0.015569
1321,Feb 19  2016,0.010986000000000001
1322,Feb 18  2016,0.013406
1323,Feb 17  2016,0.012631999999999999
1324,Feb 16  2016,0.016436000000000003
1325,Feb 15  2016,0.010054
1326,Feb 14  2016,0.010995999999999999
1327,Feb 13  2016,0.009914
1328,Feb 12  2016,0.009636
1329,Feb 11  2016,0.010476000000000001
1330,Feb 10  2016,0.009040000000000001
1331,Feb 09  2016,0.007902
1332,Feb 08  2016,0.007932
1333,Feb 07  2016,0.008577
1334,Feb 06  2016,0.008837000000000001
1335,Feb 05  2016,0.00891
1336,Feb 04  2016,0.010196
1337,Feb 03  2016,0.010354
1338,Feb 02  2016,0.009461
1339,Feb 01  2016,0.010318
1340,Jan 31  2016,0.009581000000000001
1341,Jan 30  2016,0.008675
1342,Jan 29  2016,0.009175999999999998
1343,Jan 28  2016,0.0107
1344,Jan 27  2016,0.008831
1345,Jan 26  2016,0.014446999999999998
1346,Jan 25  2016,0.022316999999999997
1347,Jan 24  2016,0.022428
1348,Jan 23  2016,0.018359999999999998
1349,Jan 22  2016,0.017613
1350,Jan 21  2016,0.017872
1351,Jan 20  2016,0.014780000000000001
1352,Jan 19  2016,0.011356
1353,Jan 18  2016,0.008411
1354,Jan 17  2016,0.008448
1355,Jan 16  2016,0.00592
1356,Jan 15  2016,0.009036
1357,Jan 14  2016,0.007783
1358,Jan 13  2016,0.007842
1359,Jan 12  2016,0.008072
1360,Jan 11  2016,0.005824
1361,Jan 10  2016,0.0058189999999999995
1362,Jan 09  2016,0.0061189999999999994
1363,Jan 08  2016,0.005043
1364,Jan 07  2016,0.004304
1365,Jan 06  2016,0.006389
1366,Jan 05  2016,0.007673999999999999
1367,Jan 04  2016,0.00473
1368,Jan 03  2016,0.006242
1369,Jan 02  2016,0.006307
1370,Jan 01  2016,0.006924
1371,Dec 31  2015,0.005972999999999999
1372,Dec 30  2015,0.006101
1373,Dec 29  2015,0.005940999999999999
1374,Dec 28  2015,0.005949
1375,Dec 27  2015,0.007640000000000002
1376,Dec 26  2015,0.006429000000000001
1377,Dec 25  2015,0.00637
1378,Dec 24  2015,0.007698000000000001
1379,Dec 23  2015,0.007858
1380,Dec 22  2015,0.006035999999999999
1381,Dec 21  2015,0.0062369999999999995
1382,Dec 20  2015,0.006644000000000001
1383,Dec 19  2015,0.006027
1384,Dec 18  2015,0.005067
1385,Dec 17  2015,0.006856
1386,Dec 16  2015,0.0073430000000000014
1387,Dec 15  2015,0.00533
1388,Dec 14  2015,0.008206999999999999
1389,Dec 13  2015,0.005895
1390,Dec 12  2015,0.005875
1391,Dec 11  2015,0.008721
1392,Dec 10  2015,0.006263
1393,Dec 09  2015,0.0054399999999999995
1394,Dec 08  2015,0.006131
1395,Dec 07  2015,0.005443
1396,Dec 06  2015,0.0065969999999999996
1397,Dec 05  2015,0.005448
1398,Dec 04  2015,0.004914
1399,Dec 03  2015,0.004673
1400,Dec 02  2015,0.0068
1401,Dec 01  2015,0.0075840000000000005
1402,Nov 30  2015,0.007462999999999999
1403,Nov 29  2015,0.008935
1404,Nov 28  2015,0.011457
1405,Nov 27  2015,0.011603
1406,Nov 26  2015,0.011136
1407,Nov 25  2015,0.010859
1408,Nov 24  2015,0.010967
1409,Nov 23  2015,0.011015
1410,Nov 22  2015,0.011096
1411,Nov 21  2015,0.010936
1412,Nov 20  2015,0.011076
1413,Nov 19  2015,0.010704
1414,Nov 18  2015,0.010043
1415,Nov 17  2015,0.009913
1416,Nov 16  2015,0.009602
1417,Nov 15  2015,0.006908
1418,Nov 14  2015,0.007311
1419,Nov 13  2015,0.010817
1420,Nov 12  2015,0.010568000000000001
1421,Nov 11  2015,0.010108
1422,Nov 10  2015,0.009548000000000001
1423,Nov 09  2015,0.009036
1424,Nov 08  2015,0.013129
1425,Nov 07  2015,0.012717000000000003
1426,Nov 06  2015,0.00967
1427,Nov 05  2015,0.013981
1428,Nov 04  2015,0.015685
1429,Nov 03  2015,0.011204
1430,Nov 02  2015,0.009115
1431,Nov 01  2015,0.012502
1432,Oct 31  2015,0.012789
1433,Oct 30  2015,0.011923
1434,Oct 29  2015,0.010624
1435,Oct 28  2015,0.011302
1436,Oct 27  2015,0.009095
1437,Oct 26  2015,0.010156
1438,Oct 25  2015,0.011315
1439,Oct 24  2015,0.009124
1440,Oct 23  2015,0.010684
1441,Oct 22  2015,0.008256999999999999
1442,Oct 21  2015,0.010646
1443,Oct 20  2015,0.008167
1444,Oct 19  2015,0.01045
1445,Oct 18  2015,0.010444
1446,Oct 17  2015,0.007886
1447,Oct 16  2015,0.007886
1448,Oct 15  2015,0.0075650000000000005
1449,Oct 14  2015,0.007989
1450,Oct 13  2015,0.010303
1451,Oct 12  2015,0.010833
1452,Oct 11  2015,0.01091
1453,Oct 10  2015,0.011001
1454,Oct 09  2015,0.009029
1455,Oct 08  2015,0.011023999999999999
1456,Oct 07  2015,0.011257
1457,Oct 06  2015,0.009715999999999999
1458,Oct 05  2015,0.011103
1459,Oct 04  2015,0.008598999999999999
1460,Oct 03  2015,0.011863999999999998
1461,Oct 02  2015,0.012570999999999999
1462,Oct 01  2015,0.011801
1463,Sep 30  2015,0.013369999999999998
1464,Sep 29  2015,0.009738
1465,Sep 28  2015,0.00932
1466,Sep 27  2015,0.009385
1467,Sep 26  2015,0.010759999999999999
1468,Sep 25  2015,0.012193
1469,Sep 24  2015,0.012088
1470,Sep 23  2015,0.012078
1471,Sep 22  2015,0.011908
1472,Sep 21  2015,0.011401999999999999
1473,Sep 20  2015,0.011572
1474,Sep 19  2015,0.012422
1475,Sep 18  2015,0.008181
1476,Sep 17  2015,0.008133
1477,Sep 16  2015,0.010364
1478,Sep 15  2015,0.010189
1479,Sep 14  2015,0.013600000000000001
1480,Sep 13  2015,0.012481
1481,Sep 12  2015,0.010925
1482,Sep 11  2015,0.014309
1483,Sep 10  2015,0.014385
1484,Sep 09  2015,0.018090000000000002
1485,Sep 08  2015,0.017287999999999998
1486,Sep 07  2015,0.017268000000000002
1487,Sep 06  2015,0.01718
1488,Sep 05  2015,0.017491
1489,Sep 04  2015,0.014819
1490,Sep 03  2015,0.015821
1491,Sep 02  2015,0.016155000000000003
1492,Sep 01  2015,0.017484
1493,Aug 31  2015,0.015556
1494,Aug 30  2015,0.016489
1495,Aug 29  2015,0.018468000000000002
1496,Aug 28  2015,0.016635
1497,Aug 27  2015,0.01577
1498,Aug 26  2015,0.011085000000000001
1499,Aug 25  2015,0.012631999999999999
1500,Aug 24  2015,0.013812999999999999
1501,Aug 23  2015,0.012213
1502,Aug 22  2015,0.013487
1503,Aug 21  2015,0.014413
1504,Aug 20  2015,0.018067
1505,Aug 19  2015,0.014353
1506,Aug 18  2015,0.017555
1507,Aug 17  2015,0.020807
1508,Aug 16  2015,0.021834
1509,Aug 15  2015,0.018331999999999998
1510,Aug 14  2015,0.019014
1511,Aug 13  2015,0.02131
1512,Aug 12  2015,0.021634
1513,Aug 11  2015,0.020076
1514,Aug 10  2015,0.015905000000000002
1515,Aug 09  2015,0.013032000000000002
1516,Aug 08  2015,0.010764
1517,Aug 07  2015,0.011056999999999999
1518,Aug 06  2015,0.011275
1519,Aug 05  2015,0.010767
1520,Aug 04  2015,0.012655
1521,Aug 03  2015,0.014131999999999999
1522,Aug 02  2015,0.016896
1523,Aug 01  2015,0.014901
1524,Jul 31  2015,0.014674000000000001
1525,Jul 30  2015,0.011795
1526,Jul 29  2015,0.015775
1527,Jul 28  2015,0.016261
1528,Jul 27  2015,0.012878
1529,Jul 26  2015,0.016741
1530,Jul 25  2015,0.018228
1531,Jul 24  2015,0.017049
1532,Jul 23  2015,0.015208000000000001
1533,Jul 22  2015,0.020412
1534,Jul 21  2015,0.020656
1535,Jul 20  2015,0.023249000000000002
1536,Jul 19  2015,0.021154
1537,Jul 18  2015,0.018445
1538,Jul 17  2015,0.021412999999999998
1539,Jul 16  2015,0.01788
1540,Jul 15  2015,0.031043
1541,Jul 14  2015,0.020444
1542,Jul 13  2015,0.018704
1543,Jul 12  2015,0.022864
1544,Jul 11  2015,0.036233
1545,Jul 10  2015,0.029865
1546,Jul 09  2015,0.035286
1547,Jul 08  2015,0.030081
1548,Jul 07  2015,0.038668
1549,Jul 06  2015,0.03536
1550,Jul 05  2015,0.033915
1551,Jul 04  2015,0.034605000000000004
1552,Jul 03  2015,0.033208999999999995
1553,Jul 02  2015,0.033362
1554,Jul 01  2015,0.031561
1555,Jun 30  2015,0.030397999999999998
1556,Jun 29  2015,0.031074
1557,Jun 28  2015,0.031311
1558,Jun 27  2015,0.026907
1559,Jun 26  2015,0.030112
1560,Jun 25  2015,0.033119
1561,Jun 24  2015,0.034126
1562,Jun 23  2015,0.034737
1563,Jun 22  2015,0.029305
1564,Jun 21  2015,0.034205
1565,Jun 20  2015,0.032471
1566,Jun 19  2015,0.037462999999999996
1567,Jun 18  2015,0.032409
1568,Jun 17  2015,0.047359
1569,Jun 16  2015,0.049686
1570,Jun 15  2015,0.040454000000000004
1571,Jun 14  2015,0.023245
1572,Jun 13  2015,0.018401
1573,Jun 12  2015,0.023239
1574,Jun 11  2015,0.029741999999999998
1575,Jun 10  2015,0.042082999999999995
1576,Jun 09  2015,0.042725
1577,Jun 08  2015,0.042316
1578,Jun 07  2015,0.042868
1579,Jun 06  2015,0.051953
1580,Jun 05  2015,0.053479
1581,Jun 04  2015,0.05336900000000001
1582,Jun 03  2015,0.043417000000000004
1583,Jun 02  2015,0.034554
1584,Jun 01  2015,0.042712
1585,May 31  2015,0.05873099999999999
1586,May 30  2015,0.069825
1587,May 29  2015,0.07122200000000001
1588,May 28  2015,0.073558
1589,May 27  2015,0.071135
1590,May 26  2015,0.068762
1591,May 25  2015,0.071746
1592,May 24  2015,0.088022
1593,May 23  2015,0.088905
1594,May 22  2015,0.077664
1595,May 21  2015,0.07979800000000001
1596,May 20  2015,0.051021
1597,May 19  2015,0.043828
1598,May 18  2015,0.043802
1599,May 17  2015,0.039674
1600,May 16  2015,0.040358
1601,May 15  2015,0.035026
1602,May 14  2015,0.025800999999999998
1603,May 13  2015,0.024713999999999996
1604,May 12  2015,0.024288
1605,May 11  2015,0.024222
1606,May 10  2015,0.024425
1607,May 09  2015,0.021925999999999998
1608,May 08  2015,0.02112
1609,May 07  2015,0.020013999999999997
1610,May 06  2015,0.019126
1611,May 05  2015,0.019121
1612,May 04  2015,0.020649
1613,May 03  2015,0.018793999999999998
1614,May 02  2015,0.020409
1615,May 01  2015,0.020816
1616,Apr 30  2015,0.020092
1617,Apr 29  2015,0.020092
1618,Apr 28  2015,0.019255
1619,Apr 27  2015,0.0197
1620,Apr 26  2015,0.02033
1621,Apr 25  2015,0.0208
1622,Apr 24  2015,0.023405000000000002
1623,Apr 23  2015,0.021075999999999998
1624,Apr 22  2015,0.014916
1625,Apr 21  2015,0.016341
1626,Apr 20  2015,0.014469000000000001
1627,Apr 19  2015,0.017415
1628,Apr 18  2015,0.016952000000000002
1629,Apr 17  2015,0.017599
1630,Apr 16  2015,0.014213
1631,Apr 15  2015,0.012823000000000001
1632,Apr 14  2015,0.012015000000000001
1633,Apr 13  2015,0.0124
1634,Apr 12  2015,0.012535
1635,Apr 11  2015,0.012622
1636,Apr 10  2015,0.011209
1637,Apr 09  2015,0.010379000000000001
1638,Apr 08  2015,0.011365
1639,Apr 07  2015,0.010475
1640,Apr 06  2015,0.010426000000000001
1641,Apr 05  2015,0.010148
1642,Apr 04  2015,0.010936
1643,Apr 03  2015,0.011385
1644,Apr 02  2015,0.010484
1645,Apr 01  2015,0.010348
1646,Mar 31  2015,0.011068000000000001
1647,Mar 30  2015,0.010898
1648,Mar 29  2015,0.008886
1649,Mar 28  2015,0.008641
1650,Mar 27  2015,0.006684000000000001
1651,Mar 26  2015,0.006409000000000001
1652,Mar 25  2015,0.005754
1653,Mar 24  2015,0.006874
1654,Mar 23  2015,0.006364
1655,Mar 22  2015,0.006233
1656,Mar 21  2015,0.007198
1657,Mar 20  2015,0.006914999999999999
1658,Mar 19  2015,0.0058920000000000005
1659,Mar 18  2015,0.006007
1660,Mar 17  2015,0.006623
1661,Mar 16  2015,0.006527
1662,Mar 15  2015,0.006000999999999999
1663,Mar 14  2015,0.006534000000000001
1664,Mar 13  2015,0.0071790000000000005
1665,Mar 12  2015,0.006817
1666,Mar 11  2015,0.0064189999999999985
1667,Mar 10  2015,0.006706999999999999
1668,Mar 09  2015,0.006392
1669,Mar 08  2015,0.0042899999999999995
1670,Mar 07  2015,0.0065450000000000005
1671,Mar 06  2015,0.00675
1672,Mar 05  2015,0.005983
1673,Mar 04  2015,0.006195
1674,Mar 03  2015,0.0055130000000000005
1675,Mar 02  2015,0.005411
1676,Mar 01  2015,0.00506
1677,Feb 28  2015,0.005051
1678,Feb 27  2015,0.003783
1679,Feb 26  2015,0.004944
1680,Feb 25  2015,0.004536
1681,Feb 24  2015,0.004775
1682,Feb 23  2015,0.004717
1683,Feb 22  2015,0.004888
1684,Feb 21  2015,0.004876
1685,Feb 20  2015,0.004782
1686,Feb 19  2015,0.003443
1687,Feb 18  2015,0.0029230000000000003
1688,Feb 17  2015,0.005603
1689,Feb 16  2015,0.002348
1690,Feb 15  2015,0.004582999999999999
1691,Feb 14  2015,0.005386999999999999
1692,Feb 13  2015,0.005101
1693,Feb 12  2015,0.0050409999999999995
1694,Feb 11  2015,0.005056000000000001
1695,Feb 10  2015,0.0052829999999999995
1696,Feb 09  2015,0.004693
1697,Feb 08  2015,0.004927
1698,Feb 07  2015,0.005334
1699,Feb 06  2015,0.005202
1700,Feb 05  2015,0.005659
1701,Feb 04  2015,0.005568
1702,Feb 03  2015,0.005598
1703,Feb 02  2015,0.005549
1704,Feb 01  2015,0.005422
1705,Jan 31  2015,0.005661
1706,Jan 30  2015,0.0058189999999999995
1707,Jan 29  2015,0.004982
1708,Jan 28  2015,0.006581
1709,Jan 27  2015,0.0068239999999999985
1710,Jan 26  2015,0.006732999999999999
1711,Jan 25  2015,0.006131999999999999
1712,Jan 24  2015,0.005189
1713,Jan 23  2015,0.005371
1714,Jan 22  2015,0.005582999999999999
1715,Jan 21  2015,0.005811
1716,Jan 20  2015,0.0051270000000000005
1717,Jan 19  2015,0.0034770000000000005
1718,Jan 18  2015,0.003321
1719,Jan 17  2015,0.004468
1720,Jan 16  2015,0.005331
1721,Jan 15  2015,0.0038530000000000005
1722,Jan 14  2015,0.003806
1723,Jan 13  2015,0.003
1724,Jan 12  2015,0.0036249999999999998
1725,Jan 11  2015,0.004116
1726,Jan 10  2015,0.003496
1727,Jan 09  2015,0.003953
1728,Jan 08  2015,0.005141
1729,Jan 07  2015,0.00658
1730,Jan 06  2015,0.004668
1731,Jan 05  2015,0.004772
1732,Jan 04  2015,0.005654
1733,Jan 03  2015,0.003936
1734,Jan 02  2015,0.0037719999999999997
1735,Jan 01  2015,0.003909
1736,Dec 31  2014,0.004664
1737,Dec 30  2014,0.0050030000000000005
1738,Dec 29  2014,0.005534000000000001
1739,Dec 28  2014,0.0045119999999999995
1740,Dec 27  2014,0.005896
1741,Dec 26  2014,0.006559000000000001
1742,Dec 25  2014,0.006439
1743,Dec 24  2014,0.0068070000000000006
1744,Dec 23  2014,0.006023
1745,Dec 22  2014,0.006742000000000001
1746,Dec 21  2014,0.008447
1747,Dec 20  2014,0.007600000000000001
1748,Dec 19  2014,0.008508
1749,Dec 18  2014,0.008775
1750,Dec 17  2014,0.00674
1751,Dec 16  2014,0.010011
1752,Dec 15  2014,0.008988
1753,Dec 14  2014,0.009639000000000002
1754,Dec 13  2014,0.009243000000000001
1755,Dec 12  2014,0.008773999999999999
1756,Dec 11  2014,0.008608
1757,Dec 10  2014,0.008805
1758,Dec 09  2014,0.009047
1759,Dec 08  2014,0.007495999999999999
1760,Dec 07  2014,0.008059
1761,Dec 06  2014,0.009042
1762,Dec 05  2014,0.007441
1763,Dec 04  2014,0.007514
1764,Dec 03  2014,0.007548999999999999
1765,Dec 01  2014,0.0075650000000000005
1766,Nov 30  2014,0.007509999999999999
1767,Nov 29  2014,0.006197
1768,Oct 02  2014,0.005718
1769,Oct 01  2014,0.004843
1770,Sep 30  2014,0.0045130000000000005
1771,Sep 29  2014,0.004806
1772,Sep 28  2014,0.005353
1773,Sep 27  2014,0.005488
1774,Sep 26  2014,0.0053490000000000005
1775,Sep 25  2014,0.0055049999999999995
1776,Sep 24  2014,0.005103
1777,Sep 23  2014,0.005489
1778,Sep 22  2014,0.005069
1779,Sep 21  2014,0.004085
1780,Sep 20  2014,0.00491
1781,Sep 19  2014,0.0061200000000000004
1782,Sep 18  2014,0.006168
1783,Sep 17  2014,0.0051340000000000005
1784,Sep 16  2014,0.004136
1785,Sep 15  2014,0.003636
1786,Sep 14  2014,0.003961999999999999
1787,Sep 13  2014,0.003349000000000001
1788,Sep 12  2014,0.004
1789,Sep 11  2014,0.004067
1790,Sep 10  2014,0.003604
1791,Sep 09  2014,0.0035659999999999997
1792,Sep 08  2014,0.004837
1793,Sep 07  2014,0.0024260000000000006
1794,Sep 06  2014,0.002364
1795,Sep 05  2014,0.001959
1796,Sep 04  2014,0.0016
1797,Sep 03  2014,0.001526
1798,Sep 02  2014,0.0017699999999999997
1799,Sep 01  2014,0.001099
1800,Aug 31  2014,0.0009350000000000001
1801,Aug 30  2014,0.0008390000000000001
1802,Aug 29  2014,0.0008289999999999999
1803,Aug 28  2014,0.0009199999999999999
1804,Aug 27  2014,0.0007679999999999999
1805,Aug 26  2014,0.000754
1806,Aug 25  2014,0.000508
1807,Aug 24  2014,0.0006730000000000001
1808,Aug 23  2014,0.000601
1809,Aug 22  2014,0.0005639999999999999
1810,Aug 21  2014,0.00048
1811,Aug 20  2014,0.000291
1812,Aug 19  2014,0.000365
1813,Aug 18  2014,0.00037400000000000004
1814,Aug 17  2014,0.000426
1815,Aug 16  2014,0.000408
1816,Aug 15  2014,0.00045999999999999996
1817,Aug 14  2014,0.000481
1818,Aug 13  2014,0.000793
1819,Aug 12  2014,0.0005769999999999999
1820,Aug 11  2014,0.0008869999999999999
1821,Aug 10  2014,0.0007599999999999999
1822,Aug 09  2014,0.0007700000000000001
1823,Aug 08  2014,0.000677
1824,Aug 07  2014,0.0005200000000000001
1825,Aug 06  2014,0.0005269999999999999
1826,Aug 05  2014,0.000618
1827,Aug 04  2014,0.000522
1828,Aug 03  2014,0.000559
1829,Aug 02  2014,0.0004940000000000001
1830,Aug 01  2014,0.000586
1831,Jul 31  2014,0.000454
1832,Jul 30  2014,0.000468
1833,Jul 29  2014,0.00047400000000000003
1834,Jul 28  2014,0.000648
1835,Jul 27  2014,0.00044699999999999997
1836,Jul 26  2014,0.000481
1837,Jul 25  2014,0.000692
1838,Jul 24  2014,0.000551
1839,Jul 23  2014,0.0006210000000000001
1840,Jul 22  2014,0.000647
1841,Jul 21  2014,0.000817
1842,Jul 20  2014,0.001169
1843,Jul 19  2014,0.001353
1844,Jul 18  2014,0.0014
1845,Jul 17  2014,0.0017879999999999999
1846,Jul 16  2014,0.001449
1847,Jul 15  2014,0.001116
1848,Jul 14  2014,0.001253
1849,Jul 13  2014,0.000989
1850,Jul 12  2014,0.0009480000000000001
1851,Jul 11  2014,0.000999
1852,Jul 10  2014,0.0008750000000000001
1853,Jul 09  2014,0.0008320000000000001
1854,Jul 08  2014,0.000872
1855,Jul 07  2014,0.000953
1856,Jul 06  2014,0.0008210000000000001
1857,Jul 05  2014,0.000819
1858,Jul 04  2014,0.000787
1859,Jul 03  2014,0.0007160000000000001
1860,Jul 02  2014,0.000769
1861,Jul 01  2014,0.001145
1862,Jun 30  2014,0.0009339999999999999
1863,Jun 29  2014,0.0009539999999999999
1864,Jun 28  2014,0.001132
1865,Jun 27  2014,0.0010869999999999999
1866,Jun 26  2014,0.001048
1867,Jun 25  2014,0.0009429999999999999
1868,Jun 24  2014,0.00101
1869,Jun 23  2014,0.001024
1870,Jun 22  2014,0.000916
1871,Jun 21  2014,0.000883
1872,Jun 19  2014,0.0008210000000000001
1873,Jun 18  2014,0.001159
1874,Jun 17  2014,0.00122
1875,Jun 16  2014,0.00134
1876,Jun 15  2014,0.0011949999999999999
1877,Jun 14  2014,0.00105
1878,Jun 13  2014,0.001068
1879,Jun 12  2014,0.0010949999999999998
1880,Jun 11  2014,0.001058
1881,Jun 10  2014,0.0011099999999999999
1882,Jun 09  2014,0.001115
1883,Jun 08  2014,0.001179
1884,Jun 07  2014,0.001203
1885,Jun 06  2014,0.001127
1886,Jun 05  2014,0.001553
1887,Jun 04  2014,0.001609
1888,Jun 03  2014,0.001916
1889,Jun 02  2014,0.001865
1890,Jun 01  2014,0.001391
1891,May 31  2014,0.001784
1892,May 30  2014,0.001875
1893,May 29  2014,0.001604
1894,May 28  2014,0.0018239999999999999
1895,May 27  2014,0.002153
1896,May 26  2014,0.002172
1897,May 25  2014,0.0017280000000000004
1898,May 24  2014,0.001431
1899,May 23  2014,0.001836
1900,May 22  2014,0.0020210000000000002
1901,May 21  2014,0.002186
1902,May 20  2014,0.0017039999999999998
1903,May 19  2014,0.001946
1904,May 18  2014,0.001962
1905,May 17  2014,0.0018260000000000004
1906,May 16  2014,0.002426
1907,May 15  2014,0.002232
1908,May 14  2014,0.0029289999999999997
1909,May 13  2014,0.002898
1910,May 12  2014,0.003535
1911,May 11  2014,0.0037159999999999997
1912,May 10  2014,0.004671
1913,May 09  2014,0.005536999999999999
1914,May 08  2014,0.00238
1915,May 07  2014,0.002441
1916,May 06  2014,0.0019299999999999999
1917,May 05  2014,0.0023989999999999997
1918,May 04  2014,0.0022339999999999994
1919,May 03  2014,0.002912
1920,May 02  2014,0.002973
1921,May 01  2014,0.00335
1922,Apr 30  2014,0.0031219999999999998
1923,Apr 29  2014,0.0026899999999999997
1924,Apr 28  2014,0.0035340000000000002
1925,Apr 27  2014,0.0036630000000000005
1926,Apr 26  2014,0.004063000000000001
1927,Apr 25  2014,0.005057
1928,Apr 24  2014,0.006682
1929,Apr 23  2014,0.007879
1930,Apr 22  2014,0.00895
1931,Apr 21  2014,0.014605
1932,Apr 20  2014,0.013544
1933,Apr 19  2014,0.012322
1934,Apr 18  2014,0.017249
1935,Apr 17  2014,0.014812
1936,Apr 16  2014,0.007734
1937,Apr 15  2014,0.019211000000000002
1938,Apr 14  2014,0.024083999999999998
1939,Apr 13  2014,0.012616
1940,Apr 12  2014,0.007896
1941,Apr 11  2014,0.005283
1942,Apr 10  2014,0.010117000000000001
1943,Apr 09  2014,0.006188
1944,Apr 08  2014,0.003367
1945,Apr 07  2014,0.002893
1946,Apr 06  2014,0.002695
1947,Apr 05  2014,0.002239
1948,Apr 04  2014,0.002179
1949,Apr 03  2014,0.001846
1950,Apr 02  2014,0.0038740000000000007
1951,Apr 01  2014,0.0022890000000000002
1952,Mar 31  2014,0.00325
1953,Mar 30  2014,0.001483
1954,Mar 29  2014,0.00157
1955,Mar 28  2014,0.001026
1956,Mar 27  2014,0.0040950000000000005
1957,Mar 26  2014,0.004141
1958,Mar 25  2014,0.004854
1959,Mar 24  2014,0.004129
1960,Mar 23  2014,0.004526
1961,Mar 22  2014,0.002966
