,Date,weighted_Low
0,Oct 02  2019,16.805047392004976
1,Oct 01  2019,16.840918993092064
2,Sep 30  2019,16.101567859019042
3,Sep 29  2019,17.048151511248328
4,Sep 28  2019,17.210514098843486
5,Sep 27  2019,16.487493159876255
6,Sep 26  2019,16.05247034700448
7,Sep 25  2019,16.47463525622993
8,Sep 24  2019,17.512510343186584
9,Sep 23  2019,20.324124166164175
10,Sep 22  2019,21.61471632580097
11,Sep 21  2019,21.932969721166412
12,Sep 20  2019,22.28116598278722
13,Sep 19  2019,21.815423872226603
14,Sep 18  2019,21.71514487675105
15,Sep 17  2019,21.426227956225272
16,Sep 16  2019,21.485379614232425
17,Sep 15  2019,22.37582317144766
18,Sep 14  2019,22.632317085131817
19,Sep 13  2019,22.473440114009417
20,Sep 12  2019,21.72082768942575
21,Sep 11  2019,21.71580314314655
22,Sep 10  2019,22.327833053114226
23,Sep 09  2019,23.665870131976902
24,Sep 08  2019,23.8978703977012
25,Sep 07  2019,23.381363904515926
26,Sep 06  2019,23.49273955066364
27,Sep 05  2019,24.11971805071831
28,Sep 04  2019,24.39805959057691
29,Sep 03  2019,24.248594565384806
30,Sep 02  2019,23.222604150100196
31,Sep 01  2019,22.495985937003343
32,Aug 31  2019,22.302517065388162
33,Aug 30  2019,22.11593715817327
34,Aug 29  2019,21.697731709733926
35,Aug 28  2019,22.67815392692925
36,Aug 27  2019,23.410143804280477
37,Aug 26  2019,23.72381692996166
38,Aug 25  2019,23.781482254091422
39,Aug 24  2019,23.690701812206598
40,Aug 23  2019,24.064377864865655
41,Aug 22  2019,23.188344059486123
42,Aug 21  2019,23.532498441754857
43,Aug 20  2019,25.26185817772406
44,Aug 19  2019,24.85247463259262
45,Aug 18  2019,24.428147887227155
46,Aug 17  2019,24.193058671291503
47,Aug 16  2019,23.592032403763906
48,Aug 15  2019,23.251818623006386
49,Aug 14  2019,24.426920483225274
50,Aug 13  2019,25.392940994771433
51,Aug 12  2019,26.546687794431048
52,Aug 11  2019,25.986566111212017
53,Aug 10  2019,25.704152012089587
54,Aug 09  2019,25.56275953271614
55,Aug 08  2019,25.969408765283173
56,Aug 07  2019,29.34302835773693
57,Aug 06  2019,29.898536428163847
58,Aug 05  2019,27.81741336078967
59,Aug 04  2019,26.95976835228672
60,Aug 03  2019,27.25457974407853
61,Aug 02  2019,26.680024480330157
62,Aug 01  2019,25.961207812688702
63,Jul 31  2019,24.554498447863594
64,Jul 30  2019,24.42779841695483
65,Jul 29  2019,24.738637727935362
66,Jul 28  2019,24.31420438030858
67,Jul 27  2019,24.852632214135735
68,Jul 26  2019,25.689526608693697
69,Jul 25  2019,26.17294200004759
70,Jul 24  2019,26.07036438970926
71,Jul 23  2019,26.94767880454411
72,Jul 22  2019,27.630794615989892
73,Jul 21  2019,27.961851966376763
74,Jul 20  2019,27.935787863638367
75,Jul 19  2019,27.52976010672961
76,Jul 18  2019,25.717409281967967
77,Jul 17  2019,25.25837543506488
78,Jul 16  2019,25.468358105115215
79,Jul 15  2019,26.34872025630738
80,Jul 14  2019,27.254379385776197
81,Jul 13  2019,28.830603334506456
82,Jul 12  2019,28.806634299595192
83,Jul 11  2019,28.47519709090595
84,Jul 10  2019,30.681229506963533
85,Jul 09  2019,31.24354866136326
86,Jul 08  2019,29.687056588759997
87,Jul 07  2019,29.06182074311758
88,Jul 06  2019,28.675411506854566
89,Jul 05  2019,28.339758180213057
90,Jul 04  2019,29.674651689553613
91,Jul 03  2019,28.400932638917563
92,Jul 02  2019,25.63110182923608
93,Jul 01  2019,27.198973813921146
94,Jun 30  2019,29.192397583018742
95,Jun 29  2019,31.07752228044807
96,Jun 28  2019,29.472049585387285
97,Jun 27  2019,28.35071078355028
98,Jun 26  2019,30.509784431049063
99,Jun 25  2019,29.7978015261112
100,Jun 24  2019,30.864291206256553
101,Jun 23  2019,28.667913403742276
102,Jun 22  2019,27.7782618550833
103,Jun 21  2019,27.901243155466343
104,Jun 20  2019,26.19636095191175
105,Jun 19  2019,26.715708532618105
106,Jun 18  2019,27.30914908901797
107,Jun 17  2019,26.654425051509797
108,Jun 16  2019,26.11854501260927
109,Jun 15  2019,25.19598960494041
110,Jun 14  2019,23.734235818408457
111,Jun 13  2019,26.592198085813784
112,Jun 12  2019,26.123303419402568
113,Jun 11  2019,25.374639698991956
114,Jun 10  2019,24.788846025935932
115,Jun 09  2019,24.68927581438406
116,Jun 08  2019,24.69987903402714
117,Jun 07  2019,24.12935121061306
118,Jun 06  2019,23.283545357902373
119,Jun 05  2019,24.02292979737699
120,Jun 04  2019,23.577560362043513
121,Jun 03  2019,25.364648117339925
122,Jun 02  2019,26.855529400962183
123,Jun 01  2019,26.81023758852575
124,May 31  2019,25.841914565946666
125,May 30  2019,26.092270392461753
126,May 29  2019,26.002131961300133
127,May 28  2019,26.33594963427296
128,May 27  2019,26.582601378676635
129,May 26  2019,25.710143456964015
130,May 25  2019,26.396482633974617
131,May 24  2019,25.865655397463822
132,May 23  2019,24.48813895091188
133,May 22  2019,26.782794317834142
134,May 21  2019,27.271522190854494
135,May 20  2019,26.542969885203384
136,May 19  2019,27.290781207370724
137,May 18  2019,26.934698618609037
138,May 17  2019,25.663419599073084
139,May 16  2019,29.058944875516207
140,May 15  2019,27.113939089734753
141,May 14  2019,25.219472271847227
142,May 13  2019,25.287352014191576
143,May 12  2019,25.10677095584134
144,May 11  2019,24.010461937270748
145,May 10  2019,24.235184690490502
146,May 09  2019,24.04242915963646
147,May 08  2019,23.7535942115593
148,May 07  2019,24.312687715740417
149,May 06  2019,23.742713863426737
150,May 05  2019,24.14549076354528
151,May 04  2019,24.315953322818434
152,May 03  2019,23.43163397864394
153,May 02  2019,22.922333070861672
154,May 01  2019,22.377711377580773
155,Apr 30  2019,21.510559765835595
156,Apr 29  2019,21.68156840968678
157,Apr 28  2019,21.934220346245617
158,Apr 27  2019,21.51803464406159
159,Apr 26  2019,21.34585594826952
160,Apr 25  2019,21.480951851918082
161,Apr 24  2019,22.59147974293177
162,Apr 23  2019,23.8279744693907
163,Apr 22  2019,23.98833597763026
164,Apr 21  2019,23.627882215190006
165,Apr 20  2019,23.66137732490058
166,Apr 19  2019,23.47549280460175
167,Apr 18  2019,23.03533238123581
168,Apr 17  2019,23.088837641325387
169,Apr 16  2019,22.170984936752337
170,Apr 15  2019,22.739906461357897
171,Apr 14  2019,23.24177292360235
172,Apr 13  2019,22.914480927772217
173,Apr 12  2019,22.207165931896224
174,Apr 11  2019,21.63562524589074
175,Apr 10  2019,23.967803668365494
176,Apr 09  2019,24.10077339299592
177,Apr 08  2019,24.154427323785285
178,Apr 07  2019,23.78080381605945
179,Apr 06  2019,23.642306366027526
180,Apr 05  2019,22.221471883346506
181,Apr 04  2019,21.861782024415987
182,Apr 03  2019,21.982834067720162
183,Apr 02  2019,18.85846217470047
184,Apr 01  2019,18.84835294863551
185,Mar 31  2019,18.37463957165756
186,Mar 30  2019,18.139780492411102
187,Mar 29  2019,18.213476249899593
188,Mar 28  2019,18.29419437873434
189,Mar 27  2019,17.680772834333645
190,Mar 26  2019,17.31405030418355
191,Mar 25  2019,17.628789065953306
192,Mar 24  2019,17.536682585814905
193,Mar 23  2019,17.50173448347953
194,Mar 22  2019,17.173319716525278
195,Mar 21  2019,17.34271604216173
196,Mar 20  2019,17.654604880529273
197,Mar 19  2019,17.93921038170349
198,Mar 18  2019,17.874947117599824
199,Mar 17  2019,17.95360536639237
200,Mar 16  2019,18.01277637129495
201,Mar 15  2019,18.000923111614405
202,Mar 14  2019,17.262152123548624
203,Mar 13  2019,16.872314520193818
204,Mar 12  2019,15.68583265178926
205,Mar 11  2019,15.462499340073524
206,Mar 10  2019,15.748917421156928
207,Mar 09  2019,15.299563362459926
208,Mar 08  2019,15.250747309270235
209,Mar 07  2019,15.069033897562313
210,Mar 06  2019,15.85214881999072
211,Mar 05  2019,15.296386303708697
212,Mar 04  2019,15.036355036088516
213,Mar 03  2019,15.539067883363774
214,Mar 02  2019,15.701661477937876
215,Mar 01  2019,15.652001824699285
216,Feb 28  2019,15.677223518670848
217,Feb 27  2019,15.403364600692665
218,Feb 26  2019,15.399030710964912
219,Feb 25  2019,15.057281662468878
220,Feb 24  2019,15.095570407065352
221,Feb 23  2019,16.109944497793226
222,Feb 22  2019,15.745422745600038
223,Feb 21  2019,15.589555884337441
224,Feb 20  2019,16.08927089182533
225,Feb 19  2019,16.132892902302675
226,Feb 18  2019,15.839549803694823
227,Feb 17  2019,15.594054450296568
228,Feb 16  2019,15.601345162164408
229,Feb 15  2019,15.618499194406475
230,Feb 14  2019,15.612471834867602
231,Feb 13  2019,15.679822184849204
232,Feb 12  2019,15.550127975091124
233,Feb 11  2019,15.606491172797675
234,Feb 10  2019,15.41559231221398
235,Feb 09  2019,15.36957818172996
236,Feb 08  2019,14.194001546788977
237,Feb 07  2019,13.943799764791118
238,Feb 06  2019,13.903406520423554
239,Feb 05  2019,14.713011899930834
240,Feb 04  2019,14.697954759543252
241,Feb 03  2019,14.653197892307185
242,Feb 02  2019,14.75005167866728
243,Feb 01  2019,14.579165360837731
244,Jan 31  2019,14.702693309164841
245,Jan 30  2019,14.888487322681693
246,Jan 29  2019,14.726443112231593
247,Jan 28  2019,14.71467289418506
248,Jan 27  2019,15.79178259886813
249,Jan 26  2019,15.81136188184513
250,Jan 25  2019,15.861922128999865
251,Jan 24  2019,15.939905178993559
252,Jan 23  2019,15.973759340342683
253,Jan 22  2019,15.595830709182554
254,Jan 21  2019,15.529987880538904
255,Jan 20  2019,15.381333791154747
256,Jan 19  2019,15.842305702642964
257,Jan 18  2019,15.660865256199854
258,Jan 17  2019,15.517797789120442
259,Jan 16  2019,15.217244568265942
260,Jan 15  2019,15.248027752853984
261,Jan 14  2019,14.596033178915295
262,Jan 13  2019,15.239560112944828
263,Jan 12  2019,15.61175223340506
264,Jan 11  2019,15.419225883821222
265,Jan 10  2019,15.201628772672121
266,Jan 09  2019,17.254934852202283
267,Jan 08  2019,17.186913224234523
268,Jan 07  2019,17.667606939843655
269,Jan 06  2019,17.36621148258779
270,Jan 05  2019,17.306148242011147
271,Jan 04  2019,16.81247262773667
272,Jan 03  2019,17.017193295137954
273,Jan 02  2019,16.35173133474486
274,Jan 01  2019,15.517577840760511
275,Dec 31  2018,15.526131538517895
276,Dec 30  2018,17.000818370386273
277,Dec 29  2018,17.14832918170746
278,Dec 28  2018,15.298811586411055
279,Dec 27  2018,15.358111913980153
280,Dec 26  2018,16.420592034309514
281,Dec 25  2018,16.08537546241873
282,Dec 24  2018,18.017598493519497
283,Dec 23  2018,17.700580671073503
284,Dec 22  2018,16.904483161288262
285,Dec 21  2018,16.955000056317157
286,Dec 20  2018,16.57841054770962
287,Dec 19  2018,17.025984966369776
288,Dec 18  2018,15.078958696886566
289,Dec 17  2018,14.097503580739671
290,Dec 16  2018,13.6581039047809
291,Dec 15  2018,13.523528270327251
292,Dec 14  2018,13.463209440614442
293,Dec 13  2018,13.256431409334763
294,Dec 12  2018,13.509065407894266
295,Dec 11  2018,13.573576888646553
296,Dec 10  2018,14.580533052384254
297,Dec 09  2018,15.89312646509374
298,Dec 08  2018,15.414334377492311
299,Dec 07  2018,14.69482027967857
300,Dec 06  2018,17.102805092018674
301,Dec 05  2018,17.542737106067182
302,Dec 04  2018,17.973915293274935
303,Dec 03  2018,17.890685878101607
304,Dec 02  2018,19.180396801422173
305,Dec 01  2018,18.455198999793545
306,Nov 30  2018,18.302544657586118
307,Nov 29  2018,19.85784801677495
308,Nov 28  2018,18.809782875264556
309,Nov 27  2018,18.063232768786765
310,Nov 26  2018,17.843750609567767
311,Nov 25  2018,17.553666014067375
312,Nov 24  2018,18.861410785581633
313,Nov 23  2018,21.165274185926197
314,Nov 22  2018,22.864003688464237
315,Nov 21  2018,22.255266117256237
316,Nov 20  2018,21.13584641370244
317,Nov 19  2018,24.65014235561801
318,Nov 18  2018,31.073929213590386
319,Nov 17  2018,30.650795865803264
320,Nov 16  2018,30.564236554674117
321,Nov 15  2018,30.587688621201455
322,Nov 14  2018,32.18214215835967
323,Nov 13  2018,36.855850632209055
324,Nov 12  2018,36.96095014924589
325,Nov 11  2018,36.89694912919712
326,Nov 10  2018,37.52364088248615
327,Nov 09  2018,37.23772068131137
328,Nov 08  2018,37.09523447913459
329,Nov 07  2018,38.67924380371647
330,Nov 06  2018,37.63381955504654
331,Nov 05  2018,37.13888368626139
332,Nov 04  2018,37.034927111258675
333,Nov 03  2018,38.19889802074893
334,Nov 02  2018,38.2434473200584
335,Nov 01  2018,37.57652996417256
336,Oct 31  2018,37.32581758448028
337,Oct 30  2018,37.57927470863233
338,Oct 29  2018,37.662518999134655
339,Oct 28  2018,39.61995384553045
340,Oct 27  2018,40.57845838235624
341,Oct 26  2018,40.823582718111076
342,Oct 25  2018,41.041461001916296
343,Oct 24  2018,43.178213414570344
344,Oct 23  2018,37.06334204243569
345,Oct 22  2018,36.005705757564115
346,Oct 21  2018,36.042208244198704
347,Oct 20  2018,35.89710944240837
348,Oct 19  2018,35.939863445975455
349,Oct 18  2018,36.18925085785181
350,Oct 17  2018,37.30599428613866
351,Oct 16  2018,36.89483341455611
352,Oct 15  2018,35.54874635402624
353,Oct 14  2018,35.61788804364717
354,Oct 13  2018,34.426615664579224
355,Oct 12  2018,34.247788509913875
356,Oct 11  2018,34.90259200105255
357,Oct 10  2018,38.23694422236445
358,Oct 09  2018,38.601114866295795
359,Oct 08  2018,38.052726419342356
360,Oct 07  2018,37.11690240022597
361,Oct 06  2018,38.17605327505328
362,Oct 05  2018,38.79958642808805
363,Oct 04  2018,36.991500014016204
364,Oct 03  2018,35.744363955691384
365,Oct 02  2018,36.077196011263105
366,Oct 01  2018,36.01035145083109
367,Sep 30  2018,36.753887523851105
368,Sep 29  2018,35.87602537801179
369,Sep 28  2018,36.275525937405845
370,Sep 27  2018,34.7990017456603
371,Sep 26  2018,34.029201983328186
372,Sep 25  2018,34.09466457800397
373,Sep 24  2018,35.31371079561463
374,Sep 23  2018,35.4855052848626
375,Sep 22  2018,34.41009837111549
376,Sep 21  2018,33.98653545364889
377,Sep 20  2018,33.7236796541628
378,Sep 19  2018,33.21995676421107
379,Sep 18  2018,33.63476424471265
380,Sep 17  2018,34.30977629001336
381,Sep 16  2018,35.39729543944625
382,Sep 15  2018,35.27701414358747
383,Sep 14  2018,34.78946156701579
384,Sep 13  2018,32.71597905810289
385,Sep 12  2018,32.212380812527606
386,Sep 11  2018,32.5104578977903
387,Sep 10  2018,33.65512947469829
388,Sep 09  2018,33.454898362741915
389,Sep 08  2018,32.91148348394711
390,Sep 07  2018,34.3154691603309
391,Sep 06  2018,32.85555984272286
392,Sep 05  2018,35.01859485992341
393,Sep 04  2018,40.19982635391331
394,Sep 03  2018,40.46040428814363
395,Sep 02  2018,39.984522320841315
396,Sep 01  2018,40.134638893871056
397,Aug 31  2018,39.348029906757766
398,Aug 30  2018,37.68731403390235
399,Aug 29  2018,38.22140519883847
400,Aug 28  2018,37.67330988557382
401,Aug 27  2018,35.115114062267025
402,Aug 26  2018,34.90581552231698
403,Aug 25  2018,36.4965915113885
404,Aug 24  2018,33.15980077916381
405,Aug 23  2018,34.12867581962108
406,Aug 22  2018,34.09874270839766
407,Aug 21  2018,34.64514762040274
408,Aug 20  2018,34.63663209758964
409,Aug 19  2018,36.41738465767257
410,Aug 18  2018,35.817029657504094
411,Aug 17  2018,35.66173434089102
412,Aug 16  2018,34.64850043064234
413,Aug 15  2018,34.537320045132496
414,Aug 14  2018,31.075699834633017
415,Aug 13  2018,36.18952412072114
416,Aug 12  2018,38.5791072327617
417,Aug 11  2018,39.46844753508908
418,Aug 10  2018,39.971815602772054
419,Aug 09  2018,40.44404305632657
420,Aug 08  2018,40.41177372550332
421,Aug 07  2018,44.55611131990896
422,Aug 06  2018,45.98375974319818
423,Aug 05  2018,47.022931003036106
424,Aug 04  2018,48.165642702267725
425,Aug 03  2018,48.501367334756665
426,Aug 02  2018,50.34090825631262
427,Aug 01  2018,50.78725719201748
428,Jul 31  2018,52.31440597196629
429,Jul 30  2018,54.74663723338211
430,Jul 29  2018,59.79216516851782
431,Jul 28  2018,59.03483116004887
432,Jul 27  2018,57.25316945883008
433,Jul 26  2018,59.78829625997011
434,Jul 25  2018,60.246381004836756
435,Jul 24  2018,58.97240473531321
436,Jul 23  2018,63.95687973365584
437,Jul 22  2018,65.18479639174868
438,Jul 21  2018,67.5550180428141
439,Jul 20  2018,66.58558504503802
440,Jul 19  2018,66.81038368135405
441,Jul 18  2018,67.14091114970238
442,Jul 17  2018,64.49599972063544
443,Jul 16  2018,58.85634521232541
444,Jul 15  2018,54.209503244934446
445,Jul 14  2018,52.68850233504582
446,Jul 13  2018,52.18356774000998
447,Jul 12  2018,51.81413995733307
448,Jul 11  2018,53.596792550677414
449,Jul 10  2018,52.79432681910368
450,Jul 09  2018,57.1922187799647
451,Jul 08  2018,57.96838079313913
452,Jul 07  2018,58.734819735468925
453,Jul 06  2018,56.96232530694324
454,Jul 05  2018,61.51296407323087
455,Jul 04  2018,63.40318601354923
456,Jul 03  2018,63.80261651511509
457,Jul 02  2018,61.69935909136951
458,Jul 01  2018,60.4732845455575
459,Jun 30  2018,62.17805157377375
460,Jun 29  2018,54.64592488535219
461,Jun 28  2018,56.44377537385174
462,Jun 27  2018,63.47727370461158
463,Jun 26  2018,66.00196840321578
464,Jun 25  2018,65.51444840035667
465,Jun 24  2018,61.38471359624346
466,Jun 23  2018,67.09418519638052
467,Jun 22  2018,72.1036325296833
468,Jun 21  2018,85.3307346077275
469,Jun 20  2018,83.75885573004243
470,Jun 19  2018,87.51831160160513
471,Jun 18  2018,85.02056055368517
472,Jun 17  2018,85.61926923534057
473,Jun 16  2018,84.19334682756536
474,Jun 15  2018,86.36652870405513
475,Jun 14  2018,81.53222091584036
476,Jun 13  2018,81.07208547617012
477,Jun 12  2018,80.76995890062024
478,Jun 11  2018,87.35249102978094
479,Jun 10  2018,87.49219877291696
480,Jun 09  2018,98.2172231335431
481,Jun 08  2018,96.77818681143826
482,Jun 07  2018,93.88996162663797
483,Jun 06  2018,92.1174717749286
484,Jun 05  2018,90.23724771856119
485,Jun 04  2018,88.70914550765735
486,Jun 03  2018,92.46681801610835
487,Jun 02  2018,91.12973593585029
488,Jun 01  2018,87.79781159682923
489,May 31  2018,84.0800549720948
490,May 30  2018,83.23716271677444
491,May 29  2018,81.25524244748428
492,May 28  2018,81.0383220572585
493,May 27  2018,81.72684193082698
494,May 26  2018,86.76699568658705
495,May 25  2018,93.07479503831725
496,May 24  2018,93.04949798384865
497,May 23  2018,97.17161775980213
498,May 22  2018,103.61935977242692
499,May 21  2018,103.6319761873124
500,May 20  2018,101.4548870381855
501,May 19  2018,98.48972664289367
502,May 18  2018,85.08593233400927
503,May 17  2018,88.19752983037276
504,May 16  2018,84.52962554991693
505,May 15  2018,91.50998585282589
506,May 14  2018,84.86628641365004
507,May 13  2018,79.96219417486734
508,May 12  2018,77.75574120195868
509,May 11  2018,76.48430002337254
510,May 10  2018,80.29947771743531
511,May 09  2018,78.6449669565217
512,May 08  2018,79.80193307946278
513,May 07  2018,79.63864075524393
514,May 06  2018,78.17691112264896
515,May 05  2018,82.57046396496767
516,May 04  2018,78.03258906411855
517,May 03  2018,74.64907453021142
518,May 02  2018,73.96889905218937
519,May 01  2018,74.12309883154168
520,Apr 30  2018,74.99718596965171
521,Apr 29  2018,77.03845497884699
522,Apr 28  2018,78.31399130289348
523,Apr 27  2018,77.9071231164056
524,Apr 26  2018,70.18060259922117
525,Apr 25  2018,68.31116976130578
526,Apr 24  2018,60.62827921891143
527,Apr 23  2018,59.5862753349557
528,Apr 22  2018,59.843879800762494
529,Apr 21  2018,60.41114678647595
530,Apr 20  2018,57.383845164257444
531,Apr 19  2018,55.526904028466916
532,Apr 18  2018,55.6717216467892
533,Apr 17  2018,55.33107914297442
534,Apr 16  2018,55.81129987138864
535,Apr 15  2018,54.1609160300614
536,Apr 14  2018,52.38313448904845
537,Apr 13  2018,52.008735020651876
538,Apr 12  2018,47.1888998973488
539,Apr 11  2018,45.96291315578497
540,Apr 10  2018,43.16638222059938
541,Apr 09  2018,43.16457348095295
542,Apr 08  2018,45.279785911895466
543,Apr 07  2018,40.261817736933736
544,Apr 06  2018,38.36736310722574
545,Apr 05  2018,37.171317199284395
546,Apr 04  2018,37.99106212884299
547,Apr 03  2018,37.94160579912592
548,Apr 02  2018,35.77524882430052
549,Apr 01  2018,33.88903424538825
550,Mar 31  2018,35.28068054770606
551,Mar 30  2018,34.345534603697395
552,Mar 29  2018,36.01009473752947
553,Mar 28  2018,42.28933748311264
554,Mar 27  2018,42.40268349136834
555,Mar 26  2018,43.06677191215699
556,Mar 25  2018,46.77226399920457
557,Mar 24  2018,47.58956925775806
558,Mar 23  2018,45.18018835678147
559,Mar 22  2018,46.189723958457186
560,Mar 21  2018,48.18498460355838
561,Mar 20  2018,47.18898545123044
562,Mar 19  2018,46.312945622426426
563,Mar 18  2018,41.639611811929264
564,Mar 17  2018,45.2880906681252
565,Mar 16  2018,50.12009125509066
566,Mar 15  2018,42.513300038990096
567,Mar 14  2018,46.26331344285203
568,Mar 13  2018,53.13729848908678
569,Mar 12  2018,52.0321252319435
570,Mar 11  2018,53.414512491302965
571,Mar 10  2018,55.28490608050625
572,Mar 09  2018,48.00161633262301
573,Mar 08  2018,53.43162385991002
574,Mar 07  2018,54.993878651765016
575,Mar 06  2018,65.18860789804339
576,Mar 05  2018,72.44895396222327
577,Mar 04  2018,70.9406757830674
578,Mar 03  2018,72.62569587471313
579,Mar 02  2018,71.43136336299891
580,Mar 01  2018,68.03951775181983
581,Feb 28  2018,67.07135702528424
582,Feb 27  2018,68.42712069962455
583,Feb 26  2018,64.44079273751919
584,Feb 25  2018,63.83601056155591
585,Feb 24  2018,63.634705967284596
586,Feb 23  2018,64.27070343137568
587,Feb 22  2018,64.8036107374148
588,Feb 21  2018,67.88278653421327
589,Feb 20  2018,70.63325000456845
590,Feb 19  2018,78.29460793967026
591,Feb 18  2018,78.94280718284834
592,Feb 17  2018,83.16182951532947
593,Feb 16  2018,78.20272669962922
594,Feb 15  2018,75.16837679701197
595,Feb 14  2018,67.4339052700425
596,Feb 13  2018,66.4931841367449
597,Feb 12  2018,64.21051807625193
598,Feb 11  2018,63.621038610827455
599,Feb 10  2018,65.98284377079156
600,Feb 09  2018,65.21517489709524
601,Feb 08  2018,62.6622494172968
602,Feb 07  2018,59.23928820035848
603,Feb 06  2018,44.17109284976376
604,Feb 05  2018,52.27854067927253
605,Feb 04  2018,64.93820995681719
606,Feb 03  2018,68.80611607718552
607,Feb 02  2018,61.436171654310755
608,Feb 01  2018,73.54466955571895
609,Jan 31  2018,82.11039910834181
610,Jan 30  2018,81.83089606196978
611,Jan 29  2018,81.4401059522124
612,Jan 28  2018,83.43396052783824
613,Jan 27  2018,80.67496221016815
614,Jan 26  2018,76.30349385310309
615,Jan 25  2018,82.45774100878351
616,Jan 24  2018,81.65470256356834
617,Jan 23  2018,74.50671546648627
618,Jan 22  2018,77.60442364451535
619,Jan 21  2018,88.98654821861341
620,Jan 20  2018,96.28050921093033
621,Jan 19  2018,74.58674666693254
622,Jan 18  2018,71.84130831868137
623,Jan 17  2018,59.1006659681629
624,Jan 16  2018,65.91388662724454
625,Jan 15  2018,93.71442494290643
626,Jan 14  2018,94.57611584231549
627,Jan 13  2018,105.73779510722791
628,Jan 12  2018,85.92038659143624
629,Jan 11  2018,80.08147420998407
630,Jan 10  2018,90.52136893774887
631,Jan 09  2018,96.04295145445144
632,Jan 08  2018,85.63261495964541
633,Jan 07  2018,94.95935994553602
634,Jan 06  2018,96.14551607307956
635,Jan 05  2018,95.83932397774217
636,Jan 04  2018,88.13718658886218
637,Jan 03  2018,89.32636661240093
638,Jan 02  2018,94.23937913670682
639,Jan 01  2018,84.95655130932788
640,Dec 31  2017,74.62635610091772
641,Dec 30  2017,71.23204143804091
642,Dec 29  2017,79.14916346242809
643,Dec 28  2017,74.1093836078192
644,Dec 27  2017,81.24121346519735
645,Dec 26  2017,78.61774060161201
646,Dec 25  2017,75.74959028681361
647,Dec 24  2017,66.74609078282755
648,Dec 23  2017,66.60637202458874
649,Dec 22  2017,51.66646052168912
650,Dec 21  2017,82.67507398809457
651,Dec 20  2017,72.59719958811631
652,Dec 19  2017,74.19181606194701
653,Dec 18  2017,70.8090125486667
654,Dec 17  2017,74.19883873719122
655,Dec 16  2017,63.10956478509574
656,Dec 15  2017,55.15957199020841
657,Dec 14  2017,59.6310994969721
658,Dec 13  2017,59.04411157882461
659,Dec 12  2017,49.555394979293276
660,Dec 11  2017,47.23369708961671
661,Dec 10  2017,39.657364727761895
662,Dec 09  2017,42.781606993508596
663,Dec 08  2017,38.96737440661935
664,Dec 07  2017,35.64523298878793
665,Dec 06  2017,39.360890480483064
666,Dec 05  2017,45.57883163098636
667,Dec 04  2017,43.44786974169102
668,Dec 03  2017,41.582517542006975
669,Dec 02  2017,45.49632690084989
670,Dec 01  2017,42.951522411651645
671,Nov 30  2017,38.11096850481921
672,Nov 29  2017,39.38654612714144
673,Nov 28  2017,43.65036166194042
674,Nov 27  2017,46.33838204261105
675,Nov 26  2017,40.99994918573112
676,Nov 25  2017,38.055803573570024
677,Nov 24  2017,34.019583875076414
678,Nov 23  2017,32.3243711877412
679,Nov 22  2017,27.436188627148503
680,Nov 21  2017,25.462166745153947
681,Nov 20  2017,26.356430502107564
682,Nov 19  2017,26.8255305811613
683,Nov 18  2017,25.05830070334312
684,Nov 17  2017,24.801379589817046
685,Nov 16  2017,24.838876993181106
686,Nov 15  2017,26.006373167130374
687,Nov 14  2017,25.168520864274676
688,Nov 13  2017,23.005541663321516
689,Nov 12  2017,21.11644163026313
690,Nov 11  2017,22.384076659758186
691,Nov 10  2017,22.70184837196883
692,Nov 09  2017,23.16777133107207
693,Nov 08  2017,21.597152413101554
694,Nov 07  2017,21.68248199399912
695,Nov 06  2017,21.14041761934178
696,Nov 05  2017,20.877363557440695
697,Nov 04  2017,20.757119719977883
698,Nov 03  2017,18.035886693007654
699,Nov 02  2017,17.109658563609273
700,Nov 01  2017,19.43391926383226
701,Oct 31  2017,20.618889241464128
702,Oct 30  2017,21.798084811896047
703,Oct 29  2017,22.890795506075897
704,Oct 28  2017,23.51173840993861
705,Oct 27  2017,23.42060622857911
706,Oct 26  2017,23.268684027736946
707,Oct 25  2017,22.270646035519455
708,Oct 24  2017,18.28270138854017
709,Oct 23  2017,18.22329722347285
710,Oct 22  2017,18.871819123698522
711,Oct 21  2017,18.245918181218435
712,Oct 20  2017,19.181570654709535
713,Oct 19  2017,21.077915371374647
714,Oct 18  2017,20.168746047689343
715,Oct 17  2017,21.498688451241957
716,Oct 16  2017,20.861816548059934
717,Oct 15  2017,20.858353781486695
718,Oct 14  2017,22.231626124631486
719,Oct 13  2017,20.85008543041058
720,Oct 12  2017,21.435003909257567
721,Oct 11  2017,21.420947887239258
722,Oct 10  2017,20.11675999031727
723,Oct 09  2017,19.412110201077965
724,Oct 08  2017,21.276610620210565
725,Oct 07  2017,23.317944837087953
726,Oct 06  2017,23.906458995214518
727,Oct 05  2017,23.871947355979355
728,Oct 04  2017,24.663141427027647
729,Oct 03  2017,24.512932213225177
730,Oct 02  2017,26.037877669316
731,Oct 01  2017,26.07946570856862
732,Sep 30  2017,26.93406657360384
733,Sep 29  2017,26.73032478533662
734,Sep 28  2017,26.974721230131244
735,Sep 27  2017,26.728770436452663
736,Sep 26  2017,26.940262573678137
737,Sep 25  2017,27.09544061232764
738,Sep 24  2017,27.126252977697845
739,Sep 23  2017,25.49850579163255
740,Sep 22  2017,25.005682845175198
741,Sep 21  2017,25.656388168351302
742,Sep 20  2017,26.295492305112198
743,Sep 19  2017,23.68684891999913
744,Sep 18  2017,23.355370272731687
745,Sep 17  2017,22.816768608071172
746,Sep 16  2017,23.100764039218422
747,Sep 15  2017,17.167544586948388
748,Sep 14  2017,17.14274194057396
749,Sep 13  2017,18.849560383492637
750,Sep 12  2017,20.760222245423517
751,Sep 11  2017,21.550385597385212
752,Sep 10  2017,21.281066984897723
753,Sep 09  2017,23.074656661607982
754,Sep 08  2017,23.65702342020928
755,Sep 07  2017,26.663443595867438
756,Sep 06  2017,26.257803174510165
757,Sep 05  2017,23.344891423032806
758,Sep 04  2017,23.703492876162567
759,Sep 03  2017,28.51214918581139
760,Sep 02  2017,28.347503627740238
761,Sep 01  2017,30.586600648680413
762,Aug 31  2017,29.58096098523111
763,Aug 30  2017,28.57069483573901
764,Aug 29  2017,28.00029034676086
765,Aug 28  2017,30.91495369169088
766,Aug 27  2017,29.883609797846614
767,Aug 26  2017,27.093415258212225
768,Aug 25  2017,23.9307167925725
769,Aug 24  2017,20.588528613435024
770,Aug 23  2017,18.9550011873388
771,Aug 22  2017,18.511545893257782
772,Aug 21  2017,19.571392465259574
773,Aug 20  2017,18.923153351038724
774,Aug 19  2017,17.55636053219235
775,Aug 18  2017,17.760486093892407
776,Aug 17  2017,18.065228210375825
777,Aug 16  2017,18.90460205033347
778,Aug 15  2017,18.153494471368834
779,Aug 14  2017,16.4813965433316
780,Aug 13  2017,18.05663334882292
781,Aug 12  2017,19.967757424762464
782,Aug 11  2017,20.48772611819697
783,Aug 10  2017,22.266525257319984
784,Aug 09  2017,22.631981736433197
785,Aug 08  2017,23.574586426621714
786,Aug 07  2017,22.90869436138259
787,Aug 06  2017,23.99210190839174
788,Aug 05  2017,22.18414848848066
789,Aug 04  2017,22.013938129358152
790,Aug 03  2017,22.649460341835177
791,Aug 02  2017,23.95811591651092
792,Aug 01  2017,22.465431434640976
793,Jul 31  2017,21.14165066840599
794,Jul 30  2017,21.763820809929214
795,Jul 29  2017,19.180672120494194
796,Jul 28  2017,17.35288970217608
797,Jul 27  2017,19.95101868531332
798,Jul 26  2017,18.91445546688573
799,Jul 25  2017,18.871338590559244
800,Jul 24  2017,21.21406847759185
801,Jul 23  2017,20.029923374481204
802,Jul 22  2017,21.04777263892868
803,Jul 21  2017,20.427324248358325
804,Jul 20  2017,19.722120270740955
805,Jul 19  2017,20.434658614269157
806,Jul 18  2017,20.290917322638357
807,Jul 17  2017,16.68962480718431
808,Jul 16  2017,15.46847750349011
809,Jul 15  2017,17.113989404805412
810,Jul 14  2017,19.133825467955297
811,Jul 13  2017,23.028756882897113
812,Jul 12  2017,21.183703699251783
813,Jul 11  2017,22.415732393302953
814,Jul 10  2017,21.352027090822865
815,Jul 09  2017,30.212529244137666
816,Jul 08  2017,27.357301897897955
817,Jul 07  2017,27.124268979445123
818,Jul 06  2017,32.42547270809074
819,Jul 05  2017,31.92192680479958
820,Jul 04  2017,29.83360990678419
821,Jul 03  2017,26.40441083355602
822,Jul 02  2017,25.184521626958926
823,Jul 01  2017,25.052213932088648
824,Jun 30  2017,29.580543356477552
825,Jun 29  2017,30.678351947759698
826,Jun 28  2017,32.210625655335846
827,Jun 27  2017,27.594462650065623
828,Jun 26  2017,28.071650718042783
829,Jun 25  2017,34.44906373975993
830,Jun 24  2017,39.49253764580294
831,Jun 23  2017,40.746270609365844
832,Jun 22  2017,35.51823571447185
833,Jun 21  2017,33.207580092335064
834,Jun 20  2017,32.50154871630286
835,Jun 19  2017,37.892515530366836
836,Jun 18  2017,31.079968809746056
837,Jun 17  2017,29.95813981876901
838,Jun 16  2017,27.658138134728855
839,Jun 15  2017,24.860019895012822
840,Jun 14  2017,29.355237023901868
841,Jun 13  2017,32.157497185757705
842,Jun 12  2017,31.20056448537283
843,Jun 11  2017,35.946304089550644
844,Jun 10  2017,36.471791110585976
845,Jun 09  2017,33.28138413554526
846,Jun 08  2017,30.874861637890948
847,Jun 07  2017,31.251447284913205
848,Jun 06  2017,29.909792067130233
849,Jun 05  2017,29.253771426883212
850,Jun 04  2017,28.064617079520048
851,Jun 03  2017,28.702997676951583
852,Jun 02  2017,24.081989563914853
853,Jun 01  2017,20.9910501374247
854,May 31  2017,19.33097889015785
855,May 30  2017,19.35333378584392
856,May 29  2017,18.72709990270288
857,May 28  2017,18.234107854467148
858,May 27  2017,16.157984010004867
859,May 26  2017,18.88300742364706
860,May 25  2017,20.641256879433644
861,May 24  2017,21.950389480916105
862,May 23  2017,19.246012035711466
863,May 22  2017,17.744479346597142
864,May 21  2017,19.507573396159078
865,May 20  2017,19.01836989291916
866,May 19  2017,18.1998193268964
867,May 18  2017,17.25844858543912
868,May 17  2017,14.131283219997059
869,May 16  2017,13.751529093333628
870,May 15  2017,14.534115216106425
871,May 14  2017,16.50707140512355
872,May 13  2017,14.48785450168611
873,May 12  2017,14.263186642898992
874,May 11  2017,14.525455261448064
875,May 10  2017,14.53671410414773
876,May 09  2017,13.918917519013045
877,May 08  2017,15.604467681106494
878,May 07  2017,15.885064449285561
879,May 06  2017,15.158498112911767
880,May 05  2017,14.489336845898832
881,May 04  2017,13.766311889358976
882,May 03  2017,13.065537528201698
883,May 02  2017,12.598330752824499
884,May 01  2017,13.330320287320648
885,Apr 30  2017,14.383096133517318
886,Apr 29  2017,13.949129319103061
887,Apr 28  2017,13.067191941351933
888,Apr 27  2017,13.747282664680093
889,Apr 26  2017,14.406318338246072
890,Apr 25  2017,14.492313439535646
891,Apr 24  2017,15.918125660155152
892,Apr 23  2017,13.777606987928126
893,Apr 22  2017,13.22832527833234
894,Apr 21  2017,12.78756413201713
895,Apr 20  2017,12.086475198065472
896,Apr 19  2017,11.623782738122921
897,Apr 18  2017,11.456377694435618
898,Apr 17  2017,11.263631742251649
899,Apr 16  2017,11.145253094103294
900,Apr 15  2017,10.634043872379808
901,Apr 14  2017,10.41591106859521
902,Apr 13  2017,10.348594415390373
903,Apr 12  2017,10.321481616333172
904,Apr 11  2017,10.701337784954752
905,Apr 10  2017,10.959230478857094
906,Apr 09  2017,10.14512755458719
907,Apr 08  2017,8.383243576386997
908,Apr 07  2017,8.281274920559872
909,Apr 06  2017,8.940381649482624
910,Apr 05  2017,8.352682408886414
911,Apr 04  2017,8.981321535319115
912,Apr 03  2017,8.696829124463697
913,Apr 02  2017,9.209813124030227
914,Apr 01  2017,11.795487410235104
915,Mar 31  2017,10.961929306531685
916,Mar 30  2017,10.53366325387321
917,Mar 29  2017,10.940283943909398
918,Mar 28  2017,10.158116617107028
919,Mar 27  2017,9.412582867958806
920,Mar 26  2017,9.97148907380618
921,Mar 25  2017,6.789030620078551
922,Mar 24  2017,6.589169186870384
923,Mar 23  2017,5.538913224162576
924,Mar 22  2017,5.140511339664137
925,Mar 21  2017,5.047069414551044
926,Mar 20  2017,5.477532008755293
927,Mar 19  2017,5.351521136825008
928,Mar 18  2017,4.176873955125362
929,Mar 17  2017,4.139390778582291
930,Mar 16  2017,4.639058775632034
931,Mar 15  2017,4.146162793917864
932,Mar 14  2017,4.017096098463096
933,Mar 13  2017,4.26977876078663
934,Mar 12  2017,3.0373979829795013
935,Mar 11  2017,2.827094969769823
936,Mar 10  2017,2.5578058115055287
937,Mar 09  2017,2.465463860042615
938,Mar 08  2017,2.349777926739133
939,Mar 07  2017,2.0184118262478483
940,Mar 06  2017,1.7569872054223716
941,Mar 05  2017,1.7012843488782596
942,Mar 04  2017,1.7124327838392828
943,Mar 03  2017,1.7611543808037537
944,Mar 02  2017,1.6328571564134002
945,Mar 01  2017,1.7215104968003665
946,Feb 28  2017,1.8748244982581543
947,Feb 27  2017,2.0157981154340825
948,Feb 26  2017,1.9919399605036965
949,Feb 25  2017,1.9028678418090001
950,Feb 24  2017,1.6951373973497113
951,Feb 23  2017,1.7612875961417456
952,Feb 22  2017,1.4407660187259974
953,Feb 21  2017,1.4608156572827307
954,Feb 20  2017,1.551932094912408
955,Feb 19  2017,1.5817244481007582
956,Feb 18  2017,1.5653309100532224
957,Feb 17  2017,1.8083194222336423
958,Feb 16  2017,1.8599321608220893
959,Feb 15  2017,2.055520420096693
960,Feb 14  2017,1.967145749534669
961,Feb 13  2017,2.1367175642086993
962,Feb 12  2017,2.0968335395758353
963,Feb 11  2017,2.1121666373830053
964,Feb 10  2017,2.1798434161545677
965,Feb 09  2017,2.125450938187097
966,Feb 08  2017,2.247547055959617
967,Feb 07  2017,2.1093188469494963
968,Feb 06  2017,2.2726529394800794
969,Feb 05  2017,2.22977387807171
970,Feb 04  2017,2.3656753706162132
971,Feb 03  2017,2.218763408640249
972,Feb 02  2017,2.1024326881108175
973,Feb 01  2017,1.787575011442799
974,Jan 31  2017,1.5404983530662912
975,Jan 30  2017,1.5643550708826297
976,Jan 29  2017,1.3032758110049925
977,Jan 28  2017,1.102994301969155
978,Jan 27  2017,1.094476633433172
979,Jan 26  2017,0.8745808948550009
980,Jan 25  2017,0.6946441076726306
981,Jan 24  2017,0.7480894835654512
982,Jan 23  2017,0.7217093024498336
983,Jan 22  2017,0.6589433727392108
984,Jan 21  2017,0.6510628635727388
985,Jan 20  2017,0.6791237718847412
986,Jan 19  2017,0.6708928724856359
987,Jan 18  2017,0.5977099026438215
988,Jan 17  2017,0.6378450374442555
989,Jan 16  2017,0.702564411726132
990,Jan 15  2017,0.751885080238831
991,Jan 14  2017,0.7570539969508269
992,Jan 13  2017,0.6155926076474258
993,Jan 12  2017,0.5113233648579397
994,Jan 11  2017,0.43297375147339345
995,Jan 10  2017,0.48433695563614493
996,Jan 09  2017,0.5531637504528311
997,Jan 08  2017,0.4864463851623643
998,Jan 07  2017,0.34848569190360373
999,Jan 06  2017,0.3066303939278122
1000,Jan 05  2017,0.3027240525711052
1001,Jan 04  2017,0.2925843724585537
1002,Jan 03  2017,0.240240346309399
1003,Jan 02  2017,0.237590326461473
1004,Jan 01  2017,0.25566456184963293
1005,Dec 31  2016,0.24440491195746944
1006,Dec 30  2016,0.24826078243714622
1007,Dec 29  2016,0.2617631764673792
1008,Dec 28  2016,0.23046528422997
1009,Dec 27  2016,0.2197010627822489
1010,Dec 26  2016,0.23978150072987914
1011,Dec 25  2016,0.23236701646130895
1012,Dec 24  2016,0.2618500932122031
1013,Dec 23  2016,0.2774969700572881
1014,Dec 22  2016,0.2815801191501238
1015,Dec 21  2016,0.30008517832602977
1016,Dec 20  2016,0.3117623983006457
1017,Dec 19  2016,0.30946839699629897
1018,Dec 18  2016,0.3169089513874474
1019,Dec 17  2016,0.34461195393597593
1020,Dec 16  2016,0.3359762538292187
1021,Dec 15  2016,0.3442198165758452
1022,Dec 14  2016,0.3517015853512904
1023,Dec 13  2016,0.3542062337360199
1024,Dec 12  2016,0.3318239934346793
1025,Dec 11  2016,0.3228343934504626
1026,Dec 10  2016,0.3212415528726492
1027,Dec 09  2016,0.2974134558394508
1028,Dec 08  2016,0.27561653946161696
1029,Dec 07  2016,0.2946039469633648
1030,Dec 06  2016,0.2966370625616059
1031,Dec 05  2016,0.34190228330685973
1032,Dec 04  2016,0.36320062132676895
1033,Dec 03  2016,0.3395447891264626
1034,Dec 02  2016,0.38654010749732576
1035,Dec 01  2016,0.4094998826142112
1036,Nov 30  2016,0.39479643455472896
1037,Nov 29  2016,0.36729239386080137
1038,Nov 28  2016,0.3740858641934943
1039,Nov 27  2016,0.3631518081740687
1040,Nov 26  2016,0.36007559883879753
1041,Nov 25  2016,0.37482429551220503
1042,Nov 24  2016,0.3711158862910296
1043,Nov 23  2016,0.40820990487425407
1044,Nov 22  2016,0.4139501288374899
1045,Nov 21  2016,0.43790141581943304
1046,Nov 20  2016,0.4263690650357733
1047,Nov 19  2016,0.468270354618714
1048,Nov 18  2016,0.4514054428708446
1049,Nov 17  2016,0.4453502369675332
1050,Nov 16  2016,0.42567173199677405
1051,Nov 15  2016,0.39943558863672557
1052,Nov 14  2016,0.3831908457353553
1053,Nov 13  2016,0.3941173022835155
1054,Nov 12  2016,0.3803977138695147
1055,Nov 11  2016,0.37806488464491705
1056,Nov 10  2016,0.39565971994297805
1057,Nov 09  2016,0.3802310822284283
1058,Nov 08  2016,0.35362078098436966
1059,Nov 07  2016,0.35593589427599515
1060,Nov 06  2016,0.3522811955031521
1061,Nov 05  2016,0.3774855024763328
1062,Nov 04  2016,0.38083003486934847
1063,Nov 03  2016,0.37314321114812443
1064,Nov 02  2016,0.3946657046817541
1065,Nov 01  2016,0.411081452712239
1066,Oct 31  2016,0.4138441703909571
1067,Oct 30  2016,0.4638395174649673
1068,Oct 29  2016,0.29811034801036207
1069,Oct 28  2016,0.4827778778324222
1070,Oct 27  2016,0.5387059809800726
1071,Oct 26  2016,0.5469652186754626
1072,Oct 25  2016,0.5666606053836206
1073,Oct 24  2016,0.6026144312145327
1074,Oct 23  2016,0.6262429009337246
1075,Oct 22  2016,0.6021112989170546
1076,Oct 21  2016,0.6175171326014558
1077,Oct 20  2016,0.5891552304951334
1078,Oct 19  2016,0.595421253408923
1079,Oct 18  2016,0.5985318450381386
1080,Oct 17  2016,0.606770410695048
1081,Oct 16  2016,0.6006808303570036
1082,Oct 15  2016,0.6333692848779681
1083,Oct 14  2016,0.6376251010766849
1084,Oct 13  2016,0.6440462101579506
1085,Oct 12  2016,0.6391752529329574
1086,Oct 11  2016,0.6426503280531367
1087,Oct 10  2016,0.6432394561151767
1088,Oct 09  2016,0.7077714202984868
1089,Oct 08  2016,0.7122968916708053
1090,Oct 07  2016,0.7746749472445547
1091,Oct 06  2016,0.7306738974122411
1092,Oct 05  2016,0.7399545415917981
1093,Oct 04  2016,0.7055648953325054
1094,Oct 03  2016,0.6971346120854435
1095,Oct 02  2016,0.6551376608816526
1096,Oct 01  2016,0.682148260362904
1097,Sep 30  2016,0.6687774687500718
1098,Sep 29  2016,0.7217188467740444
1099,Sep 28  2016,0.7336918919747033
1100,Sep 27  2016,0.7530651328042928
1101,Sep 26  2016,0.6305704436505948
1102,Sep 25  2016,0.8968298696808205
1103,Sep 24  2016,0.9084617718687525
1104,Sep 23  2016,0.8745447161985821
1105,Sep 22  2016,0.8797818563077355
1106,Sep 21  2016,0.8537377239997991
1107,Sep 20  2016,0.9515813538250555
1108,Sep 19  2016,0.9539040805835436
1109,Sep 18  2016,0.9504422015427896
1110,Sep 17  2016,1.1018830466992788
1111,Sep 16  2016,1.1423462737045686
1112,Sep 15  2016,1.1531897732583118
1113,Sep 14  2016,1.156583532730415
1114,Sep 13  2016,1.1178656736331283
1115,Sep 12  2016,1.1340120325732643
1116,Sep 11  2016,1.1383311312271578
1117,Sep 10  2016,1.1793864400826921
1118,Sep 09  2016,1.1723876135480136
1119,Sep 08  2016,1.168981322756574
1120,Sep 07  2016,1.1626288724030513
1121,Sep 06  2016,1.1540578198372702
1122,Sep 05  2016,1.1495963699066918
1123,Sep 04  2016,1.1477613660923969
1124,Sep 03  2016,1.1350304501802377
1125,Sep 02  2016,1.1724655525023917
1126,Sep 01  2016,1.1939883932915385
1127,Aug 31  2016,1.1692344079887846
1128,Aug 30  2016,1.1908123018535306
1129,Aug 29  2016,1.2125867446141732
1130,Aug 28  2016,1.1931337945761933
1131,Aug 27  2016,1.1880388510829853
1132,Aug 26  2016,1.2110247252805104
1133,Aug 25  2016,1.204429661997837
1134,Aug 24  2016,1.1700899380187035
1135,Aug 23  2016,1.180336873870168
1136,Aug 22  2016,1.223310511309052
1137,Aug 21  2016,1.2669123750226519
1138,Aug 20  2016,1.2598668398246107
1139,Aug 19  2016,1.2524743586732694
1140,Aug 18  2016,1.2854459117081238
1141,Aug 17  2016,1.2845647492966723
1142,Aug 16  2016,1.2414137596196217
1143,Aug 15  2016,1.2587202957280348
1144,Aug 14  2016,1.297398429445319
1145,Aug 13  2016,1.3897703109333164
1146,Aug 12  2016,1.2920052598382805
1147,Aug 11  2016,1.2545409539648993
1148,Aug 10  2016,1.2227799087439943
1149,Aug 09  2016,1.208124346034017
1150,Aug 08  2016,1.1963194978377993
1151,Aug 07  2016,1.19485147591859
1152,Aug 06  2016,1.2630813483404457
1153,Aug 05  2016,1.2705781937369418
1154,Aug 04  2016,1.2289312622946336
1155,Aug 03  2016,1.1452771910916517
1156,Aug 02  2016,1.157957620597308
1157,Aug 01  2016,1.3513208342128944
1158,Jul 31  2016,1.3614150352572247
1159,Jul 30  2016,1.3265152207561646
1160,Jul 29  2016,1.3179700642582255
1161,Jul 28  2016,1.324171681775132
1162,Jul 27  2016,1.3455908839708242
1163,Jul 26  2016,1.3247420082095231
1164,Jul 25  2016,1.3303581813120968
1165,Jul 24  2016,1.469663453149459
1166,Jul 23  2016,1.3516996609923295
1167,Jul 22  2016,1.3835730145533407
1168,Jul 21  2016,1.3498871989990877
1169,Jul 20  2016,1.389380594298084
1170,Jul 19  2016,1.4102251265333183
1171,Jul 18  2016,1.4534182747662745
1172,Jul 17  2016,1.3989108816878353
1173,Jul 16  2016,1.440565511086303
1174,Jul 15  2016,1.4550793684839034
1175,Jul 14  2016,1.3761786242336755
1176,Jul 13  2016,1.3739977339493785
1177,Jul 12  2016,1.3848442431785002
1178,Jul 11  2016,1.4058474176745144
1179,Jul 10  2016,1.3472494971934426
1180,Jul 09  2016,1.3426508750541104
1181,Jul 08  2016,1.2780140008842493
1182,Jul 07  2016,1.3131989179730026
1183,Jul 06  2016,1.5893787635558363
1184,Jul 05  2016,1.566298673220091
1185,Jul 04  2016,1.7077920536661495
1186,Jul 03  2016,1.649598705828189
1187,Jul 02  2016,1.7121145446341262
1188,Jul 01  2016,1.7254936555598643
1189,Jun 30  2016,1.6891857933613856
1190,Jun 29  2016,1.5362973189021252
1191,Jun 28  2016,1.4781605411115797
1192,Jun 27  2016,1.2471720015423766
1193,Jun 26  2016,1.2738237810771342
1194,Jun 25  2016,1.2664731190590246
1195,Jun 24  2016,1.2834373456937547
1196,Jun 23  2016,1.213858275780231
1197,Jun 22  2016,1.3240246481391535
1198,Jun 21  2016,1.3824668991428009
1199,Jun 20  2016,1.4698958396068942
1200,Jun 19  2016,1.51602763596315
1201,Jun 18  2016,1.4199704105899
1202,Jun 17  2016,1.3782487375401593
1203,Jun 16  2016,1.331831928186024
1204,Jun 15  2016,1.2041652110111933
1205,Jun 14  2016,1.1552469025809562
1206,Jun 13  2016,1.1535001463345829
1207,Jun 12  2016,1.133401444708195
1208,Jun 11  2016,1.2267166018721163
1209,Jun 10  2016,1.2330191244222273
1210,Jun 09  2016,1.2194985733236299
1211,Jun 08  2016,1.1248677326375058
1212,Jun 07  2016,1.1424372246928676
1213,Jun 06  2016,1.2245113769266083
1214,Jun 05  2016,1.198004884277164
1215,Jun 04  2016,1.308453171062221
1216,Jun 03  2016,1.3325612367598874
1217,Jun 02  2016,1.2424294328579122
1218,Jun 01  2016,1.160519293854706
1219,May 31  2016,1.1241671141575407
1220,May 30  2016,1.0979139553779826
1221,May 29  2016,1.0763863718689777
1222,May 28  2016,1.0283085361859796
1223,May 27  2016,0.9841231318246166
1224,May 26  2016,0.9387788751538617
1225,May 25  2016,1.0175131269876914
1226,May 24  2016,1.1100093773865074
1227,May 23  2016,1.1354811721885552
1228,May 22  2016,1.1182987319937576
1229,May 21  2016,1.1288468255151702
1230,May 20  2016,1.136155047575372
1231,May 19  2016,1.229856568364189
1232,May 18  2016,1.1938162314434972
1233,May 17  2016,1.3898572426476081
1234,May 16  2016,1.1145119027154107
1235,May 15  2016,0.9930471440526502
1236,May 14  2016,0.9433072703319771
1237,May 13  2016,0.940111522105854
1238,May 12  2016,0.9848840659223863
1239,May 11  2016,0.9928130991256886
1240,May 10  2016,1.0687303780014132
1241,May 09  2016,1.1135748070176017
1242,May 08  2016,1.1423680437177766
1243,May 07  2016,1.1761994375348197
1244,May 06  2016,1.1614411250338463
1245,May 05  2016,1.15509403231727
1246,May 04  2016,1.221421002879318
1247,May 03  2016,1.1470425577386885
1248,May 02  2016,1.145099177598386
1249,May 01  2016,1.1756861789711919
1250,Apr 30  2016,1.1551615547184726
1251,Apr 29  2016,1.1421031765122338
1252,Apr 28  2016,1.1071512153857315
1253,Apr 27  2016,1.1536324668569757
1254,Apr 26  2016,1.1949260062883755
1255,Apr 25  2016,1.1773163013943109
1256,Apr 24  2016,1.1508632795444673
1257,Apr 23  2016,1.185245617992255
1258,Apr 22  2016,1.170241219957793
1259,Apr 21  2016,1.1530656653233202
1260,Apr 20  2016,1.1171415242676068
1261,Apr 19  2016,1.1368604726162213
1262,Apr 18  2016,1.0350165644309253
1263,Apr 17  2016,0.9851685149276629
1264,Apr 16  2016,0.9423910857714674
1265,Apr 15  2016,0.9751635296399842
1266,Apr 14  2016,1.0669977522944758
1267,Apr 13  2016,1.0911104421261395
1268,Apr 12  2016,1.0804009502023846
1269,Apr 11  2016,1.080560429329173
1270,Apr 10  2016,1.0784747767581693
1271,Apr 09  2016,1.182901984858174
1272,Apr 08  2016,1.288717910392004
1273,Apr 07  2016,1.3157424928846921
1274,Apr 06  2016,1.340159826880824
1275,Apr 05  2016,1.267397229344287
1276,Apr 04  2016,1.4212380353588192
1277,Apr 03  2016,1.4623511291850204
1278,Apr 02  2016,1.4182838874045796
1279,Apr 01  2016,1.417529171537042
1280,Mar 31  2016,1.4802312158350233
1281,Mar 30  2016,1.5416114256277362
1282,Mar 29  2016,1.5007061022758907
1283,Mar 28  2016,1.5145765578173618
1284,Mar 27  2016,1.512857028639585
1285,Mar 26  2016,1.6137896529705074
1286,Mar 25  2016,1.4599073131155602
1287,Mar 24  2016,1.431160531067068
1288,Mar 23  2016,1.5441962050536673
1289,Mar 22  2016,1.6176510368141763
1290,Mar 21  2016,1.631594343961757
1291,Mar 20  2016,1.7239298374561811
1292,Mar 19  2016,1.8153727077793333
1293,Mar 18  2016,1.8881057852251402
1294,Mar 17  2016,1.937121402297302
1295,Mar 16  2016,1.915663260709591
1296,Mar 15  2016,1.872356171829725
1297,Mar 14  2016,1.8206338581793835
1298,Mar 13  2016,1.763886785681509
1299,Mar 12  2016,1.7637903891149176
1300,Mar 11  2016,1.610799920860865
1301,Mar 10  2016,1.7696893194400891
1302,Mar 09  2016,1.8457462739384523
1303,Mar 08  2016,1.721332751151725
1304,Mar 07  2016,1.5358592883564828
1305,Mar 06  2016,1.222292256899334
1306,Mar 05  2016,1.1831133988874492
1307,Mar 04  2016,1.1869883601841915
1308,Mar 03  2016,1.2045496431005036
1309,Mar 02  2016,1.1548481016904284
1310,Mar 01  2016,1.0364159719949417
1311,Feb 29  2016,1.656983000003271
1312,Feb 28  2016,1.718635393880437
1313,Feb 27  2016,1.5910694849439422
1314,Feb 26  2016,1.7438963093504365
1315,Feb 25  2016,1.650342466337661
1316,Feb 24  2016,1.5992276992219572
1317,Feb 23  2016,1.2973253120699269
1318,Feb 22  2016,1.1515546641122445
1319,Feb 21  2016,0.010836
1320,Feb 20  2016,0.015569
1321,Feb 19  2016,0.010983
1322,Feb 18  2016,0.010924
1323,Feb 17  2016,0.01261
1324,Feb 16  2016,0.012593
1325,Feb 15  2016,0.010054
1326,Feb 14  2016,0.009898
1327,Feb 13  2016,0.008483
1328,Feb 12  2016,0.007668
1329,Feb 11  2016,0.009584
1330,Feb 10  2016,0.009040000000000001
1331,Feb 09  2016,0.007902
1332,Feb 08  2016,0.0079
1333,Feb 07  2016,0.007498
1334,Feb 06  2016,0.008513
1335,Feb 05  2016,0.008814
1336,Feb 04  2016,0.008801
1337,Feb 03  2016,0.008662000000000001
1338,Feb 02  2016,0.008604
1339,Feb 01  2016,0.009446
1340,Jan 31  2016,0.00944
1341,Jan 30  2016,0.008607
1342,Jan 29  2016,0.00854
1343,Jan 28  2016,0.008765
1344,Jan 27  2016,0.008831
1345,Jan 26  2016,0.006880000000000001
1346,Jan 25  2016,0.012434
1347,Jan 24  2016,0.019033
1348,Jan 23  2016,0.018355
1349,Jan 22  2016,0.011886
1350,Jan 21  2016,0.01654
1351,Jan 20  2016,0.010247
1352,Jan 19  2016,0.009616
1353,Jan 18  2016,0.008287000000000001
1354,Jan 17  2016,0.0066549999999999995
1355,Jan 16  2016,0.00591
1356,Jan 15  2016,0.005942
1357,Jan 14  2016,0.006903
1358,Jan 13  2016,0.007640000000000001
1359,Jan 12  2016,0.005857
1360,Jan 11  2016,0.00577
1361,Jan 10  2016,0.005725
1362,Jan 09  2016,0.00581
1363,Jan 08  2016,0.004932
1364,Jan 07  2016,0.004304
1365,Jan 06  2016,0.004297
1366,Jan 05  2016,0.004778
1367,Jan 04  2016,0.00472
1368,Jan 03  2016,0.004672
1369,Jan 02  2016,0.006219
1370,Jan 01  2016,0.006263000000000001
1371,Dec 31  2015,0.005862
1372,Dec 30  2015,0.005909
1373,Dec 29  2015,0.005927
1374,Dec 28  2015,0.005888
1375,Dec 27  2015,0.005809
1376,Dec 26  2015,0.006126
1377,Dec 25  2015,0.0063679999999999995
1378,Dec 24  2015,0.006336
1379,Dec 23  2015,0.006176999999999999
1380,Dec 22  2015,0.006019
1381,Dec 21  2015,0.005986
1382,Dec 20  2015,0.0061719999999999995
1383,Dec 19  2015,0.005024
1384,Dec 18  2015,0.005054
1385,Dec 17  2015,0.00503
1386,Dec 16  2015,0.006773
1387,Dec 15  2015,0.005327
1388,Dec 14  2015,0.004825
1389,Dec 13  2015,0.005869
1390,Dec 12  2015,0.00534
1391,Dec 11  2015,0.005652
1392,Dec 10  2015,0.005378999999999999
1393,Dec 09  2015,0.005404
1394,Dec 08  2015,0.0051600000000000005
1395,Dec 07  2015,0.005182
1396,Dec 06  2015,0.005483
1397,Dec 05  2015,0.005448
1398,Dec 04  2015,0.004914
1399,Dec 03  2015,0.0046700000000000005
1400,Dec 02  2015,0.004665
1401,Dec 01  2015,0.000718
1402,Nov 30  2015,0.007445000000000001
1403,Nov 29  2015,0.007148999999999999
1404,Nov 28  2015,0.008808
1405,Nov 27  2015,0.00891
1406,Nov 26  2015,0.00881
1407,Nov 25  2015,0.010748
1408,Nov 24  2015,0.008395
1409,Nov 23  2015,0.010908
1410,Nov 22  2015,0.009965
1411,Nov 21  2015,0.00983
1412,Nov 20  2015,0.010603
1413,Nov 19  2015,0.010433
1414,Nov 18  2015,0.009916
1415,Nov 17  2015,0.009879
1416,Nov 16  2015,0.009474
1417,Nov 15  2015,0.006905
1418,Nov 14  2015,0.006847
1419,Nov 13  2015,0.007291000000000001
1420,Nov 12  2015,0.008588
1421,Nov 11  2015,0.008901000000000001
1422,Nov 10  2015,0.009373000000000001
1423,Nov 09  2015,0.007776999999999999
1424,Nov 08  2015,0.007659
1425,Nov 07  2015,0.012648000000000001
1426,Nov 06  2015,0.008860999999999999
1427,Nov 05  2015,0.009521
1428,Nov 04  2015,0.008656
1429,Nov 03  2015,0.011116
1430,Nov 02  2015,0.009053
1431,Nov 01  2015,0.00878
1432,Oct 31  2015,0.012596
1433,Oct 30  2015,0.007731999999999998
1434,Oct 29  2015,0.007740000000000001
1435,Oct 28  2015,0.011299
1436,Oct 27  2015,0.007190000000000001
1437,Oct 26  2015,0.00856
1438,Oct 25  2015,0.008643000000000001
1439,Oct 24  2015,0.009124
1440,Oct 23  2015,0.009081
1441,Oct 22  2015,0.008253
1442,Oct 21  2015,0.008254000000000001
1443,Oct 20  2015,0.008159999999999999
1444,Oct 19  2015,0.008166
1445,Oct 18  2015,0.010433
1446,Oct 17  2015,0.007871
1447,Oct 16  2015,0.0078049999999999994
1448,Oct 15  2015,0.0075650000000000005
1449,Oct 14  2015,0.007520999999999999
1450,Oct 13  2015,0.007704000000000001
1451,Oct 12  2015,0.008153
1452,Oct 11  2015,0.008128
1453,Oct 10  2015,0.008709
1454,Oct 09  2015,0.009022
1455,Oct 08  2015,0.011023999999999999
1456,Oct 07  2015,0.011006
1457,Oct 06  2015,0.008654
1458,Oct 05  2015,0.009588
1459,Oct 04  2015,0.00859
1460,Oct 03  2015,0.008591
1461,Oct 02  2015,0.012552999999999998
1462,Oct 01  2015,0.010603
1463,Sep 30  2015,0.01037
1464,Sep 29  2015,0.009646
1465,Sep 28  2015,0.009308
1466,Sep 27  2015,0.008393000000000001
1467,Sep 26  2015,0.009346
1468,Sep 25  2015,0.010740000000000001
1469,Sep 24  2015,0.01162
1470,Sep 23  2015,0.012024
1471,Sep 22  2015,0.010003
1472,Sep 21  2015,0.009911
1473,Sep 20  2015,0.011543000000000001
1474,Sep 19  2015,0.009248000000000001
1475,Sep 18  2015,0.008181
1476,Sep 17  2015,0.008126999999999999
1477,Sep 16  2015,0.008097
1478,Sep 15  2015,0.009331
1479,Sep 14  2015,0.013449999999999998
1480,Sep 13  2015,0.010355
1481,Sep 12  2015,0.010519
1482,Sep 11  2015,0.009723
1483,Sep 10  2015,0.014147
1484,Sep 09  2015,0.014278
1485,Sep 08  2015,0.01469
1486,Sep 07  2015,0.01671
1487,Sep 06  2015,0.01674
1488,Sep 05  2015,0.013781999999999999
1489,Sep 04  2015,0.014819
1490,Sep 03  2015,0.014819
1491,Sep 02  2015,0.015791
1492,Sep 01  2015,0.015284
1493,Aug 31  2015,0.011376
1494,Aug 30  2015,0.014705000000000001
1495,Aug 29  2015,0.014037
1496,Aug 28  2015,0.014918
1497,Aug 27  2015,0.013713
1498,Aug 26  2015,0.009163
1499,Aug 25  2015,0.010131999999999999
1500,Aug 24  2015,0.012629000000000001
1501,Aug 23  2015,0.01216
1502,Aug 22  2015,0.011805
1503,Aug 21  2015,0.013472
1504,Aug 20  2015,0.014375
1505,Aug 19  2015,0.014353
1506,Aug 18  2015,0.014495
1507,Aug 17  2015,0.017486
1508,Aug 16  2015,0.020689
1509,Aug 15  2015,0.018321
1510,Aug 14  2015,0.018336
1511,Aug 13  2015,0.018399000000000006
1512,Aug 12  2015,0.019114
1513,Aug 11  2015,0.016503
1514,Aug 10  2015,0.015865
1515,Aug 09  2015,0.011916
1516,Aug 08  2015,0.010643000000000001
1517,Aug 07  2015,0.01053
1518,Aug 06  2015,0.010539
1519,Aug 05  2015,0.010669
1520,Aug 04  2015,0.010712000000000001
1521,Aug 03  2015,0.012673
1522,Aug 02  2015,0.014081999999999999
1523,Aug 01  2015,0.014624000000000002
1524,Jul 31  2015,0.013273
1525,Jul 30  2015,0.008929000000000001
1526,Jul 29  2015,0.011706999999999999
1527,Jul 28  2015,0.009512999999999999
1528,Jul 27  2015,0.01285
1529,Jul 26  2015,0.012821
1530,Jul 25  2015,0.012067
1531,Jul 24  2015,0.015416999999999998
1532,Jul 23  2015,0.011087999999999999
1533,Jul 22  2015,0.013857
1534,Jul 21  2015,0.017251
1535,Jul 20  2015,0.020359
1536,Jul 19  2015,0.020984
1537,Jul 18  2015,0.01835
1538,Jul 17  2015,0.01839
1539,Jul 16  2015,0.01788
1540,Jul 15  2015,0.017848999999999997
1541,Jul 14  2015,0.019409
1542,Jul 13  2015,0.018602
1543,Jul 12  2015,0.018371000000000002
1544,Jul 11  2015,0.017713999999999997
1545,Jul 10  2015,0.029731
1546,Jul 09  2015,0.029693
1547,Jul 08  2015,0.029738
1548,Jul 07  2015,0.03
1549,Jul 06  2015,0.033592000000000004
1550,Jul 05  2015,0.033262
1551,Jul 04  2015,0.032049
1552,Jul 03  2015,0.031715
1553,Jul 02  2015,0.028131999999999997
1554,Jul 01  2015,0.022752
1555,Jun 30  2015,0.024636
1556,Jun 29  2015,0.025058000000000004
1557,Jun 28  2015,0.028631
1558,Jun 27  2015,0.026907
1559,Jun 26  2015,0.026648
1560,Jun 25  2015,0.027907
1561,Jun 24  2015,0.029277999999999995
1562,Jun 23  2015,0.021978
1563,Jun 22  2015,0.024755000000000003
1564,Jun 21  2015,0.029056000000000002
1565,Jun 20  2015,0.030241000000000007
1566,Jun 19  2015,0.030914999999999998
1567,Jun 18  2015,0.031795
1568,Jun 17  2015,0.032243
1569,Jun 16  2015,0.032391
1570,Jun 15  2015,0.035287
1571,Jun 14  2015,0.023205
1572,Jun 13  2015,0.018338999999999998
1573,Jun 12  2015,0.018407
1574,Jun 11  2015,0.016069999999999997
1575,Jun 10  2015,0.009159
1576,Jun 09  2015,0.036764
1577,Jun 08  2015,0.036381000000000004
1578,Jun 07  2015,0.037964
1579,Jun 06  2015,0.039275
1580,Jun 05  2015,0.046120999999999995
1581,Jun 04  2015,0.048083
1582,Jun 03  2015,0.043405
1583,Jun 02  2015,0.026798000000000002
1584,Jun 01  2015,0.034301
1585,May 31  2015,0.037118
1586,May 30  2015,0.058626
1587,May 29  2015,0.051012
1588,May 28  2015,0.066471
1589,May 27  2015,0.06398200000000001
1590,May 26  2015,0.067327
1591,May 25  2015,0.045571
1592,May 24  2015,0.047724
1593,May 23  2015,0.081716
1594,May 22  2015,0.075572
1595,May 21  2015,0.070151
1596,May 20  2015,0.046388
1597,May 19  2015,0.041998
1598,May 18  2015,0.043121
1599,May 17  2015,0.039297000000000006
1600,May 16  2015,0.038353
1601,May 15  2015,0.032468000000000004
1602,May 14  2015,0.025463999999999997
1603,May 13  2015,0.02468
1604,May 12  2015,0.024082
1605,May 11  2015,0.024047
1606,May 10  2015,0.023526
1607,May 09  2015,0.021618000000000002
1608,May 08  2015,0.020679
1609,May 07  2015,0.018286
1610,May 06  2015,0.018951
1611,May 05  2015,0.018727
1612,May 04  2015,0.019119999999999998
1613,May 03  2015,0.018734999999999998
1614,May 02  2015,0.018802000000000003
1615,May 01  2015,0.019426
1616,Apr 30  2015,0.018935
1617,Apr 29  2015,0.016788
1618,Apr 28  2015,0.018402
1619,Apr 27  2015,0.018285
1620,Apr 26  2015,0.017363999999999997
1621,Apr 25  2015,0.018397
1622,Apr 24  2015,0.019191999999999997
1623,Apr 23  2015,0.018831999999999998
1624,Apr 22  2015,0.014816999999999999
1625,Apr 21  2015,0.013938999999999998
1626,Apr 20  2015,0.013874000000000001
1627,Apr 19  2015,0.014469
1628,Apr 18  2015,0.015864
1629,Apr 17  2015,0.016426
1630,Apr 16  2015,0.014133000000000001
1631,Apr 15  2015,0.012792999999999999
1632,Apr 14  2015,0.011417
1633,Apr 13  2015,0.011998
1634,Apr 12  2015,0.011327
1635,Apr 11  2015,0.011266
1636,Apr 10  2015,0.010993000000000001
1637,Apr 09  2015,0.010140999999999999
1638,Apr 08  2015,0.009413
1639,Apr 07  2015,0.008265999999999999
1640,Apr 06  2015,0.010275
1641,Apr 05  2015,0.009631
1642,Apr 04  2015,0.009637999999999999
1643,Apr 03  2015,0.010614
1644,Apr 02  2015,0.010472
1645,Apr 01  2015,0.009719
1646,Mar 31  2015,0.009723
1647,Mar 30  2015,0.009315
1648,Mar 29  2015,0.008483
1649,Mar 28  2015,0.008544
1650,Mar 27  2015,0.006171
1651,Mar 26  2015,0.006347999999999999
1652,Mar 25  2015,0.005539
1653,Mar 24  2015,0.005721
1654,Mar 23  2015,0.006104
1655,Mar 22  2015,0.006215999999999999
1656,Mar 21  2015,0.006136
1657,Mar 20  2015,0.0068790000000000006
1658,Mar 19  2015,0.005716
1659,Mar 18  2015,0.005745
1660,Mar 17  2015,0.005983
1661,Mar 16  2015,0.006159
1662,Mar 15  2015,0.005961999999999999
1663,Mar 14  2015,0.005634
1664,Mar 13  2015,0.006560999999999999
1665,Mar 12  2015,0.006166
1666,Mar 11  2015,0.006391
1667,Mar 10  2015,0.005222999999999999
1668,Mar 09  2015,0.0047420000000000006
1669,Mar 08  2015,0.0042899999999999995
1670,Mar 07  2015,0.0042710000000000005
1671,Mar 06  2015,0.006501000000000001
1672,Mar 05  2015,0.005377000000000001
1673,Mar 04  2015,0.003919
1674,Mar 03  2015,0.005363000000000001
1675,Mar 02  2015,0.0051719999999999995
1676,Mar 01  2015,0.0040490000000000005
1677,Feb 28  2015,0.004965
1678,Feb 27  2015,0.003783
1679,Feb 26  2015,0.003782
1680,Feb 25  2015,0.004475
1681,Feb 24  2015,0.004492
1682,Feb 23  2015,0.004053
1683,Feb 22  2015,0.004675
1684,Feb 21  2015,0.004864
1685,Feb 20  2015,0.0038590000000000005
1686,Feb 19  2015,0.0028280000000000002
1687,Feb 18  2015,0.002876
1688,Feb 17  2015,0.002833
1689,Feb 16  2015,0.00229
1690,Feb 15  2015,0.002277
1691,Feb 14  2015,0.003351
1692,Feb 13  2015,0.002941
1693,Feb 12  2015,0.005005
1694,Feb 11  2015,0.005016
1695,Feb 10  2015,0.005044
1696,Feb 09  2015,0.004636
1697,Feb 08  2015,0.004646
1698,Feb 07  2015,0.005334
1699,Feb 06  2015,0.004344
1700,Feb 05  2015,0.005145
1701,Feb 04  2015,0.003759
1702,Feb 03  2015,0.0055
1703,Feb 02  2015,0.004463
1704,Feb 01  2015,0.004592000000000001
1705,Jan 31  2015,0.005408
1706,Jan 30  2015,0.005646
1707,Jan 29  2015,0.004712
1708,Jan 28  2015,0.004847
1709,Jan 27  2015,0.005671
1710,Jan 26  2015,0.006224
1711,Jan 25  2015,0.005671
1712,Jan 24  2015,0.005129
1713,Jan 23  2015,0.003831
1714,Jan 22  2015,0.004638000000000001
1715,Jan 21  2015,0.002646
1716,Jan 20  2015,0.00509
1717,Jan 19  2015,0.0033590000000000004
1718,Jan 18  2015,0.003229
1719,Jan 17  2015,0.0032750000000000006
1720,Jan 16  2015,0.004295
1721,Jan 15  2015,0.003208
1722,Jan 14  2015,0.001973
1723,Jan 13  2015,0.0027440000000000003
1724,Jan 12  2015,0.002673
1725,Jan 11  2015,0.00361
1726,Jan 10  2015,0.002643
1727,Jan 09  2015,0.003927
1728,Jan 08  2015,0.003961
1729,Jan 07  2015,0.003565
1730,Jan 06  2015,0.004636
1731,Jan 05  2015,0.003749
1732,Jan 04  2015,0.00419
1733,Jan 03  2015,0.0033159999999999995
1734,Jan 02  2015,0.003766
1735,Jan 01  2015,0.0037710000000000005
1736,Dec 31  2014,0.0038779999999999995
1737,Dec 30  2014,0.004548
1738,Dec 29  2014,0.004997
1739,Dec 28  2014,0.0041270000000000005
1740,Dec 27  2014,0.003917
1741,Dec 26  2014,0.004264
1742,Dec 25  2014,0.0040100000000000005
1743,Dec 24  2014,0.006147
1744,Dec 23  2014,0.005661
1745,Dec 22  2014,0.0045899999999999995
1746,Dec 21  2014,0.006609000000000001
1747,Dec 20  2014,0.005543
1748,Dec 19  2014,0.006576
1749,Dec 18  2014,0.005643
1750,Dec 17  2014,0.006082
1751,Dec 16  2014,0.006266
1752,Dec 15  2014,0.006370000000000001
1753,Dec 14  2014,0.008995
1754,Dec 13  2014,0.009202
1755,Dec 12  2014,0.008773999999999999
1756,Dec 11  2014,0.008468999999999999
1757,Dec 10  2014,0.008659
1758,Dec 09  2014,0.008624
1759,Dec 08  2014,0.0073
1760,Dec 07  2014,0.007487000000000001
1761,Dec 06  2014,0.007498
1762,Dec 05  2014,0.007436
1763,Dec 04  2014,0.007359
1764,Dec 03  2014,0.007493
1765,Dec 01  2014,0.007533
1766,Nov 30  2014,0.0074659999999999995
1767,Nov 29  2014,0.006168
1768,Oct 02  2014,0.005588
1769,Oct 01  2014,0.004824
1770,Sep 30  2014,0.004481
1771,Sep 29  2014,0.0045
1772,Sep 28  2014,0.0047729999999999995
1773,Sep 27  2014,0.005325
1774,Sep 26  2014,0.004811
1775,Sep 25  2014,0.005323
1776,Sep 24  2014,0.0049310000000000005
1777,Sep 23  2014,0.004764
1778,Sep 22  2014,0.004059
1779,Sep 21  2014,0.004034
1780,Sep 20  2014,0.003194
1781,Sep 19  2014,0.004768
1782,Sep 18  2014,0.0051979999999999995
1783,Sep 17  2014,0.0051259999999999995
1784,Sep 16  2014,0.0037630000000000003
1785,Sep 15  2014,0.003636
1786,Sep 14  2014,0.00339
1787,Sep 13  2014,0.0033350000000000003
1788,Sep 12  2014,0.0033420000000000004
1789,Sep 11  2014,0.003322
1790,Sep 10  2014,0.0033520000000000004
1791,Sep 09  2014,0.003415
1792,Sep 08  2014,0.0029899999999999996
1793,Sep 07  2014,0.0024230000000000002
1794,Sep 06  2014,0.001972
1795,Sep 05  2014,0.001745
1796,Sep 04  2014,0.001578
1797,Sep 03  2014,0.00115
1798,Sep 02  2014,0.0011480000000000001
1799,Sep 01  2014,0.001098
1800,Aug 31  2014,0.0009350000000000001
1801,Aug 30  2014,0.0008380000000000001
1802,Aug 29  2014,0.0008250000000000001
1803,Aug 28  2014,0.000711
1804,Aug 27  2014,0.000559
1805,Aug 26  2014,0.000504
1806,Aug 25  2014,0.000499
1807,Aug 24  2014,0.00048100000000000004
1808,Aug 23  2014,0.000586
1809,Aug 22  2014,0.000546
1810,Aug 21  2014,0.00048
1811,Aug 20  2014,0.000281
1812,Aug 19  2014,0.00029
1813,Aug 18  2014,0.00035499999999999996
1814,Aug 17  2014,0.000293
1815,Aug 16  2014,0.0004
1816,Aug 15  2014,0.000404
1817,Aug 14  2014,0.000412
1818,Aug 13  2014,0.000469
1819,Aug 12  2014,0.0005690000000000001
1820,Aug 11  2014,0.0005740000000000001
1821,Aug 10  2014,0.00059
1822,Aug 09  2014,0.000523
1823,Aug 08  2014,0.000677
1824,Aug 07  2014,0.0005200000000000001
1825,Aug 06  2014,0.0005200000000000001
1826,Aug 05  2014,0.000526
1827,Aug 04  2014,0.0005200000000000001
1828,Aug 03  2014,0.000495
1829,Aug 02  2014,0.000478
1830,Aug 01  2014,0.000489
1831,Jul 31  2014,0.000452
1832,Jul 30  2014,0.00045199999999999993
1833,Jul 29  2014,0.00035
1834,Jul 28  2014,0.000474
1835,Jul 27  2014,0.000446
1836,Jul 26  2014,0.000446
1837,Jul 25  2014,0.00047999999999999996
1838,Jul 24  2014,0.00049
1839,Jul 23  2014,0.00055
1840,Jul 22  2014,0.00059
1841,Jul 21  2014,0.0006320000000000001
1842,Jul 20  2014,0.00058
1843,Jul 19  2014,0.001168
1844,Jul 18  2014,0.001253
1845,Jul 17  2014,0.0012
1846,Jul 16  2014,0.001143
1847,Jul 15  2014,0.001115
1848,Jul 14  2014,0.001111
1849,Jul 13  2014,0.000978
1850,Jul 12  2014,0.0009460000000000001
1851,Jul 11  2014,0.000588
1852,Jul 10  2014,0.000857
1853,Jul 09  2014,0.0008160000000000001
1854,Jul 08  2014,0.000814
1855,Jul 07  2014,0.0008640000000000001
1856,Jul 06  2014,0.0007970000000000001
1857,Jul 05  2014,0.000724
1858,Jul 04  2014,0.000601
1859,Jul 03  2014,0.0005769999999999999
1860,Jul 02  2014,0.00048199999999999995
1861,Jul 01  2014,0.000768
1862,Jun 30  2014,0.0007760000000000001
1863,Jun 29  2014,0.000901
1864,Jun 28  2014,0.0009310000000000001
1865,Jun 27  2014,0.0009289999999999999
1866,Jun 26  2014,0.0009220000000000001
1867,Jun 25  2014,0.000916
1868,Jun 24  2014,0.0009449999999999999
1869,Jun 23  2014,0.0009720000000000001
1870,Jun 22  2014,0.000916
1871,Jun 21  2014,0.0008820000000000001
1872,Jun 19  2014,0.0008179999999999999
1873,Jun 18  2014,0.0007639999999999999
1874,Jun 17  2014,0.001153
1875,Jun 16  2014,0.0011129999999999998
1876,Jun 15  2014,0.001166
1877,Jun 14  2014,0.000993
1878,Jun 13  2014,0.001015
1879,Jun 12  2014,0.0010429999999999999
1880,Jun 11  2014,0.001016
1881,Jun 10  2014,0.001049
1882,Jun 09  2014,0.0010949999999999998
1883,Jun 08  2014,0.001112
1884,Jun 07  2014,0.001135
1885,Jun 06  2014,0.001116
1886,Jun 05  2014,0.001009
1887,Jun 04  2014,0.001552
1888,Jun 03  2014,0.0013570000000000001
1889,Jun 02  2014,0.001373
1890,Jun 01  2014,0.001224
1891,May 31  2014,0.001232
1892,May 30  2014,0.0017730000000000003
1893,May 29  2014,0.001578
1894,May 28  2014,0.001584
1895,May 27  2014,0.001742
1896,May 26  2014,0.0017629999999999998
1897,May 25  2014,0.0017170000000000002
1898,May 24  2014,0.00143
1899,May 23  2014,0.001351
1900,May 22  2014,0.001721
1901,May 21  2014,0.002006
1902,May 20  2014,0.001666
1903,May 19  2014,0.001462
1904,May 18  2014,0.0019409999999999998
1905,May 17  2014,0.001823
1906,May 16  2014,0.001805
1907,May 15  2014,0.0022310000000000003
1908,May 14  2014,0.002225
1909,May 13  2014,0.0026899999999999997
1910,May 12  2014,0.002933
1911,May 11  2014,0.002618
1912,May 10  2014,0.0028399999999999996
1913,May 09  2014,0.00405
1914,May 08  2014,0.002239
1915,May 07  2014,0.002022
1916,May 06  2014,0.001925
1917,May 05  2014,0.001817
1918,May 04  2014,0.00205
1919,May 03  2014,0.002239
1920,May 02  2014,0.002718
1921,May 01  2014,0.002745
1922,Apr 30  2014,0.002748
1923,Apr 29  2014,0.002688
1924,Apr 28  2014,0.00245
1925,Apr 27  2014,0.002134
1926,Apr 26  2014,0.003418
1927,Apr 25  2014,0.003168
1928,Apr 24  2014,0.004514
1929,Apr 23  2014,0.006618000000000001
1930,Apr 22  2014,0.006734000000000001
1931,Apr 21  2014,0.007678
1932,Apr 20  2014,0.011096
1933,Apr 19  2014,0.011825
1934,Apr 18  2014,0.010137
1935,Apr 17  2014,0.013269999999999999
1936,Apr 16  2014,0.007014
1937,Apr 15  2014,0.006685
1938,Apr 14  2014,0.019569
1939,Apr 13  2014,0.011507
1940,Apr 12  2014,0.006846
1941,Apr 11  2014,0.0047810000000000005
1942,Apr 10  2014,0.005431
1943,Apr 09  2014,0.005338
1944,Apr 08  2014,0.003058
1945,Apr 07  2014,0.002385
1946,Apr 06  2014,0.002677
1947,Apr 05  2014,0.002111
1948,Apr 04  2014,0.0019440000000000002
1949,Apr 03  2014,0.001749
1950,Apr 02  2014,0.001838
1951,Apr 01  2014,0.001756
1952,Mar 31  2014,0.00133
1953,Mar 30  2014,0.0014269999999999999
1954,Mar 29  2014,0.00157
1955,Mar 28  2014,0.001026
1956,Mar 27  2014,0.001019
1957,Mar 26  2014,0.0037830000000000003
1958,Mar 25  2014,0.003747
1959,Mar 24  2014,0.003383
1960,Mar 23  2014,0.0026969999999999997
1961,Mar 22  2014,0.0026739999999999997
