,Date,weighted_close
0,Oct 02  2019,17.022019758178132
1,Oct 01  2019,17.046436315790057
2,Sep 30  2019,17.174350061314815
3,Sep 29  2019,17.40270524416029
4,Sep 28  2019,17.74219037279096
5,Sep 27  2019,17.274955999842206
6,Sep 26  2019,16.583941087880014
7,Sep 25  2019,17.0339248668282
8,Sep 24  2019,17.512513631079912
9,Sep 23  2019,20.324124170972745
10,Sep 22  2019,21.800966554510318
11,Sep 21  2019,22.001745415614835
12,Sep 20  2019,22.72330510680691
13,Sep 19  2019,23.146832787474203
14,Sep 18  2019,22.730877726568792
15,Sep 17  2019,21.958187041343486
16,Sep 16  2019,21.652848361220126
17,Sep 15  2019,22.523680342213456
18,Sep 14  2019,22.859034613047733
19,Sep 13  2019,22.768005443635612
20,Sep 12  2019,22.998514760345955
21,Sep 11  2019,22.18660146663689
22,Sep 10  2019,22.48479780105851
23,Sep 09  2019,23.754248144182313
24,Sep 08  2019,24.487224222982714
25,Sep 07  2019,23.941382983853615
26,Sep 06  2019,23.67033985657149
27,Sep 05  2019,24.356377580670223
28,Sep 04  2019,24.506539519847653
29,Sep 03  2019,25.244973578719605
30,Sep 02  2019,24.54396548554373
31,Sep 01  2019,23.607997429343605
32,Aug 31  2019,22.549007251138356
33,Aug 30  2019,22.618793780498454
34,Aug 29  2019,22.197363907984364
35,Aug 28  2019,22.796269105285948
36,Aug 27  2019,23.546422494376493
37,Aug 26  2019,24.248846146603725
38,Aug 25  2019,23.86891332638733
39,Aug 24  2019,23.94324514701824
40,Aug 23  2019,24.443424114109025
41,Aug 22  2019,24.11198579124739
42,Aug 21  2019,24.184548622875834
43,Aug 20  2019,25.7291346794764
44,Aug 19  2019,25.704220993731273
45,Aug 18  2019,25.110221563599854
46,Aug 17  2019,24.552032565428608
47,Aug 16  2019,24.719282751529214
48,Aug 15  2019,24.64129112870636
49,Aug 14  2019,25.196038102274454
50,Aug 13  2019,25.58759774303844
51,Aug 12  2019,26.614849842420977
52,Aug 11  2019,27.05716060883499
53,Aug 10  2019,26.42381387451914
54,Aug 09  2019,26.27201336519733
55,Aug 08  2019,26.746339212155977
56,Aug 07  2019,29.36262883858479
57,Aug 06  2019,30.36845157157018
58,Aug 05  2019,30.43076317320672
59,Aug 04  2019,27.691295903606324
60,Aug 03  2019,27.439863375049292
61,Aug 02  2019,27.675126716281664
62,Aug 01  2019,27.192333411485247
63,Jul 31  2019,26.242833723694318
64,Jul 30  2019,24.534903398030966
65,Jul 29  2019,24.91395482255609
66,Jul 28  2019,25.15194045011578
67,Jul 27  2019,24.99871227080448
68,Jul 26  2019,26.030497247817806
69,Jul 25  2019,26.367824970660447
70,Jul 24  2019,26.64385715456641
71,Jul 23  2019,27.229693807051707
72,Jul 22  2019,28.06860576604447
73,Jul 21  2019,28.886760807487033
74,Jul 20  2019,28.977456868077105
75,Jul 19  2019,28.154103546917728
76,Jul 18  2019,28.445017498057876
77,Jul 17  2019,27.17734732680558
78,Jul 16  2019,25.46837167207114
79,Jul 15  2019,29.29804285394434
80,Jul 14  2019,27.62375454818767
81,Jul 13  2019,29.886791640711984
82,Jul 12  2019,30.48287322951675
83,Jul 11  2019,29.00595100526064
84,Jul 10  2019,31.582762074716864
85,Jul 09  2019,32.37806725489084
86,Jul 08  2019,31.410608654924534
87,Jul 07  2019,30.689246504732665
88,Jul 06  2019,29.236372641047808
89,Jul 05  2019,28.736657374470855
90,Jul 04  2019,29.694093631317855
91,Jul 03  2019,31.034964985475607
92,Jul 02  2019,28.27348158605718
93,Jul 01  2019,28.495528336199282
94,Jun 30  2019,29.570247583314526
95,Jun 29  2019,33.95282456178928
96,Jun 28  2019,32.66889528081519
97,Jun 27  2019,29.905394210411007
98,Jun 26  2019,33.536586988191324
99,Jun 25  2019,30.805486514067347
100,Jun 24  2019,31.2479270825304
101,Jun 23  2019,33.093642881626174
102,Jun 22  2019,29.50019857580767
103,Jun 21  2019,28.807498530174716
104,Jun 20  2019,28.10109825668959
105,Jun 19  2019,27.144950125815285
106,Jun 18  2019,27.58627279135069
107,Jun 17  2019,27.88636529789114
108,Jun 16  2019,26.60331257125977
109,Jun 15  2019,26.460455749400957
110,Jun 14  2019,25.43263281505785
111,Jun 13  2019,26.898282272992994
112,Jun 12  2019,26.576414449707276
113,Jun 11  2019,26.634474451918425
114,Jun 10  2019,26.282234151806648
115,Jun 09  2019,25.48822809918285
116,Jun 08  2019,25.232184515777984
117,Jun 07  2019,25.623755730180854
118,Jun 06  2019,24.344968749819998
119,Jun 05  2019,24.72312805144297
120,Jun 04  2019,23.993505194814308
121,Jun 03  2019,25.449951358684395
122,Jun 02  2019,27.623249238030198
123,Jun 01  2019,27.01970410982188
124,May 31  2019,26.860360267029115
125,May 30  2019,26.454133345115938
126,May 29  2019,26.91353023363788
127,May 28  2019,26.618578697775696
128,May 27  2019,27.71734171325236
129,May 26  2019,26.924858314034495
130,May 25  2019,26.805789908506163
131,May 24  2019,26.49350117349206
132,May 23  2019,26.208208976841306
133,May 22  2019,26.878082502483803
134,May 21  2019,27.903368573087203
135,May 20  2019,27.719435039776037
136,May 19  2019,28.664491273503888
137,May 18  2019,27.399089907572193
138,May 17  2019,27.073545018111716
139,May 16  2019,29.363464321947845
140,May 15  2019,31.75964631221108
141,May 14  2019,27.25182996101171
142,May 13  2019,27.346895523616613
143,May 12  2019,25.381757642139362
144,May 11  2019,27.820038830885192
145,May 10  2019,24.32066274742378
146,May 09  2019,24.393738195027705
147,May 08  2019,24.25740296518318
148,May 07  2019,24.312735164374665
149,May 06  2019,24.68628508287544
150,May 05  2019,24.94443421065045
151,May 04  2019,25.0214059863548
152,May 03  2019,24.952868839694318
153,May 02  2019,23.424157825384295
154,May 01  2019,23.089164445884098
155,Apr 30  2019,22.293932950795288
156,Apr 29  2019,21.870707018227904
157,Apr 28  2019,22.901290744752302
158,Apr 27  2019,21.934609552001362
159,Apr 26  2019,21.69629502793256
160,Apr 25  2019,21.783371502050827
161,Apr 24  2019,23.731385324298305
162,Apr 23  2019,23.942132721353783
163,Apr 22  2019,24.445304223518818
164,Apr 21  2019,24.149005042580846
165,Apr 20  2019,24.17265320001983
166,Apr 19  2019,23.684145251804125
167,Apr 18  2019,23.824401635695967
168,Apr 17  2019,23.593090759603633
169,Apr 16  2019,23.387395511187037
170,Apr 15  2019,22.9780777347031
171,Apr 14  2019,24.08143742261285
172,Apr 13  2019,23.4130444695615
173,Apr 12  2019,23.04098920572085
174,Apr 11  2019,22.966875382666345
175,Apr 10  2019,24.600552774363177
176,Apr 09  2019,24.215126817685153
177,Apr 08  2019,24.74497435289014
178,Apr 07  2019,24.552628594266427
179,Apr 06  2019,23.871126561694958
180,Apr 05  2019,24.26679883858206
181,Apr 04  2019,22.27068372387174
182,Apr 03  2019,22.70482118854786
183,Apr 02  2019,21.860062276766836
184,Apr 01  2019,18.924181233794286
185,Mar 31  2019,19.248791123647784
186,Mar 30  2019,18.35743654676848
187,Mar 29  2019,18.52477240608601
188,Mar 28  2019,18.643586098960245
189,Mar 27  2019,18.48442299502466
190,Mar 26  2019,17.653071192440645
191,Mar 25  2019,18.005252647315423
192,Mar 24  2019,17.630477787109125
193,Mar 23  2019,17.745383841964948
194,Mar 22  2019,17.678557330942436
195,Mar 21  2019,17.61454058927185
196,Mar 20  2019,18.048557415043916
197,Mar 19  2019,17.995480270990264
198,Mar 18  2019,18.22117470379118
199,Mar 17  2019,18.411337393736325
200,Mar 16  2019,18.218961956532794
201,Mar 15  2019,18.680188830808255
202,Mar 14  2019,18.286378041144854
203,Mar 13  2019,17.445453512012797
204,Mar 12  2019,17.67205993153625
205,Mar 11  2019,16.003815439637084
206,Mar 10  2019,16.081326165826713
207,Mar 09  2019,15.743976803287525
208,Mar 08  2019,15.345299436360387
209,Mar 07  2019,15.275897605714599
210,Mar 06  2019,15.89969117491992
211,Mar 05  2019,16.19414258702373
212,Mar 04  2019,15.2630218207168
213,Mar 03  2019,15.587094808333015
214,Mar 02  2019,16.079752586453246
215,Mar 01  2019,15.699193111564444
216,Feb 28  2019,15.752679742512486
217,Feb 27  2019,15.7521957595475
218,Feb 26  2019,15.880091345263788
219,Feb 25  2019,15.403556916429416
220,Feb 24  2019,15.179992042442667
221,Feb 23  2019,16.76537335273355
222,Feb 22  2019,16.3000053822673
223,Feb 21  2019,15.749637115435199
224,Feb 20  2019,16.201988205604575
225,Feb 19  2019,16.442535124792748
226,Feb 18  2019,16.71286926929897
227,Feb 17  2019,16.056093085411035
228,Feb 16  2019,15.686269055765184
229,Feb 15  2019,15.694073678730721
230,Feb 14  2019,15.65984835516699
231,Feb 13  2019,15.802316450617235
232,Feb 12  2019,15.813587097228693
233,Feb 11  2019,15.681656241080402
234,Feb 10  2019,16.054641562385264
235,Feb 09  2019,15.538708284258357
236,Feb 08  2019,15.543911957755505
237,Feb 07  2019,14.186901113337434
238,Feb 06  2019,13.996950580130287
239,Feb 05  2019,14.881749200828738
240,Feb 04  2019,14.782459630351902
241,Feb 03  2019,14.953439089213902
242,Feb 02  2019,14.863024641078567
243,Feb 01  2019,14.907468830116184
244,Jan 31  2019,14.787112589549192
245,Jan 30  2019,15.329646778292181
246,Jan 29  2019,15.091589174781573
247,Jan 28  2019,15.522059900936855
248,Jan 27  2019,16.026450445382988
249,Jan 26  2019,16.120433563778306
250,Jan 25  2019,16.011919383062416
251,Jan 24  2019,16.34355995119141
252,Jan 23  2019,16.208277289356918
253,Jan 22  2019,16.215518357014165
254,Jan 21  2019,16.027848629246364
255,Jan 20  2019,15.446479559968305
256,Jan 19  2019,16.41923479873696
257,Jan 18  2019,15.985747655593865
258,Jan 17  2019,16.13167938860189
259,Jan 16  2019,15.813132534167398
260,Jan 15  2019,15.331905649211182
261,Jan 14  2019,15.628473965410185
262,Jan 13  2019,15.267788117255195
263,Jan 12  2019,16.50717072445265
264,Jan 11  2019,16.02986128510101
265,Jan 10  2019,15.43586571649712
266,Jan 09  2019,17.856332100415294
267,Jan 08  2019,17.252910719024307
268,Jan 07  2019,17.912189256518655
269,Jan 06  2019,18.527127467761982
270,Jan 05  2019,17.476252731856125
271,Jan 04  2019,17.500737391509077
272,Jan 03  2019,17.186777519790777
273,Jan 02  2019,17.310558304735164
274,Jan 01  2019,16.42030906530897
275,Dec 31  2018,15.54522079730968
276,Dec 30  2018,17.672408259633468
277,Dec 29  2018,17.167265037379472
278,Dec 28  2018,18.876792645960474
279,Dec 27  2018,15.358132582029658
280,Dec 26  2018,16.937470334998665
281,Dec 25  2018,16.795603415239942
282,Dec 24  2018,18.458038019258083
283,Dec 23  2018,18.17277874905806
284,Dec 22  2018,17.686127464788186
285,Dec 21  2018,17.030269553643922
286,Dec 20  2018,18.62600899865105
287,Dec 19  2018,17.26165469230874
288,Dec 18  2018,17.24908075246667
289,Dec 17  2018,15.143015569257923
290,Dec 16  2018,14.214139224049188
291,Dec 15  2018,13.74087766943191
292,Dec 14  2018,14.051809872589375
293,Dec 13  2018,13.554917550979557
294,Dec 12  2018,13.910750650469144
295,Dec 11  2018,13.741495723907919
296,Dec 10  2018,14.618009417059543
297,Dec 09  2018,16.52211791834151
298,Dec 08  2018,16.14069426336439
299,Dec 07  2018,16.271794984520117
300,Dec 06  2018,17.131483193414347
301,Dec 05  2018,17.66530012644393
302,Dec 04  2018,18.606052343638567
303,Dec 03  2018,18.154487510721584
304,Dec 02  2018,19.416005590569977
305,Dec 01  2018,19.423311799793943
306,Nov 30  2018,18.79353710156067
307,Nov 29  2018,20.50329769209061
308,Nov 28  2018,20.612134669938843
309,Nov 27  2018,18.774700204221503
310,Nov 26  2018,18.678511916741297
311,Nov 25  2018,20.24391296068204
312,Nov 24  2018,19.31473336307986
313,Nov 23  2018,21.798821832980426
314,Nov 22  2018,22.86528267683426
315,Nov 21  2018,24.83666333783391
316,Nov 20  2018,22.450268638603877
317,Nov 19  2018,24.659697058734707
318,Nov 18  2018,31.973141734915824
319,Nov 17  2018,31.175118285484338
320,Nov 16  2018,31.344220765854008
321,Nov 15  2018,32.74541138643669
322,Nov 14  2018,32.92609584791684
323,Nov 13  2018,37.161164560834365
324,Nov 12  2018,38.11553665990608
325,Nov 11  2018,37.44064944159208
326,Nov 10  2018,38.52574253212361
327,Nov 09  2018,39.02621135159134
328,Nov 08  2018,37.09529348647339
329,Nov 07  2018,38.90775075070516
330,Nov 06  2018,39.21130351128086
331,Nov 05  2018,37.47154746979708
332,Nov 04  2018,38.32820835587019
333,Nov 03  2018,38.474206973004485
334,Nov 02  2018,39.97148343101552
335,Nov 01  2018,38.20306904542518
336,Oct 31  2018,37.7433254256763
337,Oct 30  2018,37.826396697262
338,Oct 29  2018,37.93843806903202
339,Oct 28  2018,42.30029911053287
340,Oct 27  2018,40.579089760062175
341,Oct 26  2018,41.42265590885753
342,Oct 25  2018,41.33711020560316
343,Oct 24  2018,45.51519269408802
344,Oct 23  2018,49.34534749023781
345,Oct 22  2018,36.62261129681913
346,Oct 21  2018,36.2602124615989
347,Oct 20  2018,36.512501951393226
348,Oct 19  2018,36.24222501005646
349,Oct 18  2018,36.776407313405564
350,Oct 17  2018,37.82010046050298
351,Oct 16  2018,38.28282640864293
352,Oct 15  2018,38.241888724080496
353,Oct 14  2018,35.81906877381469
354,Oct 13  2018,36.49360697786185
355,Oct 12  2018,34.47701368353936
356,Oct 11  2018,35.21823682402092
357,Oct 10  2018,39.64380900001241
358,Oct 09  2018,39.406443132326324
359,Oct 08  2018,41.92974335012099
360,Oct 07  2018,37.453866898739236
361,Oct 06  2018,38.5271307383198
362,Oct 05  2018,39.78547942107146
363,Oct 04  2018,39.73116681711991
364,Oct 03  2018,36.558352326832285
365,Oct 02  2018,36.72926716358918
366,Oct 01  2018,36.41602591540676
367,Sep 30  2018,37.695440766292336
368,Sep 29  2018,36.92500153389564
369,Sep 28  2018,36.64379578068088
370,Sep 27  2018,36.51746754042204
371,Sep 26  2018,35.0607939192429
372,Sep 25  2018,34.87802912635781
373,Sep 24  2018,35.690863032809844
374,Sep 23  2018,36.63671163603391
375,Sep 22  2018,35.57352420678571
376,Sep 21  2018,35.94340665333053
377,Sep 20  2018,34.53177616436363
378,Sep 19  2018,34.00810902480353
379,Sep 18  2018,34.421970473026576
380,Sep 17  2018,34.35742195097965
381,Sep 16  2018,35.966288146472216
382,Sep 15  2018,36.69237495308601
383,Sep 14  2018,36.51116926641478
384,Sep 13  2018,35.13309821156581
385,Sep 12  2018,32.768761650150985
386,Sep 11  2018,33.90117166168348
387,Sep 10  2018,34.53545652042027
388,Sep 09  2018,35.17851951505996
389,Sep 08  2018,33.2313114945892
390,Sep 07  2018,36.06016210787702
391,Sep 06  2018,35.16685220610988
392,Sep 05  2018,35.018608492894295
393,Sep 04  2018,40.74825650528109
394,Sep 03  2018,40.488891912426986
395,Sep 02  2018,41.766265448171275
396,Sep 01  2018,42.18231541464796
397,Aug 31  2018,40.44540287837594
398,Aug 30  2018,40.11931184824921
399,Aug 29  2018,39.239669937568905
400,Aug 28  2018,38.717112945051795
401,Aug 27  2018,37.57048924784157
402,Aug 26  2018,35.948156341544355
403,Aug 25  2018,37.76261651220491
404,Aug 24  2018,38.521471173226516
405,Aug 23  2018,35.04173448459942
406,Aug 22  2018,34.458310423568236
407,Aug 21  2018,35.89561792439796
408,Aug 20  2018,34.83563707487198
409,Aug 19  2018,38.203071990650706
410,Aug 18  2018,37.328256300624474
411,Aug 17  2018,40.10560764101482
412,Aug 16  2018,35.70590740072412
413,Aug 15  2018,35.2175866204327
414,Aug 14  2018,37.86418347993969
415,Aug 13  2018,36.189882544789455
416,Aug 12  2018,38.75111393472245
417,Aug 11  2018,40.891457064448524
418,Aug 10  2018,40.35197807986754
419,Aug 09  2018,44.78470186579155
420,Aug 08  2018,43.14955921440676
421,Aug 07  2018,44.688933218536945
422,Aug 06  2018,47.04303375009696
423,Aug 05  2018,47.24096478050256
424,Aug 04  2018,48.43515133853803
425,Aug 03  2018,51.9869002941346
426,Aug 02  2018,50.34178840695203
427,Aug 01  2018,53.616405321616874
428,Jul 31  2018,52.74551450377485
429,Jul 30  2018,56.26655899548204
430,Jul 29  2018,60.72420645569471
431,Jul 28  2018,60.36181918190126
432,Jul 27  2018,60.209224804055374
433,Jul 26  2018,60.57216951825999
434,Jul 25  2018,62.526051711263186
435,Jul 24  2018,63.0441257758449
436,Jul 23  2018,64.27843812223996
437,Jul 22  2018,66.31164366769208
438,Jul 21  2018,68.40757711762069
439,Jul 20  2018,68.26898668877134
440,Jul 19  2018,68.88290505263925
441,Jul 18  2018,68.13458064303171
442,Jul 17  2018,72.20781803542154
443,Jul 16  2018,67.686761373746
444,Jul 15  2018,59.87613733940038
445,Jul 14  2018,54.43696278492091
446,Jul 13  2018,53.54105416095369
447,Jul 12  2018,52.994399514128325
448,Jul 11  2018,55.239309973395734
449,Jul 10  2018,53.90951238136767
450,Jul 09  2018,58.30766711863659
451,Jul 08  2018,58.31292107661426
452,Jul 07  2018,60.907426319173794
453,Jul 06  2018,61.44041420031409
454,Jul 05  2018,62.35723998707276
455,Jul 04  2018,64.57132556202248
456,Jul 03  2018,65.43165340865514
457,Jul 02  2018,66.07992965896528
458,Jul 01  2018,64.12494321689826
459,Jun 30  2018,62.60047450676251
460,Jun 29  2018,65.87900356279916
461,Jun 28  2018,56.556206044311345
462,Jun 27  2018,65.45973043110439
463,Jun 26  2018,67.27242653888311
464,Jun 25  2018,70.78545916303534
465,Jun 24  2018,69.86032604040358
466,Jun 23  2018,69.37946914136327
467,Jun 22  2018,73.78644435466406
468,Jun 21  2018,85.99980468705544
469,Jun 20  2018,86.57316377968888
470,Jun 19  2018,88.55652360654571
471,Jun 18  2018,89.1084427246679
472,Jun 17  2018,86.89543374820536
473,Jun 16  2018,85.9358072723534
474,Jun 15  2018,86.76686862129978
475,Jun 14  2018,94.7892766228521
476,Jun 13  2018,82.23336418482837
477,Jun 12  2018,81.82745067258686
478,Jun 11  2018,90.30390066481131
479,Jun 10  2018,88.18628724034816
480,Jun 09  2018,98.2172231335431
481,Jun 08  2018,103.13165157072639
482,Jun 07  2018,101.76635707916891
483,Jun 06  2018,95.05938279823738
484,Jun 05  2018,96.22274798343508
485,Jun 04  2018,94.73306245241862
486,Jun 03  2018,93.32608009001783
487,Jun 02  2018,97.00787245698544
488,Jun 01  2018,90.82608687988052
489,May 31  2018,88.38300281825012
490,May 30  2018,84.98285631795018
491,May 29  2018,88.60440159040375
492,May 28  2018,85.00421389393884
493,May 27  2018,86.89661068853168
494,May 26  2018,87.18293796931884
495,May 25  2018,96.27439341426025
496,May 24  2018,98.58119899524371
497,May 23  2018,98.81336935723479
498,May 22  2018,104.76521994618307
499,May 21  2018,111.70511156705014
500,May 20  2018,106.50106957459977
501,May 19  2018,103.05635672333564
502,May 18  2018,100.1844901713369
503,May 17  2018,89.04795316044907
504,May 16  2018,89.08339522938807
505,May 15  2018,93.62780574808663
506,May 14  2018,98.97423290189877
507,May 13  2018,87.20147211772945
508,May 12  2018,81.71882704527427
509,May 11  2018,82.70061714104162
510,May 10  2018,82.78074088060896
511,May 09  2018,81.62466056311699
512,May 08  2018,81.31554182941446
513,May 07  2018,84.32745250250208
514,May 06  2018,81.75096382520276
515,May 05  2018,82.85416652634373
516,May 04  2018,87.10136220775743
517,May 03  2018,79.4329977213697
518,May 02  2018,76.65327120366302
519,May 01  2018,77.70289192275982
520,Apr 30  2018,78.27376379090799
521,Apr 29  2018,78.76392424847404
522,Apr 28  2018,81.95371959563812
523,Apr 27  2018,79.06080645963341
524,Apr 26  2018,79.47419965791609
525,Apr 25  2018,72.49784275450429
526,Apr 24  2018,69.84789502049348
527,Apr 23  2018,61.19849734558802
528,Apr 22  2018,60.20827980401262
529,Apr 21  2018,62.55945517358286
530,Apr 20  2018,61.500204882428584
531,Apr 19  2018,56.94634224851977
532,Apr 18  2018,57.192377797233185
533,Apr 17  2018,55.43005642588239
534,Apr 16  2018,56.97011444152718
535,Apr 15  2018,58.165865002073765
536,Apr 14  2018,54.117814667464074
537,Apr 13  2018,52.667171351680125
538,Apr 12  2018,55.90917134308096
539,Apr 11  2018,47.52476698119432
540,Apr 10  2018,46.45524905958009
541,Apr 09  2018,43.88328624943549
542,Apr 08  2018,45.69282713148103
543,Apr 07  2018,45.892160891755395
544,Apr 06  2018,39.98243170240089
545,Apr 05  2018,39.91964332979319
546,Apr 04  2018,38.676120626660854
547,Apr 03  2018,43.00254493426106
548,Apr 02  2018,38.05293556049185
549,Apr 01  2018,35.77286378179774
550,Mar 31  2018,36.11059946154091
551,Mar 30  2018,35.6042741357288
552,Mar 29  2018,37.01098959759155
553,Mar 28  2018,43.27046222697085
554,Mar 27  2018,42.60829712330598
555,Mar 26  2018,44.84246850385924
556,Mar 25  2018,46.96965523898975
557,Mar 24  2018,47.98956160690291
558,Mar 23  2018,48.79007261694096
559,Mar 22  2018,47.39761273785768
560,Mar 21  2018,48.65480637119617
561,Mar 20  2018,49.38825221475671
562,Mar 19  2018,49.257312186520906
563,Mar 18  2018,47.7416382590037
564,Mar 17  2018,45.58951674609332
565,Mar 16  2018,50.567668489962585
566,Mar 15  2018,50.28969914828541
567,Mar 14  2018,47.241849378062106
568,Mar 13  2018,54.69727910988727
569,Mar 12  2018,54.810309513349125
570,Mar 11  2018,58.25015383307854
571,Mar 10  2018,55.77186765527183
572,Mar 09  2018,56.1810024139375
573,Mar 08  2018,53.614890856098995
574,Mar 07  2018,61.25827748628033
575,Mar 06  2018,66.76412424040943
576,Mar 05  2018,75.31863284268849
577,Mar 04  2018,73.437421851933
578,Mar 03  2018,73.61571952204613
579,Mar 02  2018,74.23161242881379
580,Mar 01  2018,73.32169824878586
581,Feb 28  2018,68.498177939902
582,Feb 27  2018,71.43698392874245
583,Feb 26  2018,69.32376779488331
584,Feb 25  2018,66.19773211439141
585,Feb 24  2018,65.93833182690636
586,Feb 23  2018,69.831374127804
587,Feb 22  2018,66.25072466707341
588,Feb 21  2018,69.0341556317191
589,Feb 20  2018,73.73093772595278
590,Feb 19  2018,81.7716433521294
591,Feb 18  2018,78.94353565328885
592,Feb 17  2018,89.98586862705686
593,Feb 16  2018,84.57142184589803
594,Feb 15  2018,81.56170460457851
595,Feb 14  2018,75.61047249388858
596,Feb 13  2018,67.89253004081705
597,Feb 12  2018,71.8033358103752
598,Feb 11  2018,63.73236499777554
599,Feb 10  2018,70.90120897822072
600,Feb 09  2018,75.35929229626846
601,Feb 08  2018,66.80896641826608
602,Feb 07  2018,63.17810229884852
603,Feb 06  2018,67.56752102093392
604,Feb 05  2018,54.332574359465035
605,Feb 04  2018,67.8685730934111
606,Feb 03  2018,82.6013831081419
607,Feb 02  2018,73.6773485600642
608,Feb 01  2018,77.80872631033684
609,Jan 31  2018,91.05424850480684
610,Jan 30  2018,82.46236682206533
611,Jan 29  2018,91.26302136750506
612,Jan 28  2018,85.60959730520189
613,Jan 27  2018,84.58690694390864
614,Jan 26  2018,82.98058846770518
615,Jan 25  2018,83.29935510798539
616,Jan 24  2018,86.52187252407899
617,Jan 23  2018,84.41129985893936
618,Jan 22  2018,82.57422383057305
619,Jan 21  2018,92.68796102666461
620,Jan 20  2018,108.99188597172477
621,Jan 19  2018,95.17916504287496
622,Jan 18  2018,74.70003460084911
623,Jan 17  2018,77.1382614705191
624,Jan 16  2018,74.57186153028928
625,Jan 15  2018,93.71528121899935
626,Jan 14  2018,99.44410714964133
627,Jan 13  2018,110.98201819003529
628,Jan 12  2018,101.48609571280764
629,Jan 11  2018,88.91216359216097
630,Jan 10  2018,99.74789118421994
631,Jan 09  2018,101.42616231748733
632,Jan 08  2018,97.73402943228488
633,Jan 07  2018,101.07791342013753
634,Jan 06  2018,101.65588691975945
635,Jan 05  2018,98.20755409647721
636,Jan 04  2018,99.18664788014785
637,Jan 03  2018,96.14891592758993
638,Jan 02  2018,97.72708090965374
639,Jan 01  2018,98.97959422704197
640,Dec 31  2017,86.35580504900894
641,Dec 30  2017,75.97200263996726
642,Dec 29  2017,89.76701604888594
643,Dec 28  2017,79.74991109712678
644,Dec 27  2017,84.57152634522564
645,Dec 26  2017,84.42712524207066
646,Dec 25  2017,81.61617294360136
647,Dec 24  2017,80.28872054620085
648,Dec 23  2017,75.70991316504949
649,Dec 22  2017,68.12088009657967
650,Dec 21  2017,85.39077025264041
651,Dec 20  2017,87.10612897399535
652,Dec 19  2017,82.39381978044166
653,Dec 18  2017,82.80827870595746
654,Dec 17  2017,76.34473035832009
655,Dec 16  2017,74.63966365892705
656,Dec 15  2017,61.95902308331064
657,Dec 14  2017,65.0121063823679
658,Dec 13  2017,64.81253617374344
659,Dec 12  2017,62.828592973534114
660,Dec 11  2017,48.99382085412457
661,Dec 10  2017,47.33484427165841
662,Dec 09  2017,44.91997870459773
663,Dec 08  2017,47.676646338355205
664,Dec 07  2017,41.04831631973584
665,Dec 06  2017,41.258734793741574
666,Dec 05  2017,46.6521077818734
667,Dec 04  2017,48.691006200271616
668,Dec 03  2017,44.32791393245088
669,Dec 02  2017,46.505666800296645
670,Dec 01  2017,49.29723568269989
671,Nov 30  2017,47.86372498787288
672,Nov 29  2017,42.035605424024595
673,Nov 28  2017,47.62156094261068
674,Nov 27  2017,51.78549176590616
675,Nov 26  2017,54.0468099045954
676,Nov 25  2017,42.42204123889401
677,Nov 24  2017,40.908515842094786
678,Nov 23  2017,35.90653396723526
679,Nov 22  2017,33.08814682482128
680,Nov 21  2017,27.106215482516863
681,Nov 20  2017,26.894331271012533
682,Nov 19  2017,27.989021098694632
683,Nov 18  2017,27.723685947941338
684,Nov 17  2017,24.849629568598107
685,Nov 16  2017,25.091934804700774
686,Nov 15  2017,27.040332535318996
687,Nov 14  2017,27.404794652296808
688,Nov 13  2017,25.003614358928765
689,Nov 12  2017,23.358744806259978
690,Nov 11  2017,24.121301716744096
691,Nov 10  2017,23.291624179746826
692,Nov 09  2017,25.718105847906852
693,Nov 08  2017,24.19387068514602
694,Nov 07  2017,22.950679488571566
695,Nov 06  2017,22.199966218764658
696,Nov 05  2017,22.16824770722516
697,Nov 04  2017,22.020895822296755
698,Nov 03  2017,20.386815278439595
699,Nov 02  2017,17.668851949028305
700,Nov 01  2017,19.86734145794357
701,Oct 31  2017,21.638450072870906
702,Oct 30  2017,23.450237503387907
703,Oct 29  2017,22.935439966978254
704,Oct 28  2017,24.75904848316448
705,Oct 27  2017,23.966575099195026
706,Oct 26  2017,24.278748610480637
707,Oct 25  2017,29.05997192919134
708,Oct 24  2017,22.083270228330296
709,Oct 23  2017,18.46149272372275
710,Oct 22  2017,20.864122752751378
711,Oct 21  2017,19.6251666338152
712,Oct 20  2017,19.25866253185461
713,Oct 19  2017,21.415208192501044
714,Oct 18  2017,21.670159674034828
715,Oct 17  2017,23.565656239940207
716,Oct 16  2017,21.602705139211512
717,Oct 15  2017,22.1848042818052
718,Oct 14  2017,22.95921216780531
719,Oct 13  2017,22.132265166858037
720,Oct 12  2017,22.91207056609159
721,Oct 11  2017,22.067632157061105
722,Oct 10  2017,22.250089361740738
723,Oct 09  2017,20.903530131603528
724,Oct 08  2017,21.60834361581133
725,Oct 07  2017,23.962921533940378
726,Oct 06  2017,24.83546329746166
727,Oct 05  2017,24.552595318285913
728,Oct 04  2017,25.027559747082876
729,Oct 03  2017,25.56407994936364
730,Oct 02  2017,27.6567477306589
731,Oct 01  2017,26.608129710778098
732,Sep 30  2017,27.935351299553634
733,Sep 29  2017,27.76200960351187
734,Sep 28  2017,27.874899638090575
735,Sep 27  2017,28.9166922478057
736,Sep 26  2017,26.942947826947368
737,Sep 25  2017,28.51199895401407
738,Sep 24  2017,27.42184736943707
739,Sep 23  2017,31.072213926655927
740,Sep 22  2017,25.015320156320595
741,Sep 21  2017,25.967115927275895
742,Sep 20  2017,29.491098435934557
743,Sep 19  2017,26.150135932998744
744,Sep 18  2017,24.506067084448688
745,Sep 17  2017,23.742697604684885
746,Sep 16  2017,24.798358922699045
747,Sep 15  2017,23.317186219664404
748,Sep 14  2017,18.46642107646403
749,Sep 13  2017,20.548853792764437
750,Sep 12  2017,21.72334750785787
751,Sep 11  2017,22.911356106166135
752,Sep 10  2017,22.37447705251204
753,Sep 09  2017,23.87063937594268
754,Sep 08  2017,25.005015444622504
755,Sep 07  2017,27.529918299223883
756,Sep 06  2017,28.012324638912617
757,Sep 05  2017,27.4931306520778
758,Sep 04  2017,25.844632183672502
759,Sep 03  2017,29.995488824667436
760,Sep 02  2017,29.7211637372397
761,Sep 01  2017,34.30933796607665
762,Aug 31  2017,31.17672352709197
763,Aug 30  2017,31.33153977669164
764,Aug 29  2017,28.131659872343914
765,Aug 28  2017,32.68911798201389
766,Aug 27  2017,34.22738464992437
767,Aug 26  2017,31.50819594846676
768,Aug 25  2017,27.617171786812424
769,Aug 24  2017,24.36479728332289
770,Aug 23  2017,19.901603262494106
771,Aug 22  2017,19.698307301423316
772,Aug 21  2017,21.350312038500565
773,Aug 20  2017,20.094039612669793
774,Aug 19  2017,21.996532329950334
775,Aug 18  2017,18.195654794195036
776,Aug 17  2017,18.56926663398132
777,Aug 16  2017,20.271292580054144
778,Aug 15  2017,24.047378969329333
779,Aug 14  2017,17.901954780685955
780,Aug 13  2017,20.132749766987896
781,Aug 12  2017,21.19436356705256
782,Aug 11  2017,20.92909416773808
783,Aug 10  2017,22.271095230352703
784,Aug 09  2017,23.600304139301954
785,Aug 08  2017,25.481081509946996
786,Aug 07  2017,24.333735046370254
787,Aug 06  2017,24.37541957515458
788,Aug 05  2017,23.904785809361314
789,Aug 04  2017,22.02759443496565
790,Aug 03  2017,23.007568006631345
791,Aug 02  2017,24.455948807542676
792,Aug 01  2017,24.72672540218891
793,Jul 31  2017,24.044207623474474
794,Jul 30  2017,21.79065584717975
795,Jul 29  2017,25.48247717237096
796,Jul 28  2017,18.538502984920665
797,Jul 27  2017,20.50939635800223
798,Jul 26  2017,20.82488617584418
799,Jul 25  2017,20.716563616604684
800,Jul 24  2017,22.229155465729345
801,Jul 23  2017,22.161742967881924
802,Jul 22  2017,23.7535367520089
803,Jul 21  2017,21.228576028208924
804,Jul 20  2017,22.981935436085895
805,Jul 19  2017,20.739186024641764
806,Jul 18  2017,22.029378283250722
807,Jul 17  2017,21.678334781783548
808,Jul 16  2017,16.902050357522032
809,Jul 15  2017,18.165732867356084
810,Jul 14  2017,20.37367985623301
811,Jul 13  2017,23.523282532990173
812,Jul 12  2017,25.93822090895456
813,Jul 11  2017,23.21034838188596
814,Jul 10  2017,21.874685743243404
815,Jul 09  2017,30.555492163965248
816,Jul 08  2017,34.22159405364155
817,Jul 07  2017,27.373681436002773
818,Jul 06  2017,32.66920691198771
819,Jul 05  2017,35.04902022440396
820,Jul 04  2017,34.00568427139086
821,Jul 03  2017,29.280154304412875
822,Jul 02  2017,27.31097055333173
823,Jul 01  2017,26.49039198654815
824,Jun 30  2017,30.11239934466924
825,Jun 29  2017,31.739127758993583
826,Jun 28  2017,33.96203237687256
827,Jun 27  2017,34.34795429566148
828,Jun 26  2017,33.47399892570375
829,Jun 25  2017,37.24122214987215
830,Jun 24  2017,41.34607863595881
831,Jun 23  2017,43.73435051441753
832,Jun 22  2017,41.68564790686647
833,Jun 21  2017,35.53890827658023
834,Jun 20  2017,33.755085915102256
835,Jun 19  2017,39.15361184212787
836,Jun 18  2017,41.012469128733734
837,Jun 17  2017,30.879772998211415
838,Jun 16  2017,31.58594169573531
839,Jun 15  2017,29.3419590004553
840,Jun 14  2017,30.336678215543596
841,Jun 13  2017,35.88512415486977
842,Jun 12  2017,32.815567552284186
843,Jun 11  2017,40.02141851165785
844,Jun 10  2017,40.04951097704976
845,Jun 09  2017,41.04816332767894
846,Jun 08  2017,33.58842990591227
847,Jun 07  2017,31.639437750890558
848,Jun 06  2017,33.39655218451142
849,Jun 05  2017,33.929676524262554
850,Jun 04  2017,31.20436074085331
851,Jun 03  2017,34.32839230109572
852,Jun 02  2017,29.822996946676305
853,Jun 01  2017,24.1237932895282
854,May 31  2017,21.09193454124074
855,May 30  2017,19.673121591723927
856,May 29  2017,20.12829453114577
857,May 28  2017,19.334529628145894
858,May 27  2017,18.385611552786816
859,May 26  2017,20.786724049038714
860,May 25  2017,21.192584891434787
861,May 24  2017,23.690478163180313
862,May 23  2017,21.577218421789553
863,May 22  2017,19.505231512592854
864,May 21  2017,19.711422853525548
865,May 20  2017,19.62919042222781
866,May 19  2017,19.44371289302404
867,May 18  2017,20.5269905087152
868,May 17  2017,20.545197068510628
869,May 16  2017,14.715123991477727
870,May 15  2017,14.977218792070365
871,May 14  2017,16.565085368275167
872,May 13  2017,18.221052720318333
873,May 12  2017,14.627753325455238
874,May 11  2017,14.727063375447296
875,May 10  2017,15.913174878769844
876,May 09  2017,14.788939978338373
877,May 08  2017,16.5660155009264
878,May 07  2017,16.444414329449565
879,May 06  2017,16.370434478421355
880,May 05  2017,15.325245590681622
881,May 04  2017,14.61950216681515
882,May 03  2017,13.714711348004927
883,May 02  2017,13.210934104292226
884,May 01  2017,14.549086057786301
885,Apr 30  2017,15.249134089895104
886,Apr 29  2017,15.086654134538263
887,Apr 28  2017,14.75713407945424
888,Apr 27  2017,13.987761572879148
889,Apr 26  2017,15.913527032317491
890,Apr 25  2017,14.666040271599096
891,Apr 24  2017,16.063640949775383
892,Apr 23  2017,15.994762180409783
893,Apr 22  2017,14.303220825023427
894,Apr 21  2017,14.407773811073023
895,Apr 20  2017,13.804643679166343
896,Apr 19  2017,13.008915520820402
897,Apr 18  2017,11.717302889764287
898,Apr 17  2017,11.621040691906904
899,Apr 16  2017,11.773608330630896
900,Apr 15  2017,11.78749173048318
901,Apr 14  2017,10.63731266071236
902,Apr 13  2017,10.579712699688153
903,Apr 12  2017,11.102732195682714
904,Apr 11  2017,10.990546970218688
905,Apr 10  2017,11.094113936210922
906,Apr 09  2017,11.584606919200052
907,Apr 08  2017,10.772583173914278
908,Apr 07  2017,8.453010585784808
909,Apr 06  2017,9.27539691278144
910,Apr 05  2017,9.898260851048597
911,Apr 04  2017,9.614530825826137
912,Apr 03  2017,10.418688317369865
913,Apr 02  2017,10.66292006216755
914,Apr 01  2017,12.375670218112482
915,Mar 31  2017,12.25835065166356
916,Mar 30  2017,11.84908726220907
917,Mar 29  2017,11.808502819621635
918,Mar 28  2017,12.357444928669237
919,Mar 27  2017,10.310814591065396
920,Mar 26  2017,14.71949234756202
921,Mar 25  2017,9.553962142073226
922,Mar 24  2017,6.871650866124136
923,Mar 23  2017,7.332387639659594
924,Mar 22  2017,5.5642511755296
925,Mar 21  2017,5.444129629636227
926,Mar 20  2017,5.859363237287142
927,Mar 19  2017,6.129731632528621
928,Mar 18  2017,5.995544309487598
929,Mar 17  2017,4.554202810265748
930,Mar 16  2017,4.874301549193364
931,Mar 15  2017,5.03163217090023
932,Mar 14  2017,4.294869259933463
933,Mar 13  2017,4.7070335124260385
934,Mar 12  2017,4.290770334461763
935,Mar 11  2017,2.9629555617716443
936,Mar 10  2017,2.8092198365151484
937,Mar 09  2017,2.7903474992615265
938,Mar 08  2017,2.4734520798524127
939,Mar 07  2017,2.9547709161440037
940,Mar 06  2017,1.9438370175498145
941,Mar 05  2017,1.7443513419179812
942,Mar 04  2017,1.8593400187071485
943,Mar 03  2017,1.7872213209714782
944,Mar 02  2017,1.7962688029569895
945,Mar 01  2017,1.7390012017589735
946,Feb 28  2017,1.8749220379006133
947,Feb 27  2017,2.024745680874348
948,Feb 26  2017,2.124826393256214
949,Feb 25  2017,2.0361213867368093
950,Feb 24  2017,2.0007155648464545
951,Feb 23  2017,1.7613577791529842
952,Feb 22  2017,1.8174506558821082
953,Feb 21  2017,1.4612420854522696
954,Feb 20  2017,1.603127429839472
955,Feb 19  2017,1.7374415880158938
956,Feb 18  2017,1.6000612934947578
957,Feb 17  2017,1.8172338607757275
958,Feb 16  2017,1.9394405926886287
959,Feb 15  2017,2.127063535792964
960,Feb 14  2017,2.1637189583146803
961,Feb 13  2017,2.417170086524384
962,Feb 12  2017,2.132532409298264
963,Feb 11  2017,2.218854293975555
964,Feb 10  2017,2.277395794591759
965,Feb 09  2017,2.473604040974612
966,Feb 08  2017,2.2567834425144566
967,Feb 07  2017,2.285248346345623
968,Feb 06  2017,2.2902562331545004
969,Feb 05  2017,2.7396573550041574
970,Feb 04  2017,3.0422954044315498
971,Feb 03  2017,2.2979095577954323
972,Feb 02  2017,2.28698981767225
973,Feb 01  2017,2.155038925847491
974,Jan 31  2017,1.9923487126131914
975,Jan 30  2017,1.5643955699180305
976,Jan 29  2017,1.671152359305693
977,Jan 28  2017,1.2692251837678146
978,Jan 27  2017,1.0953494584791839
979,Jan 26  2017,1.3452046827563933
980,Jan 25  2017,0.791898445324238
981,Jan 24  2017,0.8024606901385034
982,Jan 23  2017,0.785250513229376
983,Jan 22  2017,0.7129980094528184
984,Jan 21  2017,0.6522916417596445
985,Jan 20  2017,0.6920631693955531
986,Jan 19  2017,0.8084444669010309
987,Jan 18  2017,0.6440822068699424
988,Jan 17  2017,0.6731251868445122
989,Jan 16  2017,0.7414363331181731
990,Jan 15  2017,0.7631633090455202
991,Jan 14  2017,0.8251005486758142
992,Jan 13  2017,0.8863103933269136
993,Jan 12  2017,0.6405998449117176
994,Jan 11  2017,0.49866024652760516
995,Jan 10  2017,0.4888873354728871
996,Jan 09  2017,0.5830328937188143
997,Jan 08  2017,0.6008516877090846
998,Jan 07  2017,0.46578477206942975
999,Jan 06  2017,0.34586365103790956
1000,Jan 05  2017,0.33516566941717924
1001,Jan 04  2017,0.414722367439548
1002,Jan 03  2017,0.24854877358044616
1003,Jan 02  2017,0.25646726309437756
1004,Jan 01  2017,0.26841559042156515
1005,Dec 31  2016,0.2525511988380032
1006,Dec 30  2016,0.2502693056968372
1007,Dec 29  2016,0.26739015188743404
1008,Dec 28  2016,0.29186840611111325
1009,Dec 27  2016,0.22357398554483288
1010,Dec 26  2016,0.24086052714682757
1011,Dec 25  2016,0.24833070978591418
1012,Dec 24  2016,0.2784808701737748
1013,Dec 23  2016,0.289163903763805
1014,Dec 22  2016,0.2850690620067437
1015,Dec 21  2016,0.321959711693223
1016,Dec 20  2016,0.32029481763303813
1017,Dec 19  2016,0.31308827247106846
1018,Dec 18  2016,0.3224902328845543
1019,Dec 17  2016,0.3559089652059539
1020,Dec 16  2016,0.3403600751281007
1021,Dec 15  2016,0.3471480268144702
1022,Dec 14  2016,0.3523306710121852
1023,Dec 13  2016,0.37388039809780016
1024,Dec 12  2016,0.3615484636110702
1025,Dec 11  2016,0.3231833636302424
1026,Dec 10  2016,0.3367645556319433
1027,Dec 09  2016,0.3097256524859032
1028,Dec 08  2016,0.2878288047724896
1029,Dec 07  2016,0.3012450580405616
1030,Dec 06  2016,0.30533140573755096
1031,Dec 05  2016,0.3486996245577311
1032,Dec 04  2016,0.37311650621130876
1033,Dec 03  2016,0.3631609632295835
1034,Dec 02  2016,0.3899578594310451
1035,Dec 01  2016,0.41743063038030476
1036,Nov 30  2016,0.40175431485251045
1037,Nov 29  2016,0.38049695128876104
1038,Nov 28  2016,0.38001428662518605
1039,Nov 27  2016,0.36744799022450747
1040,Nov 26  2016,0.376338327081593
1041,Nov 25  2016,0.3926788291892799
1042,Nov 24  2016,0.3980870043159004
1043,Nov 23  2016,0.4162627388300767
1044,Nov 22  2016,0.4235159837852025
1045,Nov 21  2016,0.4494328438064845
1046,Nov 20  2016,0.4363091381045228
1047,Nov 19  2016,0.47846087496706047
1048,Nov 18  2016,0.470748156439362
1049,Nov 17  2016,0.45818921870098456
1050,Nov 16  2016,0.46741871596029977
1051,Nov 15  2016,0.4429377267130847
1052,Nov 14  2016,0.3905335561523494
1053,Nov 13  2016,0.4079150349764385
1054,Nov 12  2016,0.3943626500705537
1055,Nov 11  2016,0.3793381942459889
1056,Nov 10  2016,0.43221765503315135
1057,Nov 09  2016,0.45377120882224165
1058,Nov 08  2016,0.3591281029878713
1059,Nov 07  2016,0.37432624758777727
1060,Nov 06  2016,0.3638423873002334
1061,Nov 05  2016,0.38018219620674537
1062,Nov 04  2016,0.38835437132238965
1063,Nov 03  2016,0.3905744869135684
1064,Nov 02  2016,0.4231274697210267
1065,Nov 01  2016,0.4268830463736207
1066,Oct 31  2016,0.41677525490862394
1067,Oct 30  2016,0.4849672324064251
1068,Oct 29  2016,0.4734367377106017
1069,Oct 28  2016,0.48685740162306024
1070,Oct 27  2016,0.5415305374252208
1071,Oct 26  2016,0.5533019194540612
1072,Oct 25  2016,0.5690095648103793
1073,Oct 24  2016,0.6049773499713939
1074,Oct 23  2016,0.6288727529511312
1075,Oct 22  2016,0.6169048566181997
1076,Oct 21  2016,0.6268347470743921
1077,Oct 20  2016,0.6039875781466711
1078,Oct 19  2016,0.5994581546243736
1079,Oct 18  2016,0.6063583426078832
1080,Oct 17  2016,0.6763660891275033
1081,Oct 16  2016,0.6072224479276078
1082,Oct 15  2016,0.6404303672904349
1083,Oct 14  2016,0.6718768561902072
1084,Oct 13  2016,0.6509042093596484
1085,Oct 12  2016,0.6479784172950066
1086,Oct 11  2016,0.6653489000673051
1087,Oct 10  2016,0.6761468105478613
1088,Oct 09  2016,0.7151143425018732
1089,Oct 08  2016,0.740481970916837
1090,Oct 07  2016,0.7820584553671959
1091,Oct 06  2016,0.7814384901715723
1092,Oct 05  2016,0.7987081730923505
1093,Oct 04  2016,0.7343340939589356
1094,Oct 03  2016,0.7631263565538748
1095,Oct 02  2016,0.6810976290331677
1096,Oct 01  2016,0.7134490765028831
1097,Sep 30  2016,0.6801915650287929
1098,Sep 29  2016,0.7290512166655692
1099,Sep 28  2016,0.7482975134420187
1100,Sep 27  2016,0.7895357601706655
1101,Sep 26  2016,0.8405284959169074
1102,Sep 25  2016,0.9044070133297264
1103,Sep 24  2016,0.9237201118250022
1104,Sep 23  2016,0.9048232569481265
1105,Sep 22  2016,0.9022054820594992
1106,Sep 21  2016,0.8690763775534119
1107,Sep 20  2016,1.0133716614024988
1108,Sep 19  2016,0.9539101743581192
1109,Sep 18  2016,1.0046508899166848
1110,Sep 17  2016,1.1102213685954303
1111,Sep 16  2016,1.1504763246457028
1112,Sep 15  2016,1.1531897732583118
1113,Sep 14  2016,1.1806043488169597
1114,Sep 13  2016,1.165270099949323
1115,Sep 12  2016,1.1343363524699823
1116,Sep 11  2016,1.1621817187922256
1117,Sep 10  2016,1.2112632010137665
1118,Sep 09  2016,1.2200871344697954
1119,Sep 08  2016,1.2086776179741183
1120,Sep 07  2016,1.194192549337612
1121,Sep 06  2016,1.1857530892889234
1122,Sep 05  2016,1.2049250011856567
1123,Sep 04  2016,1.2035492780748707
1124,Sep 03  2016,1.1911822437430641
1125,Sep 02  2016,1.1892149659338556
1126,Sep 01  2016,1.2275617978745894
1127,Aug 31  2016,1.1777228364993144
1128,Aug 30  2016,1.199022040170171
1129,Aug 29  2016,1.213363038888446
1130,Aug 28  2016,1.217862107349706
1131,Aug 27  2016,1.1965327655153288
1132,Aug 26  2016,1.2195618543689948
1133,Aug 25  2016,1.2205644305927454
1134,Aug 24  2016,1.2267283275365148
1135,Aug 23  2016,1.188579452780248
1136,Aug 22  2016,1.2317734434824903
1137,Aug 21  2016,1.2833350152122793
1138,Aug 20  2016,1.2598802645360279
1139,Aug 19  2016,1.2847177151071683
1140,Aug 18  2016,1.3098045746895335
1141,Aug 17  2016,1.3089025330166826
1142,Aug 16  2016,1.281517497714292
1143,Aug 15  2016,1.267004030758525
1144,Aug 14  2016,1.313488914227451
1145,Aug 13  2016,1.430064971778579
1146,Aug 12  2016,1.3804041318371443
1147,Aug 11  2016,1.3262411627117423
1148,Aug 10  2016,1.2385136838412587
1149,Aug 09  2016,1.2632351417639467
1150,Aug 08  2016,1.2122705218794365
1151,Aug 07  2016,1.2192298117909055
1152,Aug 06  2016,1.3193545062946148
1153,Aug 05  2016,1.303256835717069
1154,Aug 04  2016,1.2932507397675066
1155,Aug 03  2016,1.249604242062964
1156,Aug 02  2016,1.2064739950788064
1157,Aug 01  2016,1.35995828567658
1158,Jul 31  2016,1.4834824164941858
1159,Jul 30  2016,1.382790002744565
1160,Jul 29  2016,1.3424109816003142
1161,Jul 28  2016,1.3643719422270328
1162,Jul 27  2016,1.3539370810808768
1163,Jul 26  2016,1.3813147037676206
1164,Jul 25  2016,1.49388707275479
1165,Jul 24  2016,1.4785320354966196
1166,Jul 23  2016,1.3842612895100417
1167,Jul 22  2016,1.4160720532124407
1168,Jul 21  2016,1.3661354633520855
1169,Jul 20  2016,1.3978773116421073
1170,Jul 19  2016,1.4267210318794226
1171,Jul 18  2016,1.462216388157234
1172,Jul 17  2016,1.4980376795070687
1173,Jul 16  2016,1.440573133008942
1174,Jul 15  2016,1.496345734921641
1175,Jul 14  2016,1.4833349632588035
1176,Jul 13  2016,1.3905746812475726
1177,Jul 12  2016,1.3933257381881423
1178,Jul 11  2016,1.4310737947707706
1179,Jul 10  2016,1.4391754782754478
1180,Jul 09  2016,1.359371502904592
1181,Jul 08  2016,1.5269224838388435
1182,Jul 07  2016,1.396804640764213
1183,Jul 06  2016,1.6149958597541165
1184,Jul 05  2016,1.6431684280075616
1185,Jul 04  2016,1.7614577698965772
1186,Jul 03  2016,1.7571803510681612
1187,Jul 02  2016,1.7735776501215466
1188,Jul 01  2016,1.7345717966534253
1189,Jun 30  2016,1.748365476646905
1190,Jun 29  2016,1.7951667879449569
1191,Jun 28  2016,1.6596004732952603
1192,Jun 27  2016,1.5716586070913738
1193,Jun 26  2016,1.2822558808269149
1194,Jun 25  2016,1.3309437777761977
1195,Jun 24  2016,1.3488462770747751
1196,Jun 23  2016,1.3847464284065047
1197,Jun 22  2016,1.3410916794816987
1198,Jun 21  2016,1.4421554361767277
1199,Jun 20  2016,1.6179071731650394
1200,Jun 19  2016,1.659270244222106
1201,Jun 18  2016,1.597596116563278
1202,Jun 17  2016,1.4366451642425422
1203,Jun 16  2016,1.578361404551334
1204,Jun 15  2016,1.2487940712524601
1205,Jun 14  2016,1.2082909321770332
1206,Jun 13  2016,1.1904744434419328
1207,Jun 12  2016,1.1779080257051524
1208,Jun 11  2016,1.2656525077737362
1209,Jun 10  2016,1.263772318758003
1210,Jun 09  2016,1.2424201065283271
1211,Jun 08  2016,1.245764494514194
1212,Jun 07  2016,1.2706053084583524
1213,Jun 06  2016,1.2472693450514856
1214,Jun 05  2016,1.2278585285226877
1215,Jun 04  2016,1.3317394160086518
1216,Jun 03  2016,1.3482028127290349
1217,Jun 02  2016,1.3578365496215583
1218,Jun 01  2016,1.3760468925931053
1219,May 31  2016,1.1787255111389414
1220,May 30  2016,1.1130148849798667
1221,May 29  2016,1.099162421850499
1222,May 28  2016,1.235297849126411
1223,May 27  2016,1.0144364737242508
1224,May 26  2016,0.9834740350604614
1225,May 25  2016,1.0402424599214295
1226,May 24  2016,1.1101511956988728
1227,May 23  2016,1.1902056270429373
1228,May 22  2016,1.1261188171342438
1229,May 21  2016,1.2155402975766925
1230,May 20  2016,1.1439895452504951
1231,May 19  2016,1.2301643531643658
1232,May 18  2016,1.2824378022796146
1233,May 17  2016,1.398153319029137
1234,May 16  2016,1.6665836401522407
1235,May 15  2016,1.0085757050129736
1236,May 14  2016,0.9880673831603918
1237,May 13  2016,0.9406307705121515
1238,May 12  2016,0.9925757543613628
1239,May 11  2016,1.0542008301367358
1240,May 10  2016,1.0763531266172854
1241,May 09  2016,1.1140673152141827
1242,May 08  2016,1.1501267462129068
1243,May 07  2016,1.2305856003817648
1244,May 06  2016,1.1693724932113663
1245,May 05  2016,1.1712391754462343
1246,May 04  2016,1.2295536355987091
1247,May 03  2016,1.1778541988023945
1248,May 02  2016,1.1604474652287682
1249,May 01  2016,1.1833605197443575
1250,Apr 30  2016,1.209352893450648
1251,Apr 29  2016,1.1498322676519266
1252,Apr 28  2016,1.153368931710388
1253,Apr 27  2016,1.161473732265017
1254,Apr 26  2016,1.1949281617356333
1255,Apr 25  2016,1.1849911571053804
1256,Apr 24  2016,1.1813151858057993
1257,Apr 23  2016,1.208193683007359
1258,Apr 22  2016,1.1931516992786861
1259,Apr 21  2016,1.1911726875478803
1260,Apr 20  2016,1.1397447695508482
1261,Apr 19  2016,1.1446306757814941
1262,Apr 18  2016,1.3013987565908063
1263,Apr 17  2016,0.9925553142869157
1264,Apr 16  2016,0.9854542080943473
1265,Apr 15  2016,0.9824404801905353
1266,Apr 14  2016,1.096127480240515
1267,Apr 13  2016,1.136382547545556
1268,Apr 12  2016,1.257961395258851
1269,Apr 11  2016,1.1108375662572685
1270,Apr 10  2016,1.1369654291996665
1271,Apr 09  2016,1.1905815661954953
1272,Apr 08  2016,1.3189693209798652
1273,Apr 07  2016,1.3238674834226754
1274,Apr 06  2016,1.3801441226141047
1275,Apr 05  2016,1.2751623479599352
1276,Apr 04  2016,1.4444788597867628
1277,Apr 03  2016,1.4934537605574647
1278,Apr 02  2016,1.4640267673356782
1279,Apr 01  2016,1.418257645066846
1280,Mar 31  2016,1.4955882120978148
1281,Mar 30  2016,1.6899901362041903
1282,Mar 29  2016,1.5311497751296703
1283,Mar 28  2016,1.5921365112752925
1284,Mar 27  2016,1.597629976242375
1285,Mar 26  2016,1.8275125909319316
1286,Mar 25  2016,1.5920446890602762
1287,Mar 24  2016,1.4693840841633647
1288,Mar 23  2016,1.5829314604716989
1289,Mar 22  2016,1.6565172715429328
1290,Mar 21  2016,1.7019281168731317
1291,Mar 20  2016,1.739876792426063
1292,Mar 19  2016,1.847381753250601
1293,Mar 18  2016,1.9690586980513962
1294,Mar 17  2016,1.9855027311564695
1295,Mar 16  2016,2.0741174854136175
1296,Mar 15  2016,2.0458859716923232
1297,Mar 14  2016,1.8832270567689797
1298,Mar 13  2016,1.8993716398287608
1299,Mar 12  2016,1.7798174901233335
1300,Mar 11  2016,1.8323103289262335
1301,Mar 10  2016,1.7706100624614838
1302,Mar 09  2016,2.0342202109409553
1303,Mar 08  2016,1.8480679956124917
1304,Mar 07  2016,1.683733791543833
1305,Mar 06  2016,1.4857702043087788
1306,Mar 05  2016,1.2267482394428046
1307,Mar 04  2016,1.2085362431617563
1308,Mar 03  2016,1.2712225112589144
1309,Mar 02  2016,1.2513854777578337
1310,Mar 01  2016,1.3308780213745328
1311,Feb 29  2016,1.7327439098428088
1312,Feb 28  2016,1.8596941273332002
1313,Feb 27  2016,1.789369013443921
1314,Feb 26  2016,1.9898410651228655
1315,Feb 25  2016,1.914800664620708
1316,Feb 24  2016,2.246748654826761
1317,Feb 23  2016,1.4489268145300667
1318,Feb 22  2016,1.2693680531169589
1319,Feb 21  2016,0.013286999999999998
1320,Feb 20  2016,0.016656
1321,Feb 19  2016,0.015569
1322,Feb 18  2016,0.010984
1323,Feb 17  2016,0.013405000000000004
1324,Feb 16  2016,0.012633
1325,Feb 15  2016,0.016443
1326,Feb 14  2016,0.010053
1327,Feb 13  2016,0.010966
1328,Feb 12  2016,0.009912
1329,Feb 11  2016,0.009634
1330,Feb 10  2016,0.010475
1331,Feb 09  2016,0.009041
1332,Feb 08  2016,0.007901
1333,Feb 07  2016,0.007931
1334,Feb 06  2016,0.008576
1335,Feb 05  2016,0.008828
1336,Feb 04  2016,0.00891
1337,Feb 03  2016,0.010197
1338,Feb 02  2016,0.010353
1339,Feb 01  2016,0.009458
1340,Jan 31  2016,0.010315000000000001
1341,Jan 30  2016,0.009579
1342,Jan 29  2016,0.008684
1343,Jan 28  2016,0.009176999999999998
1344,Jan 27  2016,0.010703
1345,Jan 26  2016,0.008837000000000001
1346,Jan 25  2016,0.014452000000000003
1347,Jan 24  2016,0.022328999999999998
1348,Jan 23  2016,0.022443
1349,Jan 22  2016,0.018343
1350,Jan 21  2016,0.017556
1351,Jan 20  2016,0.017938000000000003
1352,Jan 19  2016,0.014801
1353,Jan 18  2016,0.011349
1354,Jan 17  2016,0.008421
1355,Jan 16  2016,0.008452
1356,Jan 15  2016,0.005942
1357,Jan 14  2016,0.009038
1358,Jan 13  2016,0.007783
1359,Jan 12  2016,0.007911
1360,Jan 11  2016,0.008072
1361,Jan 10  2016,0.0058200000000000005
1362,Jan 09  2016,0.0058189999999999995
1363,Jan 08  2016,0.0061200000000000004
1364,Jan 07  2016,0.00505
1365,Jan 06  2016,0.004315
1366,Jan 05  2016,0.006388
1367,Jan 04  2016,0.007675000000000001
1368,Jan 03  2016,0.004729
1369,Jan 02  2016,0.00624
1370,Jan 01  2016,0.006300999999999999
1371,Dec 31  2015,0.006923
1372,Dec 30  2015,0.0059689999999999995
1373,Dec 29  2015,0.006092
1374,Dec 28  2015,0.005942
1375,Dec 27  2015,0.005940999999999999
1376,Dec 26  2015,0.007651000000000001
1377,Dec 25  2015,0.006427
1378,Dec 24  2015,0.006371
1379,Dec 23  2015,0.007693000000000001
1380,Dec 22  2015,0.007871
1381,Dec 21  2015,0.006035
1382,Dec 20  2015,0.006233
1383,Dec 19  2015,0.006641
1384,Dec 18  2015,0.006028
1385,Dec 17  2015,0.00507
1386,Dec 16  2015,0.006854
1387,Dec 15  2015,0.007323999999999999
1388,Dec 14  2015,0.005332
1389,Dec 13  2015,0.008219
1390,Dec 12  2015,0.005567
1391,Dec 11  2015,0.0058590000000000005
1392,Dec 10  2015,0.008723999999999999
1393,Dec 09  2015,0.006259000000000001
1394,Dec 08  2015,0.005408
1395,Dec 07  2015,0.0061329999999999996
1396,Dec 06  2015,0.005483
1397,Dec 05  2015,0.006595000000000001
1398,Dec 04  2015,0.005446
1399,Dec 03  2015,0.004915
1400,Dec 02  2015,0.004668
1401,Dec 01  2015,0.006798
1402,Nov 30  2015,0.0075840000000000005
1403,Nov 29  2015,0.007465999999999999
1404,Nov 28  2015,0.008923
1405,Nov 27  2015,0.011470000000000001
1406,Nov 26  2015,0.011684
1407,Nov 25  2015,0.011142
1408,Nov 24  2015,0.010859
1409,Nov 23  2015,0.010966
1410,Nov 22  2015,0.011004
1411,Nov 21  2015,0.011086
1412,Nov 20  2015,0.010941
1413,Nov 19  2015,0.011073000000000001
1414,Nov 18  2015,0.010695
1415,Nov 17  2015,0.010041
1416,Nov 16  2015,0.009911
1417,Nov 15  2015,0.009604000000000001
1418,Nov 14  2015,0.006905
1419,Nov 13  2015,0.007300000000000001
1420,Nov 12  2015,0.01084
1421,Nov 11  2015,0.010564
1422,Nov 10  2015,0.010102
1423,Nov 09  2015,0.009575
1424,Nov 08  2015,0.011054000000000001
1425,Nov 07  2015,0.013144000000000001
1426,Nov 06  2015,0.012696
1427,Nov 05  2015,0.009703
1428,Nov 04  2015,0.013890000000000001
1429,Nov 03  2015,0.015596999999999998
1430,Nov 02  2015,0.011187
1431,Nov 01  2015,0.009124
1432,Oct 31  2015,0.012615000000000001
1433,Oct 30  2015,0.012789000000000002
1434,Oct 29  2015,0.011922
1435,Oct 28  2015,0.011656999999999999
1436,Oct 27  2015,0.0113
1437,Oct 26  2015,0.009095
1438,Oct 25  2015,0.010136
1439,Oct 24  2015,0.009212
1440,Oct 23  2015,0.009125
1441,Oct 22  2015,0.010678
1442,Oct 21  2015,0.008259
1443,Oct 20  2015,0.010646
1444,Oct 19  2015,0.008168
1445,Oct 18  2015,0.010452
1446,Oct 17  2015,0.008062
1447,Oct 16  2015,0.007878
1448,Oct 15  2015,0.007888
1449,Oct 14  2015,0.007567
1450,Oct 13  2015,0.007984
1451,Oct 12  2015,0.010304
1452,Oct 11  2015,0.010837000000000001
1453,Oct 10  2015,0.010907
1454,Oct 09  2015,0.011002
1455,Oct 08  2015,0.011075
1456,Oct 07  2015,0.011019
1457,Oct 06  2015,0.011257
1458,Oct 05  2015,0.009711
1459,Oct 04  2015,0.0111
1460,Oct 03  2015,0.008601000000000001
1461,Oct 02  2015,0.012568000000000001
1462,Oct 01  2015,0.012570999999999999
1463,Sep 30  2015,0.011802
1464,Sep 29  2015,0.013363
1465,Sep 28  2015,0.009544
1466,Sep 27  2015,0.009319
1467,Sep 26  2015,0.009387000000000001
1468,Sep 25  2015,0.010763
1469,Sep 24  2015,0.012194
1470,Sep 23  2015,0.012088
1471,Sep 22  2015,0.012076
1472,Sep 21  2015,0.011898
1473,Sep 20  2015,0.011572
1474,Sep 19  2015,0.011572
1475,Sep 18  2015,0.012425
1476,Sep 17  2015,0.008181
1477,Sep 16  2015,0.008131999999999999
1478,Sep 15  2015,0.010367
1479,Sep 14  2015,0.013689999999999999
1480,Sep 13  2015,0.013618
1481,Sep 12  2015,0.012479
1482,Sep 11  2015,0.010928
1483,Sep 10  2015,0.014315999999999999
1484,Sep 09  2015,0.014381
1485,Sep 08  2015,0.018091
1486,Sep 07  2015,0.017306000000000002
1487,Sep 06  2015,0.017276
1488,Sep 05  2015,0.017182
1489,Sep 04  2015,0.017498
1490,Sep 03  2015,0.014819
1491,Sep 02  2015,0.015816999999999998
1492,Sep 01  2015,0.01615
1493,Aug 31  2015,0.017494
1494,Aug 30  2015,0.015537
1495,Aug 29  2015,0.01649
1496,Aug 28  2015,0.018474
1497,Aug 27  2015,0.016619
1498,Aug 26  2015,0.015769
1499,Aug 25  2015,0.011087999999999999
1500,Aug 24  2015,0.012686000000000001
1501,Aug 23  2015,0.013826
1502,Aug 22  2015,0.012218000000000001
1503,Aug 21  2015,0.013498
1504,Aug 20  2015,0.014417
1505,Aug 19  2015,0.01807
1506,Aug 18  2015,0.014495
1507,Aug 17  2015,0.017554
1508,Aug 16  2015,0.020808
1509,Aug 15  2015,0.02115
1510,Aug 14  2015,0.018339
1511,Aug 13  2015,0.019006
1512,Aug 12  2015,0.021309
1513,Aug 11  2015,0.021626
1514,Aug 10  2015,0.020071000000000002
1515,Aug 09  2015,0.015901
1516,Aug 08  2015,0.013019999999999997
1517,Aug 07  2015,0.010757
1518,Aug 06  2015,0.011059999999999999
1519,Aug 05  2015,0.011275
1520,Aug 04  2015,0.01077
1521,Aug 03  2015,0.012673
1522,Aug 02  2015,0.014132
1523,Aug 01  2015,0.016921000000000002
1524,Jul 31  2015,0.014894
1525,Jul 30  2015,0.014681
1526,Jul 29  2015,0.011795
1527,Jul 28  2015,0.015774
1528,Jul 27  2015,0.016262000000000002
1529,Jul 26  2015,0.012875999999999997
1530,Jul 25  2015,0.016745
1531,Jul 24  2015,0.018236000000000002
1532,Jul 23  2015,0.01705
1533,Jul 22  2015,0.014006999999999997
1534,Jul 21  2015,0.020441
1535,Jul 20  2015,0.020613
1536,Jul 19  2015,0.023237
1537,Jul 18  2015,0.02114
1538,Jul 17  2015,0.01845
1539,Jul 16  2015,0.021412999999999998
1540,Jul 15  2015,0.017894999999999998
1541,Jul 14  2015,0.031076
1542,Jul 13  2015,0.02046
1543,Jul 12  2015,0.018678999999999998
1544,Jul 11  2015,0.02286
1545,Jul 10  2015,0.036249
1546,Jul 09  2015,0.029891
1547,Jul 08  2015,0.035261
1548,Jul 07  2015,0.030135000000000002
1549,Jul 06  2015,0.038669999999999996
1550,Jul 05  2015,0.035342
1551,Jul 04  2015,0.033927
1552,Jul 03  2015,0.034589
1553,Jul 02  2015,0.03322
1554,Jul 01  2015,0.033366
1555,Jun 30  2015,0.031564999999999996
1556,Jun 29  2015,0.030393
1557,Jun 28  2015,0.031070999999999998
1558,Jun 27  2015,0.031323000000000004
1559,Jun 26  2015,0.026907999999999998
1560,Jun 25  2015,0.030099000000000004
1561,Jun 24  2015,0.03312
1562,Jun 23  2015,0.034133
1563,Jun 22  2015,0.034738
1564,Jun 21  2015,0.029305
1565,Jun 20  2015,0.034207
1566,Jun 19  2015,0.03246
1567,Jun 18  2015,0.037443000000000004
1568,Jun 17  2015,0.032392000000000004
1569,Jun 16  2015,0.047271
1570,Jun 15  2015,0.049693
1571,Jun 14  2015,0.040456
1572,Jun 13  2015,0.023234
1573,Jun 12  2015,0.018407
1574,Jun 11  2015,0.023237999999999998
1575,Jun 10  2015,0.029747000000000003
1576,Jun 09  2015,0.042093
1577,Jun 08  2015,0.042733999999999994
1578,Jun 07  2015,0.042413
1579,Jun 06  2015,0.042867
1580,Jun 05  2015,0.051957
1581,Jun 04  2015,0.053466999999999994
1582,Jun 03  2015,0.053352000000000004
1583,Jun 02  2015,0.043422
1584,Jun 01  2015,0.034554
1585,May 31  2015,0.042671
1586,May 30  2015,0.058767999999999994
1587,May 29  2015,0.06982999999999999
1588,May 28  2015,0.071219
1589,May 27  2015,0.073556
1590,May 26  2015,0.071175
1591,May 25  2015,0.068758
1592,May 24  2015,0.071745
1593,May 23  2015,0.088038
1594,May 22  2015,0.088947
1595,May 21  2015,0.077665
1596,May 20  2015,0.079778
1597,May 19  2015,0.051019
1598,May 18  2015,0.0438
1599,May 17  2015,0.043801
1600,May 16  2015,0.039679
1601,May 15  2015,0.040356
1602,May 14  2015,0.035019999999999996
1603,May 13  2015,0.025817
1604,May 12  2015,0.024753
1605,May 11  2015,0.024268
1606,May 10  2015,0.024241
1607,May 09  2015,0.024444
1608,May 08  2015,0.021933
1609,May 07  2015,0.021103
1610,May 06  2015,0.019984000000000002
1611,May 05  2015,0.019126
1612,May 04  2015,0.019119999999999998
1613,May 03  2015,0.020651
1614,May 02  2015,0.018802000000000003
1615,May 01  2015,0.020416
1616,Apr 30  2015,0.020803
1617,Apr 29  2015,0.02011
1618,Apr 28  2015,0.020083
1619,Apr 27  2015,0.01925
1620,Apr 26  2015,0.019697
1621,Apr 25  2015,0.020338
1622,Apr 24  2015,0.020794999999999998
1623,Apr 23  2015,0.023406
1624,Apr 22  2015,0.021049000000000002
1625,Apr 21  2015,0.014865
1626,Apr 20  2015,0.016343
1627,Apr 19  2015,0.014469
1628,Apr 18  2015,0.017419999999999998
1629,Apr 17  2015,0.016958
1630,Apr 16  2015,0.017602
1631,Apr 15  2015,0.014202000000000001
1632,Apr 14  2015,0.012823
1633,Apr 13  2015,0.012027
1634,Apr 12  2015,0.012395999999999999
1635,Apr 11  2015,0.012539
1636,Apr 10  2015,0.012612
1637,Apr 09  2015,0.011212
1638,Apr 08  2015,0.010381999999999999
1639,Apr 07  2015,0.011377
1640,Apr 06  2015,0.010477
1641,Apr 05  2015,0.010421
1642,Apr 04  2015,0.010153
1643,Apr 03  2015,0.010936
1644,Apr 02  2015,0.011386
1645,Apr 01  2015,0.010485
1646,Mar 31  2015,0.010345
1647,Mar 30  2015,0.011073999999999999
1648,Mar 29  2015,0.010894
1649,Mar 28  2015,0.008889
1650,Mar 27  2015,0.008642
1651,Mar 26  2015,0.006683
1652,Mar 25  2015,0.006405
1653,Mar 24  2015,0.005742000000000001
1654,Mar 23  2015,0.006872
1655,Mar 22  2015,0.006363999999999999
1656,Mar 21  2015,0.006233
1657,Mar 20  2015,0.0072
1658,Mar 19  2015,0.0069099999999999995
1659,Mar 18  2015,0.0059
1660,Mar 17  2015,0.006006
1661,Mar 16  2015,0.006620999999999999
1662,Mar 15  2015,0.006508999999999999
1663,Mar 14  2015,0.0060090000000000005
1664,Mar 13  2015,0.006560999999999999
1665,Mar 12  2015,0.007187999999999999
1666,Mar 11  2015,0.0068189999999999995
1667,Mar 10  2015,0.006416999999999999
1668,Mar 09  2015,0.006712999999999999
1669,Mar 08  2015,0.006393000000000001
1670,Mar 07  2015,0.004289
1671,Mar 06  2015,0.006542
1672,Mar 05  2015,0.006745
1673,Mar 04  2015,0.005991
1674,Mar 03  2015,0.006195
1675,Mar 02  2015,0.0055119999999999995
1676,Mar 01  2015,0.005415
1677,Feb 28  2015,0.00506
1678,Feb 27  2015,0.005052
1679,Feb 26  2015,0.003785
1680,Feb 25  2015,0.004942
1681,Feb 24  2015,0.004536999999999999
1682,Feb 23  2015,0.004772
1683,Feb 22  2015,0.004721
1684,Feb 21  2015,0.0048850000000000005
1685,Feb 20  2015,0.004882
1686,Feb 19  2015,0.00479
1687,Feb 18  2015,0.0034419999999999997
1688,Feb 17  2015,0.002921
1689,Feb 16  2015,0.0056
1690,Feb 15  2015,0.002337
1691,Feb 14  2015,0.0045899999999999995
1692,Feb 13  2015,0.005388
1693,Feb 12  2015,0.005097
1694,Feb 11  2015,0.005037
1695,Feb 10  2015,0.0050609999999999995
1696,Feb 09  2015,0.0052759999999999994
1697,Feb 08  2015,0.004691
1698,Feb 07  2015,0.005494
1699,Feb 06  2015,0.005334
1700,Feb 05  2015,0.0051990000000000005
1701,Feb 04  2015,0.005659
1702,Feb 03  2015,0.005565
1703,Feb 02  2015,0.005604
1704,Feb 01  2015,0.005561
1705,Jan 31  2015,0.005437
1706,Jan 30  2015,0.005661
1707,Jan 29  2015,0.005838
1708,Jan 28  2015,0.004994
1709,Jan 27  2015,0.006584
1710,Jan 26  2015,0.006831
1711,Jan 25  2015,0.006723999999999999
1712,Jan 24  2015,0.006144
1713,Jan 23  2015,0.005193
1714,Jan 22  2015,0.005368
1715,Jan 21  2015,0.005573
1716,Jan 20  2015,0.005809
1717,Jan 19  2015,0.005174
1718,Jan 18  2015,0.0034579999999999997
1719,Jan 17  2015,0.003308
1720,Jan 16  2015,0.004474
1721,Jan 15  2015,0.005351
1722,Jan 14  2015,0.003879
1723,Jan 13  2015,0.0038399999999999997
1724,Jan 12  2015,0.003005
1725,Jan 11  2015,0.003618
1726,Jan 10  2015,0.004118999999999999
1727,Jan 09  2015,0.004004
1728,Jan 08  2015,0.003967
1729,Jan 07  2015,0.005145
1730,Jan 06  2015,0.0065819999999999984
1731,Jan 05  2015,0.004666
1732,Jan 04  2015,0.004756
1733,Jan 03  2015,0.005653
1734,Jan 02  2015,0.0039380000000000005
1735,Jan 01  2015,0.0037740000000000004
1736,Dec 31  2014,0.0039059999999999997
1737,Dec 30  2014,0.004661
1738,Dec 29  2014,0.0050030000000000005
1739,Dec 28  2014,0.005526
1740,Dec 27  2014,0.004507
1741,Dec 26  2014,0.005903
1742,Dec 25  2014,0.006556000000000001
1743,Dec 24  2014,0.006444
1744,Dec 23  2014,0.006811
1745,Dec 22  2014,0.00602
1746,Dec 21  2014,0.006737999999999999
1747,Dec 20  2014,0.008458
1748,Dec 19  2014,0.007605
1749,Dec 18  2014,0.008514
1750,Dec 17  2014,0.008775
1751,Dec 16  2014,0.006744
1752,Dec 15  2014,0.010001000000000001
1753,Dec 14  2014,0.008995
1754,Dec 13  2014,0.009656999999999999
1755,Dec 12  2014,0.008791
1756,Dec 11  2014,0.008763
1757,Dec 10  2014,0.008659
1758,Dec 09  2014,0.008805
1759,Dec 08  2014,0.009048
1760,Dec 07  2014,0.007498
1761,Dec 06  2014,0.008058
1762,Dec 05  2014,0.009045000000000001
1763,Dec 04  2014,0.00742
1764,Dec 03  2014,0.0075
1765,Dec 01  2014,0.007601
1766,Nov 30  2014,0.007561
1767,Nov 29  2014,0.007509999999999999
1768,Oct 02  2014,0.00561
1769,Oct 01  2014,0.005712
1770,Sep 30  2014,0.004837
1771,Sep 29  2014,0.0045060000000000005
1772,Sep 28  2014,0.004809000000000001
1773,Sep 27  2014,0.005354
1774,Sep 26  2014,0.0055
1775,Sep 25  2014,0.00535
1776,Sep 24  2014,0.0055060000000000005
1777,Sep 23  2014,0.005103
1778,Sep 22  2014,0.005489
1779,Sep 21  2014,0.005065000000000001
1780,Sep 20  2014,0.004093
1781,Sep 19  2014,0.004911
1782,Sep 18  2014,0.006125
1783,Sep 17  2014,0.006174
1784,Sep 16  2014,0.005136
1785,Sep 15  2014,0.00414
1786,Sep 14  2014,0.003636999999999999
1787,Sep 13  2014,0.003961
1788,Sep 12  2014,0.0033490000000000004
1789,Sep 11  2014,0.004001
1790,Sep 10  2014,0.004065
1791,Sep 09  2014,0.003602
1792,Sep 08  2014,0.003564
1793,Sep 07  2014,0.004842
1794,Sep 06  2014,0.002424
1795,Sep 05  2014,0.002364
1796,Sep 04  2014,0.001959
1797,Sep 03  2014,0.0016000000000000003
1798,Sep 02  2014,0.0015279999999999998
1799,Sep 01  2014,0.001771
1800,Aug 31  2014,0.001099
1801,Aug 30  2014,0.0009380000000000001
1802,Aug 29  2014,0.0008389999999999999
1803,Aug 28  2014,0.000828
1804,Aug 27  2014,0.0009199999999999998
1805,Aug 26  2014,0.000767
1806,Aug 25  2014,0.000754
1807,Aug 24  2014,0.000508
1808,Aug 23  2014,0.000672
1809,Aug 22  2014,0.000601
1810,Aug 21  2014,0.0005639999999999999
1811,Aug 20  2014,0.000481
1812,Aug 19  2014,0.000291
1813,Aug 18  2014,0.000365
1814,Aug 17  2014,0.00037400000000000004
1815,Aug 16  2014,0.00042599999999999995
1816,Aug 15  2014,0.00040800000000000005
1817,Aug 14  2014,0.000455
1818,Aug 13  2014,0.000481
1819,Aug 12  2014,0.000792
1820,Aug 11  2014,0.000576
1821,Aug 10  2014,0.0008869999999999999
1822,Aug 09  2014,0.0007599999999999999
1823,Aug 08  2014,0.0007700000000000001
1824,Aug 07  2014,0.000677
1825,Aug 06  2014,0.0005200000000000001
1826,Aug 05  2014,0.0005269999999999999
1827,Aug 04  2014,0.000618
1828,Aug 03  2014,0.000522
1829,Aug 02  2014,0.00056
1830,Aug 01  2014,0.0004940000000000001
1831,Jul 31  2014,0.000586
1832,Jul 30  2014,0.000454
1833,Jul 29  2014,0.00046800000000000005
1834,Jul 28  2014,0.000474
1835,Jul 27  2014,0.000647
1836,Jul 26  2014,0.0004469999999999999
1837,Jul 25  2014,0.000481
1838,Jul 24  2014,0.000692
1839,Jul 23  2014,0.000551
1840,Jul 22  2014,0.0006219999999999999
1841,Jul 21  2014,0.000647
1842,Jul 20  2014,0.000817
1843,Jul 19  2014,0.001169
1844,Jul 18  2014,0.001352
1845,Jul 17  2014,0.001402
1846,Jul 16  2014,0.0017890000000000002
1847,Jul 15  2014,0.001448
1848,Jul 14  2014,0.001115
1849,Jul 13  2014,0.001253
1850,Jul 12  2014,0.000989
1851,Jul 11  2014,0.000948
1852,Jul 10  2014,0.0011099999999999999
1853,Jul 09  2014,0.0008739999999999999
1854,Jul 08  2014,0.0008310000000000001
1855,Jul 07  2014,0.000874
1856,Jul 06  2014,0.0009539999999999999
1857,Jul 05  2014,0.0008210000000000001
1858,Jul 04  2014,0.0008199999999999999
1859,Jul 03  2014,0.000787
1860,Jul 02  2014,0.0007160000000000001
1861,Jul 01  2014,0.000768
1862,Jun 30  2014,0.001145
1863,Jun 29  2014,0.0009339999999999999
1864,Jun 28  2014,0.0009539999999999998
1865,Jun 27  2014,0.0009679999999999999
1866,Jun 26  2014,0.0010869999999999999
1867,Jun 25  2014,0.001053
1868,Jun 24  2014,0.0009449999999999999
1869,Jun 23  2014,0.00101
1870,Jun 22  2014,0.001024
1871,Jun 21  2014,0.0009179999999999999
1872,Jun 19  2014,0.001034
1873,Jun 18  2014,0.00082
1874,Jun 17  2014,0.001161
1875,Jun 16  2014,0.001218
1876,Jun 15  2014,0.001336
1877,Jun 14  2014,0.001204
1878,Jun 13  2014,0.001049
1879,Jun 12  2014,0.001074
1880,Jun 11  2014,0.001097
1881,Jun 10  2014,0.001058
1882,Jun 09  2014,0.0011099999999999999
1883,Jun 08  2014,0.001116
1884,Jun 07  2014,0.001179
1885,Jun 06  2014,0.001204
1886,Jun 05  2014,0.001126
1887,Jun 04  2014,0.001552
1888,Jun 03  2014,0.001609
1889,Jun 02  2014,0.0019140000000000001
1890,Jun 01  2014,0.0018620000000000004
1891,May 31  2014,0.001393
1892,May 30  2014,0.0017850000000000001
1893,May 29  2014,0.0018749999999999997
1894,May 28  2014,0.001603
1895,May 27  2014,0.0018219999999999998
1896,May 26  2014,0.002152
1897,May 25  2014,0.002168
1898,May 24  2014,0.0017280000000000004
1899,May 23  2014,0.0014320000000000001
1900,May 22  2014,0.0018339999999999997
1901,May 21  2014,0.00202
1902,May 20  2014,0.002186
1903,May 19  2014,0.001704
1904,May 18  2014,0.001945
1905,May 17  2014,0.001961
1906,May 16  2014,0.0018280000000000004
1907,May 15  2014,0.002425
1908,May 14  2014,0.0022329999999999997
1909,May 13  2014,0.0029289999999999997
1910,May 12  2014,0.003019
1911,May 11  2014,0.003535
1912,May 10  2014,0.003718
1913,May 09  2014,0.004678
1914,May 08  2014,0.005533
1915,May 07  2014,0.002384
1916,May 06  2014,0.002449
1917,May 05  2014,0.0019279999999999998
1918,May 04  2014,0.002395
1919,May 03  2014,0.002239
1920,May 02  2014,0.002918
1921,May 01  2014,0.002971
1922,Apr 30  2014,0.0033439999999999998
1923,Apr 29  2014,0.0031219999999999998
1924,Apr 28  2014,0.002689
1925,Apr 27  2014,0.0035569999999999994
1926,Apr 26  2014,0.003662
1927,Apr 25  2014,0.003932
1928,Apr 24  2014,0.005036
1929,Apr 23  2014,0.006667
1930,Apr 22  2014,0.006737000000000001
1931,Apr 21  2014,0.008956
1932,Apr 20  2014,0.014588
1933,Apr 19  2014,0.013551
1934,Apr 18  2014,0.012348999999999999
1935,Apr 17  2014,0.017066
1936,Apr 16  2014,0.01481
1937,Apr 15  2014,0.007743000000000001
1938,Apr 14  2014,0.019569
1939,Apr 13  2014,0.024114
1940,Apr 12  2014,0.012602
1941,Apr 11  2014,0.007904000000000001
1942,Apr 10  2014,0.005622
1943,Apr 09  2014,0.010142
1944,Apr 08  2014,0.00634
1945,Apr 07  2014,0.0033810000000000003
1946,Apr 06  2014,0.002878
1947,Apr 05  2014,0.002687
1948,Apr 04  2014,0.002236
1949,Apr 03  2014,0.0021809999999999998
1950,Apr 02  2014,0.0018489999999999997
1951,Apr 01  2014,0.0038799999999999998
1952,Mar 31  2014,0.0022919999999999998
1953,Mar 30  2014,0.0032560000000000006
1954,Mar 29  2014,0.001959
1955,Mar 28  2014,0.001492
1956,Mar 27  2014,0.001019
1957,Mar 26  2014,0.004098
1958,Mar 25  2014,0.0041340000000000005
1959,Mar 24  2014,0.004854
1960,Mar 23  2014,0.00412
1961,Mar 22  2014,0.004520000000000001
